2026-08-03 15:26:58.591 +05:30 [INF] User profile is available. Using 'C:\Users\kaustubh.bhatlawande\AppData\Local\ASP.NET\DataProtection-Keys' as key repository and Windows DPAPI to encrypt keys at rest.
2026-08-03 15:26:58.735 +05:30 [ERR] Hosting failed to start
System.IO.IOException: Failed to bind to address http://127.0.0.1:5000: address already in use.
 ---> Microsoft.AspNetCore.Connections.AddressInUseException: Only one usage of each socket address (protocol/network address/port) is normally permitted.
 ---> System.Net.Sockets.SocketException (10048): Only one usage of each socket address (protocol/network address/port) is normally permitted.
   at System.Net.Sockets.Socket.UpdateStatusAfterSocketErrorAndThrowException(SocketError error, Boolean disconnectOnFailure, String callerName)
   at System.Net.Sockets.Socket.DoBind(EndPoint endPointSnapshot, SocketAddress socketAddress)
   at System.Net.Sockets.Socket.Bind(EndPoint localEP)
   at Microsoft.AspNetCore.Server.Kestrel.Transport.Sockets.SocketTransportOptions.CreateDefaultBoundListenSocket(EndPoint endpoint)
   at Microsoft.AspNetCore.Server.Kestrel.Transport.Sockets.SocketConnectionListener.Bind()
   --- End of inner exception stack trace ---
   at Microsoft.AspNetCore.Server.Kestrel.Transport.Sockets.SocketConnectionListener.Bind()
   at Microsoft.AspNetCore.Server.Kestrel.Transport.Sockets.SocketTransportFactory.BindAsync(EndPoint endpoint, CancellationToken cancellationToken)
   at Microsoft.AspNetCore.Server.Kestrel.Core.Internal.Infrastructure.TransportManager.BindAsync(EndPoint endPoint, ConnectionDelegate connectionDelegate, EndpointConfig endpointConfig, CancellationToken cancellationToken)
   at Microsoft.AspNetCore.Server.Kestrel.Core.KestrelServerImpl.<>c__DisplayClass28_0`1.<<StartAsync>g__OnBind|0>d.MoveNext()
--- End of stack trace from previous location ---
   at Microsoft.AspNetCore.Server.Kestrel.Core.Internal.AddressBinder.BindEndpointAsync(ListenOptions endpoint, AddressBindContext context, CancellationToken cancellationToken)
   --- End of inner exception stack trace ---
   at Microsoft.AspNetCore.Server.Kestrel.Core.Internal.AddressBinder.BindEndpointAsync(ListenOptions endpoint, AddressBindContext context, CancellationToken cancellationToken)
   at Microsoft.AspNetCore.Server.Kestrel.Core.LocalhostListenOptions.BindAsync(AddressBindContext context, CancellationToken cancellationToken)
   at Microsoft.AspNetCore.Server.Kestrel.Core.Internal.AddressBinder.AddressesStrategy.BindAsync(AddressBindContext context, CancellationToken cancellationToken)
   at Microsoft.AspNetCore.Server.Kestrel.Core.KestrelServerImpl.BindAsync(CancellationToken cancellationToken)
   at Microsoft.AspNetCore.Server.Kestrel.Core.KestrelServerImpl.StartAsync[TContext](IHttpApplication`1 application, CancellationToken cancellationToken)
   at Microsoft.AspNetCore.Hosting.GenericWebHostService.StartAsync(CancellationToken cancellationToken)
   at Microsoft.Extensions.Hosting.Internal.Host.<StartAsync>b__14_1(IHostedService service, CancellationToken token)
   at Microsoft.Extensions.Hosting.Internal.Host.ForeachService[T](IEnumerable`1 services, CancellationToken token, Boolean concurrent, Boolean abortOnFirstException, List`1 exceptions, Func`3 operation)
2026-08-03 15:28:07.273 +05:30 [INF] User profile is available. Using 'C:\Users\kaustubh.bhatlawande\AppData\Local\ASP.NET\DataProtection-Keys' as key repository and Windows DPAPI to encrypt keys at rest.
2026-08-03 15:28:07.394 +05:30 [INF] Now listening on: http://localhost:5000
2026-08-03 15:28:07.397 +05:30 [INF] Application started. Press Ctrl+C to shut down.
2026-08-03 15:28:07.397 +05:30 [INF] Hosting environment: Development
2026-08-03 15:28:07.397 +05:30 [INF] Content root path: C:\Users\kaustubh.bhatlawande\Desktop\LMS Portal - Copy\backend\LmsPortal.API
2026-08-03 15:28:20.031 +05:30 [INF] Request starting HTTP/1.1 POST http://localhost:5000/api/auth/login/employee - application/json 25
2026-08-03 15:28:20.085 +05:30 [INF] Executing endpoint 'LmsPortal.API.Controllers.AuthController.LoginEmployee (LmsPortal.API)'
2026-08-03 15:28:20.102 +05:30 [INF] Route matched with {action = "LoginEmployee", controller = "Auth"}. Executing controller action with signature System.Threading.Tasks.Task`1[Microsoft.AspNetCore.Mvc.IActionResult] LoginEmployee(EmployeeLoginDto) on controller LmsPortal.API.Controllers.AuthController (LmsPortal.API).
2026-08-03 15:28:20.231 +05:30 [INF] Executing BadRequestObjectResult, writing value of type 'Microsoft.AspNetCore.Mvc.ValidationProblemDetails'.
2026-08-03 15:28:20.261 +05:30 [INF] Executed action LmsPortal.API.Controllers.AuthController.LoginEmployee (LmsPortal.API) in 152.3578ms
2026-08-03 15:28:20.262 +05:30 [INF] Executed endpoint 'LmsPortal.API.Controllers.AuthController.LoginEmployee (LmsPortal.API)'
2026-08-03 15:28:20.264 +05:30 [INF] HTTP POST /api/auth/login/employee responded 400 in 202.2557 ms
2026-08-03 15:28:20.268 +05:30 [INF] Request finished HTTP/1.1 POST http://localhost:5000/api/auth/login/employee - 400 null application/problem+json; charset=utf-8 238.2693ms
2026-08-03 15:28:23.505 +05:30 [INF] Request starting HTTP/1.1 POST http://localhost:5000/api/auth/login/employee - application/json 23
2026-08-03 15:28:23.510 +05:30 [INF] Executing endpoint 'LmsPortal.API.Controllers.AuthController.LoginEmployee (LmsPortal.API)'
2026-08-03 15:28:23.510 +05:30 [INF] Route matched with {action = "LoginEmployee", controller = "Auth"}. Executing controller action with signature System.Threading.Tasks.Task`1[Microsoft.AspNetCore.Mvc.IActionResult] LoginEmployee(EmployeeLoginDto) on controller LmsPortal.API.Controllers.AuthController (LmsPortal.API).
2026-08-03 15:28:23.525 +05:30 [INF] Executing BadRequestObjectResult, writing value of type 'Microsoft.AspNetCore.Mvc.ValidationProblemDetails'.
2026-08-03 15:28:23.527 +05:30 [INF] Executed action LmsPortal.API.Controllers.AuthController.LoginEmployee (LmsPortal.API) in 16.2437ms
2026-08-03 15:28:23.527 +05:30 [INF] Executed endpoint 'LmsPortal.API.Controllers.AuthController.LoginEmployee (LmsPortal.API)'
2026-08-03 15:28:23.528 +05:30 [INF] HTTP POST /api/auth/login/employee responded 400 in 21.3596 ms
2026-08-03 15:28:23.530 +05:30 [INF] Request finished HTTP/1.1 POST http://localhost:5000/api/auth/login/employee - 400 null application/problem+json; charset=utf-8 25.5773ms
2026-08-03 15:28:45.431 +05:30 [INF] User profile is available. Using 'C:\Users\kaustubh.bhatlawande\AppData\Local\ASP.NET\DataProtection-Keys' as key repository and Windows DPAPI to encrypt keys at rest.
2026-08-03 15:28:45.538 +05:30 [INF] Now listening on: http://localhost:5000
2026-08-03 15:28:45.540 +05:30 [INF] Application started. Press Ctrl+C to shut down.
2026-08-03 15:28:45.540 +05:30 [INF] Hosting environment: Development
2026-08-03 15:28:45.540 +05:30 [INF] Content root path: C:\Users\kaustubh.bhatlawande\Desktop\LMS Portal - Copy\backend\LmsPortal.API
2026-08-03 15:28:50.188 +05:30 [INF] Request starting HTTP/1.1 POST http://localhost:5000/api/auth/login/employee - application/json 23
2026-08-03 15:28:50.240 +05:30 [INF] Executing endpoint 'LmsPortal.API.Controllers.AuthController.LoginEmployee (LmsPortal.API)'
2026-08-03 15:28:50.257 +05:30 [INF] Route matched with {action = "LoginEmployee", controller = "Auth"}. Executing controller action with signature System.Threading.Tasks.Task`1[Microsoft.AspNetCore.Mvc.IActionResult] LoginEmployee(EmployeeLoginDto) on controller LmsPortal.API.Controllers.AuthController (LmsPortal.API).
2026-08-03 15:28:50.378 +05:30 [INF] Executing BadRequestObjectResult, writing value of type 'Microsoft.AspNetCore.Mvc.ValidationProblemDetails'.
2026-08-03 15:28:50.403 +05:30 [INF] Executed action LmsPortal.API.Controllers.AuthController.LoginEmployee (LmsPortal.API) in 143.4234ms
2026-08-03 15:28:50.404 +05:30 [INF] Executed endpoint 'LmsPortal.API.Controllers.AuthController.LoginEmployee (LmsPortal.API)'
2026-08-03 15:28:50.406 +05:30 [INF] HTTP POST /api/auth/login/employee responded 400 in 185.5157 ms
2026-08-03 15:28:50.409 +05:30 [INF] Request finished HTTP/1.1 POST http://localhost:5000/api/auth/login/employee - 400 null application/problem+json; charset=utf-8 221.5274ms
2026-08-03 15:29:07.416 +05:30 [INF] Request starting HTTP/1.1 POST http://localhost:5000/api/auth/login/employee - application/json 24
2026-08-03 15:29:07.420 +05:30 [INF] Executing endpoint 'LmsPortal.API.Controllers.AuthController.LoginEmployee (LmsPortal.API)'
2026-08-03 15:29:07.420 +05:30 [INF] Route matched with {action = "LoginEmployee", controller = "Auth"}. Executing controller action with signature System.Threading.Tasks.Task`1[Microsoft.AspNetCore.Mvc.IActionResult] LoginEmployee(EmployeeLoginDto) on controller LmsPortal.API.Controllers.AuthController (LmsPortal.API).
2026-08-03 15:29:07.979 +05:30 [WRN] Entity 'AssessmentAttempt' has a global query filter defined and is the required end of a relationship with the entity 'AssessmentAnswer'. This may lead to unexpected results when the required entity is filtered out. Either configure the navigation as optional, or define matching query filters for both entities in the navigation. See https://go.microsoft.com/fwlink/?linkid=2131316 for more information.
2026-08-03 15:29:07.979 +05:30 [WRN] Entity 'Certificate' has a global query filter defined and is the required end of a relationship with the entity 'CertificateVerificationLog'. This may lead to unexpected results when the required entity is filtered out. Either configure the navigation as optional, or define matching query filters for both entities in the navigation. See https://go.microsoft.com/fwlink/?linkid=2131316 for more information.
2026-08-03 15:29:07.979 +05:30 [WRN] Entity 'Permission' has a global query filter defined and is the required end of a relationship with the entity 'RolePermission'. This may lead to unexpected results when the required entity is filtered out. Either configure the navigation as optional, or define matching query filters for both entities in the navigation. See https://go.microsoft.com/fwlink/?linkid=2131316 for more information.
2026-08-03 15:29:08.071 +05:30 [WRN] No store type was specified for the decimal property 'PassingScorePercentage' on entity type 'Assessment'. This will cause values to be silently truncated if they do not fit in the default precision and scale. Explicitly specify the SQL server column type that can accommodate all the values in 'OnModelCreating' using 'HasColumnType', specify precision and scale using 'HasPrecision', or configure a value converter using 'HasConversion'.
2026-08-03 15:29:08.071 +05:30 [WRN] No store type was specified for the decimal property 'PointsAwarded' on entity type 'AssessmentAnswer'. This will cause values to be silently truncated if they do not fit in the default precision and scale. Explicitly specify the SQL server column type that can accommodate all the values in 'OnModelCreating' using 'HasColumnType', specify precision and scale using 'HasPrecision', or configure a value converter using 'HasConversion'.
2026-08-03 15:29:08.071 +05:30 [WRN] No store type was specified for the decimal property 'ScorePercentage' on entity type 'AssessmentAttempt'. This will cause values to be silently truncated if they do not fit in the default precision and scale. Explicitly specify the SQL server column type that can accommodate all the values in 'OnModelCreating' using 'HasColumnType', specify precision and scale using 'HasPrecision', or configure a value converter using 'HasConversion'.
2026-08-03 15:29:08.071 +05:30 [WRN] No store type was specified for the decimal property 'Points' on entity type 'AssessmentQuestion'. This will cause values to be silently truncated if they do not fit in the default precision and scale. Explicitly specify the SQL server column type that can accommodate all the values in 'OnModelCreating' using 'HasColumnType', specify precision and scale using 'HasPrecision', or configure a value converter using 'HasConversion'.
2026-08-03 15:29:08.071 +05:30 [WRN] No store type was specified for the decimal property 'PassingScorePercentage' on entity type 'Course'. This will cause values to be silently truncated if they do not fit in the default precision and scale. Explicitly specify the SQL server column type that can accommodate all the values in 'OnModelCreating' using 'HasColumnType', specify precision and scale using 'HasPrecision', or configure a value converter using 'HasConversion'.
2026-08-03 15:29:08.071 +05:30 [WRN] No store type was specified for the decimal property 'TotalSeconds' on entity type 'LessonProgress'. This will cause values to be silently truncated if they do not fit in the default precision and scale. Explicitly specify the SQL server column type that can accommodate all the values in 'OnModelCreating' using 'HasColumnType', specify precision and scale using 'HasPrecision', or configure a value converter using 'HasConversion'.
2026-08-03 15:29:08.071 +05:30 [WRN] No store type was specified for the decimal property 'WatchedSeconds' on entity type 'LessonProgress'. This will cause values to be silently truncated if they do not fit in the default precision and scale. Explicitly specify the SQL server column type that can accommodate all the values in 'OnModelCreating' using 'HasColumnType', specify precision and scale using 'HasPrecision', or configure a value converter using 'HasConversion'.
2026-08-03 15:29:08.813 +05:30 [ERR] An error occurred using the connection to database 'LMS-Portal' on server '192.168.2.5'.
2026-08-03 15:29:08.828 +05:30 [ERR] An exception occurred while iterating over the results of a query for context type 'LmsPortal.API.Data.LmsDbContext'.
Microsoft.Data.SqlClient.SqlException (0x80131904): Login failed for user 'kaustubh.bhatlawande'.
   at Microsoft.Data.SqlClient.SqlInternalConnection.OnError(SqlException exception, Boolean breakConnection, Action`1 wrapCloseInAction)
   at Microsoft.Data.SqlClient.TdsParser.ThrowExceptionAndWarning(TdsParserStateObject stateObj, Boolean callerHasConnectionLock, Boolean asyncClose)
   at Microsoft.Data.SqlClient.TdsParser.TryRun(RunBehavior runBehavior, SqlCommand cmdHandler, SqlDataReader dataStream, BulkCopySimpleResultSet bulkCopyHandler, TdsParserStateObject stateObj, Boolean& dataReady)
   at Microsoft.Data.SqlClient.TdsParser.Run(RunBehavior runBehavior, SqlCommand cmdHandler, SqlDataReader dataStream, BulkCopySimpleResultSet bulkCopyHandler, TdsParserStateObject stateObj)
   at Microsoft.Data.SqlClient.SqlInternalConnectionTds.CompleteLogin(Boolean enlistOK)
   at Microsoft.Data.SqlClient.SqlInternalConnectionTds.AttemptOneLogin(ServerInfo serverInfo, String newPassword, SecureString newSecurePassword, Boolean ignoreSniOpenTimeout, TimeoutTimer timeout, Boolean withFailover)
   at Microsoft.Data.SqlClient.SqlInternalConnectionTds.LoginNoFailover(ServerInfo serverInfo, String newPassword, SecureString newSecurePassword, Boolean redirectedUserInstance, SqlConnectionString connectionOptions, SqlCredential credential, TimeoutTimer timeout)
   at Microsoft.Data.SqlClient.SqlInternalConnectionTds.OpenLoginEnlist(TimeoutTimer timeout, SqlConnectionString connectionOptions, SqlCredential credential, String newPassword, SecureString newSecurePassword, Boolean redirectedUserInstance)
   at Microsoft.Data.SqlClient.SqlInternalConnectionTds..ctor(DbConnectionPoolIdentity identity, SqlConnectionString connectionOptions, SqlCredential credential, Object providerInfo, String newPassword, SecureString newSecurePassword, Boolean redirectedUserInstance, SqlConnectionString userConnectionOptions, SessionData reconnectSessionData, Boolean applyTransientFaultHandling, String accessToken, DbConnectionPool pool)
   at Microsoft.Data.SqlClient.SqlConnectionFactory.CreateConnection(DbConnectionOptions options, DbConnectionPoolKey poolKey, Object poolGroupProviderInfo, DbConnectionPool pool, DbConnection owningConnection, DbConnectionOptions userOptions)
   at Microsoft.Data.ProviderBase.DbConnectionFactory.CreatePooledConnection(DbConnectionPool pool, DbConnection owningObject, DbConnectionOptions options, DbConnectionPoolKey poolKey, DbConnectionOptions userOptions)
   at Microsoft.Data.ProviderBase.DbConnectionPool.CreateObject(DbConnection owningObject, DbConnectionOptions userOptions, DbConnectionInternal oldConnection)
   at Microsoft.Data.ProviderBase.DbConnectionPool.UserCreateRequest(DbConnection owningObject, DbConnectionOptions userOptions, DbConnectionInternal oldConnection)
   at Microsoft.Data.ProviderBase.DbConnectionPool.TryGetConnection(DbConnection owningObject, UInt32 waitForMultipleObjectsTimeout, Boolean allowCreate, Boolean onlyOneCheckConnection, DbConnectionOptions userOptions, DbConnectionInternal& connection)
   at Microsoft.Data.ProviderBase.DbConnectionPool.WaitForPendingOpen()
--- End of stack trace from previous location ---
   at Microsoft.EntityFrameworkCore.Storage.RelationalConnection.OpenInternalAsync(Boolean errorsExpected, CancellationToken cancellationToken)
   at Microsoft.EntityFrameworkCore.Storage.RelationalConnection.OpenInternalAsync(Boolean errorsExpected, CancellationToken cancellationToken)
   at Microsoft.EntityFrameworkCore.Storage.RelationalConnection.OpenAsync(CancellationToken cancellationToken, Boolean errorsExpected)
   at Microsoft.EntityFrameworkCore.Storage.RelationalCommand.ExecuteReaderAsync(RelationalCommandParameterObject parameterObject, CancellationToken cancellationToken)
   at Microsoft.EntityFrameworkCore.Query.Internal.SingleQueryingEnumerable`1.AsyncEnumerator.InitializeReaderAsync(AsyncEnumerator enumerator, CancellationToken cancellationToken)
   at Microsoft.EntityFrameworkCore.Storage.ExecutionStrategy.<>c__DisplayClass30_0`2.<<ExecuteAsync>b__0>d.MoveNext()
--- End of stack trace from previous location ---
   at Microsoft.EntityFrameworkCore.Storage.ExecutionStrategy.ExecuteImplementationAsync[TState,TResult](Func`4 operation, Func`4 verifySucceeded, TState state, CancellationToken cancellationToken)
   at Microsoft.EntityFrameworkCore.Storage.ExecutionStrategy.ExecuteImplementationAsync[TState,TResult](Func`4 operation, Func`4 verifySucceeded, TState state, CancellationToken cancellationToken)
   at Microsoft.EntityFrameworkCore.Storage.ExecutionStrategy.ExecuteAsync[TState,TResult](TState state, Func`4 operation, Func`4 verifySucceeded, CancellationToken cancellationToken)
   at Microsoft.EntityFrameworkCore.Query.Internal.SingleQueryingEnumerable`1.AsyncEnumerator.MoveNextAsync()
ClientConnectionId:15fe2b25-af7f-4e84-9467-526dfaf3a391
Error Number:18456,State:1,Class:14
Microsoft.Data.SqlClient.SqlException (0x80131904): Login failed for user 'kaustubh.bhatlawande'.
   at Microsoft.Data.SqlClient.SqlInternalConnection.OnError(SqlException exception, Boolean breakConnection, Action`1 wrapCloseInAction)
   at Microsoft.Data.SqlClient.TdsParser.ThrowExceptionAndWarning(TdsParserStateObject stateObj, Boolean callerHasConnectionLock, Boolean asyncClose)
   at Microsoft.Data.SqlClient.TdsParser.TryRun(RunBehavior runBehavior, SqlCommand cmdHandler, SqlDataReader dataStream, BulkCopySimpleResultSet bulkCopyHandler, TdsParserStateObject stateObj, Boolean& dataReady)
   at Microsoft.Data.SqlClient.TdsParser.Run(RunBehavior runBehavior, SqlCommand cmdHandler, SqlDataReader dataStream, BulkCopySimpleResultSet bulkCopyHandler, TdsParserStateObject stateObj)
   at Microsoft.Data.SqlClient.SqlInternalConnectionTds.CompleteLogin(Boolean enlistOK)
   at Microsoft.Data.SqlClient.SqlInternalConnectionTds.AttemptOneLogin(ServerInfo serverInfo, String newPassword, SecureString newSecurePassword, Boolean ignoreSniOpenTimeout, TimeoutTimer timeout, Boolean withFailover)
   at Microsoft.Data.SqlClient.SqlInternalConnectionTds.LoginNoFailover(ServerInfo serverInfo, String newPassword, SecureString newSecurePassword, Boolean redirectedUserInstance, SqlConnectionString connectionOptions, SqlCredential credential, TimeoutTimer timeout)
   at Microsoft.Data.SqlClient.SqlInternalConnectionTds.OpenLoginEnlist(TimeoutTimer timeout, SqlConnectionString connectionOptions, SqlCredential credential, String newPassword, SecureString newSecurePassword, Boolean redirectedUserInstance)
   at Microsoft.Data.SqlClient.SqlInternalConnectionTds..ctor(DbConnectionPoolIdentity identity, SqlConnectionString connectionOptions, SqlCredential credential, Object providerInfo, String newPassword, SecureString newSecurePassword, Boolean redirectedUserInstance, SqlConnectionString userConnectionOptions, SessionData reconnectSessionData, Boolean applyTransientFaultHandling, String accessToken, DbConnectionPool pool)
   at Microsoft.Data.SqlClient.SqlConnectionFactory.CreateConnection(DbConnectionOptions options, DbConnectionPoolKey poolKey, Object poolGroupProviderInfo, DbConnectionPool pool, DbConnection owningConnection, DbConnectionOptions userOptions)
   at Microsoft.Data.ProviderBase.DbConnectionFactory.CreatePooledConnection(DbConnectionPool pool, DbConnection owningObject, DbConnectionOptions options, DbConnectionPoolKey poolKey, DbConnectionOptions userOptions)
   at Microsoft.Data.ProviderBase.DbConnectionPool.CreateObject(DbConnection owningObject, DbConnectionOptions userOptions, DbConnectionInternal oldConnection)
   at Microsoft.Data.ProviderBase.DbConnectionPool.UserCreateRequest(DbConnection owningObject, DbConnectionOptions userOptions, DbConnectionInternal oldConnection)
   at Microsoft.Data.ProviderBase.DbConnectionPool.TryGetConnection(DbConnection owningObject, UInt32 waitForMultipleObjectsTimeout, Boolean allowCreate, Boolean onlyOneCheckConnection, DbConnectionOptions userOptions, DbConnectionInternal& connection)
   at Microsoft.Data.ProviderBase.DbConnectionPool.WaitForPendingOpen()
--- End of stack trace from previous location ---
   at Microsoft.EntityFrameworkCore.Storage.RelationalConnection.OpenInternalAsync(Boolean errorsExpected, CancellationToken cancellationToken)
   at Microsoft.EntityFrameworkCore.Storage.RelationalConnection.OpenInternalAsync(Boolean errorsExpected, CancellationToken cancellationToken)
   at Microsoft.EntityFrameworkCore.Storage.RelationalConnection.OpenAsync(CancellationToken cancellationToken, Boolean errorsExpected)
   at Microsoft.EntityFrameworkCore.Storage.RelationalCommand.ExecuteReaderAsync(RelationalCommandParameterObject parameterObject, CancellationToken cancellationToken)
   at Microsoft.EntityFrameworkCore.Query.Internal.SingleQueryingEnumerable`1.AsyncEnumerator.InitializeReaderAsync(AsyncEnumerator enumerator, CancellationToken cancellationToken)
   at Microsoft.EntityFrameworkCore.Storage.ExecutionStrategy.<>c__DisplayClass30_0`2.<<ExecuteAsync>b__0>d.MoveNext()
--- End of stack trace from previous location ---
   at Microsoft.EntityFrameworkCore.Storage.ExecutionStrategy.ExecuteImplementationAsync[TState,TResult](Func`4 operation, Func`4 verifySucceeded, TState state, CancellationToken cancellationToken)
   at Microsoft.EntityFrameworkCore.Storage.ExecutionStrategy.ExecuteImplementationAsync[TState,TResult](Func`4 operation, Func`4 verifySucceeded, TState state, CancellationToken cancellationToken)
   at Microsoft.EntityFrameworkCore.Storage.ExecutionStrategy.ExecuteAsync[TState,TResult](TState state, Func`4 operation, Func`4 verifySucceeded, CancellationToken cancellationToken)
   at Microsoft.EntityFrameworkCore.Query.Internal.SingleQueryingEnumerable`1.AsyncEnumerator.MoveNextAsync()
ClientConnectionId:15fe2b25-af7f-4e84-9467-526dfaf3a391
Error Number:18456,State:1,Class:14
2026-08-03 15:29:08.834 +05:30 [INF] Executed action LmsPortal.API.Controllers.AuthController.LoginEmployee (LmsPortal.API) in 1414.1272ms
2026-08-03 15:29:08.835 +05:30 [INF] Executed endpoint 'LmsPortal.API.Controllers.AuthController.LoginEmployee (LmsPortal.API)'
2026-08-03 15:29:08.836 +05:30 [ERR] HTTP POST /api/auth/login/employee responded 500 in 1417.8208 ms
Microsoft.Data.SqlClient.SqlException (0x80131904): Login failed for user 'kaustubh.bhatlawande'.
   at Microsoft.Data.SqlClient.SqlInternalConnection.OnError(SqlException exception, Boolean breakConnection, Action`1 wrapCloseInAction)
   at Microsoft.Data.SqlClient.TdsParser.ThrowExceptionAndWarning(TdsParserStateObject stateObj, Boolean callerHasConnectionLock, Boolean asyncClose)
   at Microsoft.Data.SqlClient.TdsParser.TryRun(RunBehavior runBehavior, SqlCommand cmdHandler, SqlDataReader dataStream, BulkCopySimpleResultSet bulkCopyHandler, TdsParserStateObject stateObj, Boolean& dataReady)
   at Microsoft.Data.SqlClient.TdsParser.Run(RunBehavior runBehavior, SqlCommand cmdHandler, SqlDataReader dataStream, BulkCopySimpleResultSet bulkCopyHandler, TdsParserStateObject stateObj)
   at Microsoft.Data.SqlClient.SqlInternalConnectionTds.CompleteLogin(Boolean enlistOK)
   at Microsoft.Data.SqlClient.SqlInternalConnectionTds.AttemptOneLogin(ServerInfo serverInfo, String newPassword, SecureString newSecurePassword, Boolean ignoreSniOpenTimeout, TimeoutTimer timeout, Boolean withFailover)
   at Microsoft.Data.SqlClient.SqlInternalConnectionTds.LoginNoFailover(ServerInfo serverInfo, String newPassword, SecureString newSecurePassword, Boolean redirectedUserInstance, SqlConnectionString connectionOptions, SqlCredential credential, TimeoutTimer timeout)
   at Microsoft.Data.SqlClient.SqlInternalConnectionTds.OpenLoginEnlist(TimeoutTimer timeout, SqlConnectionString connectionOptions, SqlCredential credential, String newPassword, SecureString newSecurePassword, Boolean redirectedUserInstance)
   at Microsoft.Data.SqlClient.SqlInternalConnectionTds..ctor(DbConnectionPoolIdentity identity, SqlConnectionString connectionOptions, SqlCredential credential, Object providerInfo, String newPassword, SecureString newSecurePassword, Boolean redirectedUserInstance, SqlConnectionString userConnectionOptions, SessionData reconnectSessionData, Boolean applyTransientFaultHandling, String accessToken, DbConnectionPool pool)
   at Microsoft.Data.SqlClient.SqlConnectionFactory.CreateConnection(DbConnectionOptions options, DbConnectionPoolKey poolKey, Object poolGroupProviderInfo, DbConnectionPool pool, DbConnection owningConnection, DbConnectionOptions userOptions)
   at Microsoft.Data.ProviderBase.DbConnectionFactory.CreatePooledConnection(DbConnectionPool pool, DbConnection owningObject, DbConnectionOptions options, DbConnectionPoolKey poolKey, DbConnectionOptions userOptions)
   at Microsoft.Data.ProviderBase.DbConnectionPool.CreateObject(DbConnection owningObject, DbConnectionOptions userOptions, DbConnectionInternal oldConnection)
   at Microsoft.Data.ProviderBase.DbConnectionPool.UserCreateRequest(DbConnection owningObject, DbConnectionOptions userOptions, DbConnectionInternal oldConnection)
   at Microsoft.Data.ProviderBase.DbConnectionPool.TryGetConnection(DbConnection owningObject, UInt32 waitForMultipleObjectsTimeout, Boolean allowCreate, Boolean onlyOneCheckConnection, DbConnectionOptions userOptions, DbConnectionInternal& connection)
   at Microsoft.Data.ProviderBase.DbConnectionPool.WaitForPendingOpen()
--- End of stack trace from previous location ---
   at Microsoft.EntityFrameworkCore.Storage.RelationalConnection.OpenInternalAsync(Boolean errorsExpected, CancellationToken cancellationToken)
   at Microsoft.EntityFrameworkCore.Storage.RelationalConnection.OpenInternalAsync(Boolean errorsExpected, CancellationToken cancellationToken)
   at Microsoft.EntityFrameworkCore.Storage.RelationalConnection.OpenAsync(CancellationToken cancellationToken, Boolean errorsExpected)
   at Microsoft.EntityFrameworkCore.Storage.RelationalCommand.ExecuteReaderAsync(RelationalCommandParameterObject parameterObject, CancellationToken cancellationToken)
   at Microsoft.EntityFrameworkCore.Query.Internal.SingleQueryingEnumerable`1.AsyncEnumerator.InitializeReaderAsync(AsyncEnumerator enumerator, CancellationToken cancellationToken)
   at Microsoft.EntityFrameworkCore.Storage.ExecutionStrategy.<>c__DisplayClass30_0`2.<<ExecuteAsync>b__0>d.MoveNext()
--- End of stack trace from previous location ---
   at Microsoft.EntityFrameworkCore.Storage.ExecutionStrategy.ExecuteImplementationAsync[TState,TResult](Func`4 operation, Func`4 verifySucceeded, TState state, CancellationToken cancellationToken)
   at Microsoft.EntityFrameworkCore.Storage.ExecutionStrategy.ExecuteImplementationAsync[TState,TResult](Func`4 operation, Func`4 verifySucceeded, TState state, CancellationToken cancellationToken)
   at Microsoft.EntityFrameworkCore.Storage.ExecutionStrategy.ExecuteAsync[TState,TResult](TState state, Func`4 operation, Func`4 verifySucceeded, CancellationToken cancellationToken)
   at Microsoft.EntityFrameworkCore.Query.Internal.SingleQueryingEnumerable`1.AsyncEnumerator.MoveNextAsync()
   at Microsoft.EntityFrameworkCore.Query.ShapedQueryCompilingExpressionVisitor.SingleOrDefaultAsync[TSource](IAsyncEnumerable`1 asyncEnumerable, CancellationToken cancellationToken)
   at Microsoft.EntityFrameworkCore.Query.ShapedQueryCompilingExpressionVisitor.SingleOrDefaultAsync[TSource](IAsyncEnumerable`1 asyncEnumerable, CancellationToken cancellationToken)
   at LmsPortal.API.Controllers.AuthController.LoginEmployee(EmployeeLoginDto dto) in C:\Users\kaustubh.bhatlawande\Desktop\LMS Portal - Copy\backend\LmsPortal.API\Controllers\AuthController.cs:line 104
   at Microsoft.AspNetCore.Mvc.Infrastructure.ActionMethodExecutor.TaskOfIActionResultExecutor.Execute(ActionContext actionContext, IActionResultTypeMapper mapper, ObjectMethodExecutor executor, Object controller, Object[] arguments)
   at Microsoft.AspNetCore.Mvc.Infrastructure.ControllerActionInvoker.<InvokeActionMethodAsync>g__Awaited|12_0(ControllerActionInvoker invoker, ValueTask`1 actionResultValueTask)
   at Microsoft.AspNetCore.Mvc.Infrastructure.ControllerActionInvoker.<InvokeNextActionFilterAsync>g__Awaited|10_0(ControllerActionInvoker invoker, Task lastTask, State next, Scope scope, Object state, Boolean isCompleted)
   at Microsoft.AspNetCore.Mvc.Infrastructure.ControllerActionInvoker.Rethrow(ActionExecutedContextSealed context)
   at Microsoft.AspNetCore.Mvc.Infrastructure.ControllerActionInvoker.Next(State& next, Scope& scope, Object& state, Boolean& isCompleted)
   at Microsoft.AspNetCore.Mvc.Infrastructure.ControllerActionInvoker.<InvokeInnerFilterAsync>g__Awaited|13_0(ControllerActionInvoker invoker, Task lastTask, State next, Scope scope, Object state, Boolean isCompleted)
   at Microsoft.AspNetCore.Mvc.Infrastructure.ResourceInvoker.<InvokeFilterPipelineAsync>g__Awaited|20_0(ResourceInvoker invoker, Task lastTask, State next, Scope scope, Object state, Boolean isCompleted)
   at Microsoft.AspNetCore.Mvc.Infrastructure.ResourceInvoker.<InvokeAsync>g__Logged|17_1(ResourceInvoker invoker)
   at Microsoft.AspNetCore.Mvc.Infrastructure.ResourceInvoker.<InvokeAsync>g__Logged|17_1(ResourceInvoker invoker)
   at Microsoft.AspNetCore.Routing.EndpointMiddleware.<Invoke>g__AwaitRequestTask|7_0(Endpoint endpoint, Task requestTask, ILogger logger)
   at Microsoft.AspNetCore.Authorization.AuthorizationMiddleware.Invoke(HttpContext context)
   at Microsoft.AspNetCore.Authentication.AuthenticationMiddleware.Invoke(HttpContext context)
   at Serilog.AspNetCore.RequestLoggingMiddleware.Invoke(HttpContext httpContext)
ClientConnectionId:15fe2b25-af7f-4e84-9467-526dfaf3a391
Error Number:18456,State:1,Class:14
2026-08-03 15:29:08.848 +05:30 [ERR] An unhandled exception has occurred while executing the request.
Microsoft.Data.SqlClient.SqlException (0x80131904): Login failed for user 'kaustubh.bhatlawande'.
   at Microsoft.Data.SqlClient.SqlInternalConnection.OnError(SqlException exception, Boolean breakConnection, Action`1 wrapCloseInAction)
   at Microsoft.Data.SqlClient.TdsParser.ThrowExceptionAndWarning(TdsParserStateObject stateObj, Boolean callerHasConnectionLock, Boolean asyncClose)
   at Microsoft.Data.SqlClient.TdsParser.TryRun(RunBehavior runBehavior, SqlCommand cmdHandler, SqlDataReader dataStream, BulkCopySimpleResultSet bulkCopyHandler, TdsParserStateObject stateObj, Boolean& dataReady)
   at Microsoft.Data.SqlClient.TdsParser.Run(RunBehavior runBehavior, SqlCommand cmdHandler, SqlDataReader dataStream, BulkCopySimpleResultSet bulkCopyHandler, TdsParserStateObject stateObj)
   at Microsoft.Data.SqlClient.SqlInternalConnectionTds.CompleteLogin(Boolean enlistOK)
   at Microsoft.Data.SqlClient.SqlInternalConnectionTds.AttemptOneLogin(ServerInfo serverInfo, String newPassword, SecureString newSecurePassword, Boolean ignoreSniOpenTimeout, TimeoutTimer timeout, Boolean withFailover)
   at Microsoft.Data.SqlClient.SqlInternalConnectionTds.LoginNoFailover(ServerInfo serverInfo, String newPassword, SecureString newSecurePassword, Boolean redirectedUserInstance, SqlConnectionString connectionOptions, SqlCredential credential, TimeoutTimer timeout)
   at Microsoft.Data.SqlClient.SqlInternalConnectionTds.OpenLoginEnlist(TimeoutTimer timeout, SqlConnectionString connectionOptions, SqlCredential credential, String newPassword, SecureString newSecurePassword, Boolean redirectedUserInstance)
   at Microsoft.Data.SqlClient.SqlInternalConnectionTds..ctor(DbConnectionPoolIdentity identity, SqlConnectionString connectionOptions, SqlCredential credential, Object providerInfo, String newPassword, SecureString newSecurePassword, Boolean redirectedUserInstance, SqlConnectionString userConnectionOptions, SessionData reconnectSessionData, Boolean applyTransientFaultHandling, String accessToken, DbConnectionPool pool)
   at Microsoft.Data.SqlClient.SqlConnectionFactory.CreateConnection(DbConnectionOptions options, DbConnectionPoolKey poolKey, Object poolGroupProviderInfo, DbConnectionPool pool, DbConnection owningConnection, DbConnectionOptions userOptions)
   at Microsoft.Data.ProviderBase.DbConnectionFactory.CreatePooledConnection(DbConnectionPool pool, DbConnection owningObject, DbConnectionOptions options, DbConnectionPoolKey poolKey, DbConnectionOptions userOptions)
   at Microsoft.Data.ProviderBase.DbConnectionPool.CreateObject(DbConnection owningObject, DbConnectionOptions userOptions, DbConnectionInternal oldConnection)
   at Microsoft.Data.ProviderBase.DbConnectionPool.UserCreateRequest(DbConnection owningObject, DbConnectionOptions userOptions, DbConnectionInternal oldConnection)
   at Microsoft.Data.ProviderBase.DbConnectionPool.TryGetConnection(DbConnection owningObject, UInt32 waitForMultipleObjectsTimeout, Boolean allowCreate, Boolean onlyOneCheckConnection, DbConnectionOptions userOptions, DbConnectionInternal& connection)
   at Microsoft.Data.ProviderBase.DbConnectionPool.WaitForPendingOpen()
--- End of stack trace from previous location ---
   at Microsoft.EntityFrameworkCore.Storage.RelationalConnection.OpenInternalAsync(Boolean errorsExpected, CancellationToken cancellationToken)
   at Microsoft.EntityFrameworkCore.Storage.RelationalConnection.OpenInternalAsync(Boolean errorsExpected, CancellationToken cancellationToken)
   at Microsoft.EntityFrameworkCore.Storage.RelationalConnection.OpenAsync(CancellationToken cancellationToken, Boolean errorsExpected)
   at Microsoft.EntityFrameworkCore.Storage.RelationalCommand.ExecuteReaderAsync(RelationalCommandParameterObject parameterObject, CancellationToken cancellationToken)
   at Microsoft.EntityFrameworkCore.Query.Internal.SingleQueryingEnumerable`1.AsyncEnumerator.InitializeReaderAsync(AsyncEnumerator enumerator, CancellationToken cancellationToken)
   at Microsoft.EntityFrameworkCore.Storage.ExecutionStrategy.<>c__DisplayClass30_0`2.<<ExecuteAsync>b__0>d.MoveNext()
--- End of stack trace from previous location ---
   at Microsoft.EntityFrameworkCore.Storage.ExecutionStrategy.ExecuteImplementationAsync[TState,TResult](Func`4 operation, Func`4 verifySucceeded, TState state, CancellationToken cancellationToken)
   at Microsoft.EntityFrameworkCore.Storage.ExecutionStrategy.ExecuteImplementationAsync[TState,TResult](Func`4 operation, Func`4 verifySucceeded, TState state, CancellationToken cancellationToken)
   at Microsoft.EntityFrameworkCore.Storage.ExecutionStrategy.ExecuteAsync[TState,TResult](TState state, Func`4 operation, Func`4 verifySucceeded, CancellationToken cancellationToken)
   at Microsoft.EntityFrameworkCore.Query.Internal.SingleQueryingEnumerable`1.AsyncEnumerator.MoveNextAsync()
   at Microsoft.EntityFrameworkCore.Query.ShapedQueryCompilingExpressionVisitor.SingleOrDefaultAsync[TSource](IAsyncEnumerable`1 asyncEnumerable, CancellationToken cancellationToken)
   at Microsoft.EntityFrameworkCore.Query.ShapedQueryCompilingExpressionVisitor.SingleOrDefaultAsync[TSource](IAsyncEnumerable`1 asyncEnumerable, CancellationToken cancellationToken)
   at LmsPortal.API.Controllers.AuthController.LoginEmployee(EmployeeLoginDto dto) in C:\Users\kaustubh.bhatlawande\Desktop\LMS Portal - Copy\backend\LmsPortal.API\Controllers\AuthController.cs:line 104
   at Microsoft.AspNetCore.Mvc.Infrastructure.ActionMethodExecutor.TaskOfIActionResultExecutor.Execute(ActionContext actionContext, IActionResultTypeMapper mapper, ObjectMethodExecutor executor, Object controller, Object[] arguments)
   at Microsoft.AspNetCore.Mvc.Infrastructure.ControllerActionInvoker.<InvokeActionMethodAsync>g__Awaited|12_0(ControllerActionInvoker invoker, ValueTask`1 actionResultValueTask)
   at Microsoft.AspNetCore.Mvc.Infrastructure.ControllerActionInvoker.<InvokeNextActionFilterAsync>g__Awaited|10_0(ControllerActionInvoker invoker, Task lastTask, State next, Scope scope, Object state, Boolean isCompleted)
   at Microsoft.AspNetCore.Mvc.Infrastructure.ControllerActionInvoker.Rethrow(ActionExecutedContextSealed context)
   at Microsoft.AspNetCore.Mvc.Infrastructure.ControllerActionInvoker.Next(State& next, Scope& scope, Object& state, Boolean& isCompleted)
   at Microsoft.AspNetCore.Mvc.Infrastructure.ControllerActionInvoker.<InvokeInnerFilterAsync>g__Awaited|13_0(ControllerActionInvoker invoker, Task lastTask, State next, Scope scope, Object state, Boolean isCompleted)
   at Microsoft.AspNetCore.Mvc.Infrastructure.ResourceInvoker.<InvokeFilterPipelineAsync>g__Awaited|20_0(ResourceInvoker invoker, Task lastTask, State next, Scope scope, Object state, Boolean isCompleted)
   at Microsoft.AspNetCore.Mvc.Infrastructure.ResourceInvoker.<InvokeAsync>g__Logged|17_1(ResourceInvoker invoker)
   at Microsoft.AspNetCore.Mvc.Infrastructure.ResourceInvoker.<InvokeAsync>g__Logged|17_1(ResourceInvoker invoker)
   at Microsoft.AspNetCore.Routing.EndpointMiddleware.<Invoke>g__AwaitRequestTask|7_0(Endpoint endpoint, Task requestTask, ILogger logger)
   at Microsoft.AspNetCore.Authorization.AuthorizationMiddleware.Invoke(HttpContext context)
   at Microsoft.AspNetCore.Authentication.AuthenticationMiddleware.Invoke(HttpContext context)
   at Serilog.AspNetCore.RequestLoggingMiddleware.Invoke(HttpContext httpContext)
   at Swashbuckle.AspNetCore.SwaggerUI.SwaggerUIMiddleware.Invoke(HttpContext httpContext)
   at Swashbuckle.AspNetCore.Swagger.SwaggerMiddleware.Invoke(HttpContext httpContext, ISwaggerProvider swaggerProvider)
   at Microsoft.AspNetCore.Diagnostics.DeveloperExceptionPageMiddlewareImpl.Invoke(HttpContext context)
ClientConnectionId:15fe2b25-af7f-4e84-9467-526dfaf3a391
Error Number:18456,State:1,Class:14
2026-08-03 15:29:08.868 +05:30 [INF] Request finished HTTP/1.1 POST http://localhost:5000/api/auth/login/employee - 500 null text/plain; charset=utf-8 1452.8331ms
2026-08-03 15:29:24.278 +05:30 [INF] Request starting HTTP/1.1 POST http://localhost:5000/api/auth/login/employee - application/json 24
2026-08-03 15:29:24.282 +05:30 [INF] Executing endpoint 'LmsPortal.API.Controllers.AuthController.LoginEmployee (LmsPortal.API)'
2026-08-03 15:29:24.282 +05:30 [INF] Route matched with {action = "LoginEmployee", controller = "Auth"}. Executing controller action with signature System.Threading.Tasks.Task`1[Microsoft.AspNetCore.Mvc.IActionResult] LoginEmployee(EmployeeLoginDto) on controller LmsPortal.API.Controllers.AuthController (LmsPortal.API).
2026-08-03 15:29:24.357 +05:30 [ERR] An error occurred using the connection to database 'LMS-Portal' on server '192.168.2.5'.
2026-08-03 15:29:24.359 +05:30 [ERR] An exception occurred while iterating over the results of a query for context type 'LmsPortal.API.Data.LmsDbContext'.
Microsoft.Data.SqlClient.SqlException (0x80131904): Login failed for user 'kaustubh.bhatlawande'.
   at Microsoft.Data.SqlClient.SqlInternalConnection.OnError(SqlException exception, Boolean breakConnection, Action`1 wrapCloseInAction)
   at Microsoft.Data.SqlClient.TdsParser.ThrowExceptionAndWarning(TdsParserStateObject stateObj, Boolean callerHasConnectionLock, Boolean asyncClose)
   at Microsoft.Data.SqlClient.TdsParser.TryRun(RunBehavior runBehavior, SqlCommand cmdHandler, SqlDataReader dataStream, BulkCopySimpleResultSet bulkCopyHandler, TdsParserStateObject stateObj, Boolean& dataReady)
   at Microsoft.Data.SqlClient.TdsParser.Run(RunBehavior runBehavior, SqlCommand cmdHandler, SqlDataReader dataStream, BulkCopySimpleResultSet bulkCopyHandler, TdsParserStateObject stateObj)
   at Microsoft.Data.SqlClient.SqlInternalConnectionTds.CompleteLogin(Boolean enlistOK)
   at Microsoft.Data.SqlClient.SqlInternalConnectionTds.AttemptOneLogin(ServerInfo serverInfo, String newPassword, SecureString newSecurePassword, Boolean ignoreSniOpenTimeout, TimeoutTimer timeout, Boolean withFailover)
   at Microsoft.Data.SqlClient.SqlInternalConnectionTds.LoginNoFailover(ServerInfo serverInfo, String newPassword, SecureString newSecurePassword, Boolean redirectedUserInstance, SqlConnectionString connectionOptions, SqlCredential credential, TimeoutTimer timeout)
   at Microsoft.Data.SqlClient.SqlInternalConnectionTds.OpenLoginEnlist(TimeoutTimer timeout, SqlConnectionString connectionOptions, SqlCredential credential, String newPassword, SecureString newSecurePassword, Boolean redirectedUserInstance)
   at Microsoft.Data.SqlClient.SqlInternalConnectionTds..ctor(DbConnectionPoolIdentity identity, SqlConnectionString connectionOptions, SqlCredential credential, Object providerInfo, String newPassword, SecureString newSecurePassword, Boolean redirectedUserInstance, SqlConnectionString userConnectionOptions, SessionData reconnectSessionData, Boolean applyTransientFaultHandling, String accessToken, DbConnectionPool pool)
   at Microsoft.Data.SqlClient.SqlConnectionFactory.CreateConnection(DbConnectionOptions options, DbConnectionPoolKey poolKey, Object poolGroupProviderInfo, DbConnectionPool pool, DbConnection owningConnection, DbConnectionOptions userOptions)
   at Microsoft.Data.ProviderBase.DbConnectionFactory.CreatePooledConnection(DbConnectionPool pool, DbConnection owningObject, DbConnectionOptions options, DbConnectionPoolKey poolKey, DbConnectionOptions userOptions)
   at Microsoft.Data.ProviderBase.DbConnectionPool.CreateObject(DbConnection owningObject, DbConnectionOptions userOptions, DbConnectionInternal oldConnection)
   at Microsoft.Data.ProviderBase.DbConnectionPool.UserCreateRequest(DbConnection owningObject, DbConnectionOptions userOptions, DbConnectionInternal oldConnection)
   at Microsoft.Data.ProviderBase.DbConnectionPool.TryGetConnection(DbConnection owningObject, UInt32 waitForMultipleObjectsTimeout, Boolean allowCreate, Boolean onlyOneCheckConnection, DbConnectionOptions userOptions, DbConnectionInternal& connection)
   at Microsoft.Data.ProviderBase.DbConnectionPool.WaitForPendingOpen()
--- End of stack trace from previous location ---
   at Microsoft.EntityFrameworkCore.Storage.RelationalConnection.OpenInternalAsync(Boolean errorsExpected, CancellationToken cancellationToken)
   at Microsoft.EntityFrameworkCore.Storage.RelationalConnection.OpenInternalAsync(Boolean errorsExpected, CancellationToken cancellationToken)
   at Microsoft.EntityFrameworkCore.Storage.RelationalConnection.OpenAsync(CancellationToken cancellationToken, Boolean errorsExpected)
   at Microsoft.EntityFrameworkCore.Storage.RelationalCommand.ExecuteReaderAsync(RelationalCommandParameterObject parameterObject, CancellationToken cancellationToken)
   at Microsoft.EntityFrameworkCore.Query.Internal.SingleQueryingEnumerable`1.AsyncEnumerator.InitializeReaderAsync(AsyncEnumerator enumerator, CancellationToken cancellationToken)
   at Microsoft.EntityFrameworkCore.Storage.ExecutionStrategy.<>c__DisplayClass30_0`2.<<ExecuteAsync>b__0>d.MoveNext()
--- End of stack trace from previous location ---
   at Microsoft.EntityFrameworkCore.Storage.ExecutionStrategy.ExecuteImplementationAsync[TState,TResult](Func`4 operation, Func`4 verifySucceeded, TState state, CancellationToken cancellationToken)
   at Microsoft.EntityFrameworkCore.Storage.ExecutionStrategy.ExecuteImplementationAsync[TState,TResult](Func`4 operation, Func`4 verifySucceeded, TState state, CancellationToken cancellationToken)
   at Microsoft.EntityFrameworkCore.Storage.ExecutionStrategy.ExecuteAsync[TState,TResult](TState state, Func`4 operation, Func`4 verifySucceeded, CancellationToken cancellationToken)
   at Microsoft.EntityFrameworkCore.Query.Internal.SingleQueryingEnumerable`1.AsyncEnumerator.MoveNextAsync()
ClientConnectionId:02d5370d-60a8-48c4-9162-bf3500b665ad
Error Number:18456,State:1,Class:14
Microsoft.Data.SqlClient.SqlException (0x80131904): Login failed for user 'kaustubh.bhatlawande'.
   at Microsoft.Data.SqlClient.SqlInternalConnection.OnError(SqlException exception, Boolean breakConnection, Action`1 wrapCloseInAction)
   at Microsoft.Data.SqlClient.TdsParser.ThrowExceptionAndWarning(TdsParserStateObject stateObj, Boolean callerHasConnectionLock, Boolean asyncClose)
   at Microsoft.Data.SqlClient.TdsParser.TryRun(RunBehavior runBehavior, SqlCommand cmdHandler, SqlDataReader dataStream, BulkCopySimpleResultSet bulkCopyHandler, TdsParserStateObject stateObj, Boolean& dataReady)
   at Microsoft.Data.SqlClient.TdsParser.Run(RunBehavior runBehavior, SqlCommand cmdHandler, SqlDataReader dataStream, BulkCopySimpleResultSet bulkCopyHandler, TdsParserStateObject stateObj)
   at Microsoft.Data.SqlClient.SqlInternalConnectionTds.CompleteLogin(Boolean enlistOK)
   at Microsoft.Data.SqlClient.SqlInternalConnectionTds.AttemptOneLogin(ServerInfo serverInfo, String newPassword, SecureString newSecurePassword, Boolean ignoreSniOpenTimeout, TimeoutTimer timeout, Boolean withFailover)
   at Microsoft.Data.SqlClient.SqlInternalConnectionTds.LoginNoFailover(ServerInfo serverInfo, String newPassword, SecureString newSecurePassword, Boolean redirectedUserInstance, SqlConnectionString connectionOptions, SqlCredential credential, TimeoutTimer timeout)
   at Microsoft.Data.SqlClient.SqlInternalConnectionTds.OpenLoginEnlist(TimeoutTimer timeout, SqlConnectionString connectionOptions, SqlCredential credential, String newPassword, SecureString newSecurePassword, Boolean redirectedUserInstance)
   at Microsoft.Data.SqlClient.SqlInternalConnectionTds..ctor(DbConnectionPoolIdentity identity, SqlConnectionString connectionOptions, SqlCredential credential, Object providerInfo, String newPassword, SecureString newSecurePassword, Boolean redirectedUserInstance, SqlConnectionString userConnectionOptions, SessionData reconnectSessionData, Boolean applyTransientFaultHandling, String accessToken, DbConnectionPool pool)
   at Microsoft.Data.SqlClient.SqlConnectionFactory.CreateConnection(DbConnectionOptions options, DbConnectionPoolKey poolKey, Object poolGroupProviderInfo, DbConnectionPool pool, DbConnection owningConnection, DbConnectionOptions userOptions)
   at Microsoft.Data.ProviderBase.DbConnectionFactory.CreatePooledConnection(DbConnectionPool pool, DbConnection owningObject, DbConnectionOptions options, DbConnectionPoolKey poolKey, DbConnectionOptions userOptions)
   at Microsoft.Data.ProviderBase.DbConnectionPool.CreateObject(DbConnection owningObject, DbConnectionOptions userOptions, DbConnectionInternal oldConnection)
   at Microsoft.Data.ProviderBase.DbConnectionPool.UserCreateRequest(DbConnection owningObject, DbConnectionOptions userOptions, DbConnectionInternal oldConnection)
   at Microsoft.Data.ProviderBase.DbConnectionPool.TryGetConnection(DbConnection owningObject, UInt32 waitForMultipleObjectsTimeout, Boolean allowCreate, Boolean onlyOneCheckConnection, DbConnectionOptions userOptions, DbConnectionInternal& connection)
   at Microsoft.Data.ProviderBase.DbConnectionPool.WaitForPendingOpen()
--- End of stack trace from previous location ---
   at Microsoft.EntityFrameworkCore.Storage.RelationalConnection.OpenInternalAsync(Boolean errorsExpected, CancellationToken cancellationToken)
   at Microsoft.EntityFrameworkCore.Storage.RelationalConnection.OpenInternalAsync(Boolean errorsExpected, CancellationToken cancellationToken)
   at Microsoft.EntityFrameworkCore.Storage.RelationalConnection.OpenAsync(CancellationToken cancellationToken, Boolean errorsExpected)
   at Microsoft.EntityFrameworkCore.Storage.RelationalCommand.ExecuteReaderAsync(RelationalCommandParameterObject parameterObject, CancellationToken cancellationToken)
   at Microsoft.EntityFrameworkCore.Query.Internal.SingleQueryingEnumerable`1.AsyncEnumerator.InitializeReaderAsync(AsyncEnumerator enumerator, CancellationToken cancellationToken)
   at Microsoft.EntityFrameworkCore.Storage.ExecutionStrategy.<>c__DisplayClass30_0`2.<<ExecuteAsync>b__0>d.MoveNext()
--- End of stack trace from previous location ---
   at Microsoft.EntityFrameworkCore.Storage.ExecutionStrategy.ExecuteImplementationAsync[TState,TResult](Func`4 operation, Func`4 verifySucceeded, TState state, CancellationToken cancellationToken)
   at Microsoft.EntityFrameworkCore.Storage.ExecutionStrategy.ExecuteImplementationAsync[TState,TResult](Func`4 operation, Func`4 verifySucceeded, TState state, CancellationToken cancellationToken)
   at Microsoft.EntityFrameworkCore.Storage.ExecutionStrategy.ExecuteAsync[TState,TResult](TState state, Func`4 operation, Func`4 verifySucceeded, CancellationToken cancellationToken)
   at Microsoft.EntityFrameworkCore.Query.Internal.SingleQueryingEnumerable`1.AsyncEnumerator.MoveNextAsync()
ClientConnectionId:02d5370d-60a8-48c4-9162-bf3500b665ad
Error Number:18456,State:1,Class:14
2026-08-03 15:29:24.363 +05:30 [INF] Executed action LmsPortal.API.Controllers.AuthController.LoginEmployee (LmsPortal.API) in 80.441ms
2026-08-03 15:29:24.363 +05:30 [INF] Executed endpoint 'LmsPortal.API.Controllers.AuthController.LoginEmployee (LmsPortal.API)'
2026-08-03 15:29:24.363 +05:30 [ERR] HTTP POST /api/auth/login/employee responded 500 in 83.9326 ms
Microsoft.Data.SqlClient.SqlException (0x80131904): Login failed for user 'kaustubh.bhatlawande'.
   at Microsoft.Data.SqlClient.SqlInternalConnection.OnError(SqlException exception, Boolean breakConnection, Action`1 wrapCloseInAction)
   at Microsoft.Data.SqlClient.TdsParser.ThrowExceptionAndWarning(TdsParserStateObject stateObj, Boolean callerHasConnectionLock, Boolean asyncClose)
   at Microsoft.Data.SqlClient.TdsParser.TryRun(RunBehavior runBehavior, SqlCommand cmdHandler, SqlDataReader dataStream, BulkCopySimpleResultSet bulkCopyHandler, TdsParserStateObject stateObj, Boolean& dataReady)
   at Microsoft.Data.SqlClient.TdsParser.Run(RunBehavior runBehavior, SqlCommand cmdHandler, SqlDataReader dataStream, BulkCopySimpleResultSet bulkCopyHandler, TdsParserStateObject stateObj)
   at Microsoft.Data.SqlClient.SqlInternalConnectionTds.CompleteLogin(Boolean enlistOK)
   at Microsoft.Data.SqlClient.SqlInternalConnectionTds.AttemptOneLogin(ServerInfo serverInfo, String newPassword, SecureString newSecurePassword, Boolean ignoreSniOpenTimeout, TimeoutTimer timeout, Boolean withFailover)
   at Microsoft.Data.SqlClient.SqlInternalConnectionTds.LoginNoFailover(ServerInfo serverInfo, String newPassword, SecureString newSecurePassword, Boolean redirectedUserInstance, SqlConnectionString connectionOptions, SqlCredential credential, TimeoutTimer timeout)
   at Microsoft.Data.SqlClient.SqlInternalConnectionTds.OpenLoginEnlist(TimeoutTimer timeout, SqlConnectionString connectionOptions, SqlCredential credential, String newPassword, SecureString newSecurePassword, Boolean redirectedUserInstance)
   at Microsoft.Data.SqlClient.SqlInternalConnectionTds..ctor(DbConnectionPoolIdentity identity, SqlConnectionString connectionOptions, SqlCredential credential, Object providerInfo, String newPassword, SecureString newSecurePassword, Boolean redirectedUserInstance, SqlConnectionString userConnectionOptions, SessionData reconnectSessionData, Boolean applyTransientFaultHandling, String accessToken, DbConnectionPool pool)
   at Microsoft.Data.SqlClient.SqlConnectionFactory.CreateConnection(DbConnectionOptions options, DbConnectionPoolKey poolKey, Object poolGroupProviderInfo, DbConnectionPool pool, DbConnection owningConnection, DbConnectionOptions userOptions)
   at Microsoft.Data.ProviderBase.DbConnectionFactory.CreatePooledConnection(DbConnectionPool pool, DbConnection owningObject, DbConnectionOptions options, DbConnectionPoolKey poolKey, DbConnectionOptions userOptions)
   at Microsoft.Data.ProviderBase.DbConnectionPool.CreateObject(DbConnection owningObject, DbConnectionOptions userOptions, DbConnectionInternal oldConnection)
   at Microsoft.Data.ProviderBase.DbConnectionPool.UserCreateRequest(DbConnection owningObject, DbConnectionOptions userOptions, DbConnectionInternal oldConnection)
   at Microsoft.Data.ProviderBase.DbConnectionPool.TryGetConnection(DbConnection owningObject, UInt32 waitForMultipleObjectsTimeout, Boolean allowCreate, Boolean onlyOneCheckConnection, DbConnectionOptions userOptions, DbConnectionInternal& connection)
   at Microsoft.Data.ProviderBase.DbConnectionPool.WaitForPendingOpen()
--- End of stack trace from previous location ---
   at Microsoft.EntityFrameworkCore.Storage.RelationalConnection.OpenInternalAsync(Boolean errorsExpected, CancellationToken cancellationToken)
   at Microsoft.EntityFrameworkCore.Storage.RelationalConnection.OpenInternalAsync(Boolean errorsExpected, CancellationToken cancellationToken)
   at Microsoft.EntityFrameworkCore.Storage.RelationalConnection.OpenAsync(CancellationToken cancellationToken, Boolean errorsExpected)
   at Microsoft.EntityFrameworkCore.Storage.RelationalCommand.ExecuteReaderAsync(RelationalCommandParameterObject parameterObject, CancellationToken cancellationToken)
   at Microsoft.EntityFrameworkCore.Query.Internal.SingleQueryingEnumerable`1.AsyncEnumerator.InitializeReaderAsync(AsyncEnumerator enumerator, CancellationToken cancellationToken)
   at Microsoft.EntityFrameworkCore.Storage.ExecutionStrategy.<>c__DisplayClass30_0`2.<<ExecuteAsync>b__0>d.MoveNext()
--- End of stack trace from previous location ---
   at Microsoft.EntityFrameworkCore.Storage.ExecutionStrategy.ExecuteImplementationAsync[TState,TResult](Func`4 operation, Func`4 verifySucceeded, TState state, CancellationToken cancellationToken)
   at Microsoft.EntityFrameworkCore.Storage.ExecutionStrategy.ExecuteImplementationAsync[TState,TResult](Func`4 operation, Func`4 verifySucceeded, TState state, CancellationToken cancellationToken)
   at Microsoft.EntityFrameworkCore.Storage.ExecutionStrategy.ExecuteAsync[TState,TResult](TState state, Func`4 operation, Func`4 verifySucceeded, CancellationToken cancellationToken)
   at Microsoft.EntityFrameworkCore.Query.Internal.SingleQueryingEnumerable`1.AsyncEnumerator.MoveNextAsync()
   at Microsoft.EntityFrameworkCore.Query.ShapedQueryCompilingExpressionVisitor.SingleOrDefaultAsync[TSource](IAsyncEnumerable`1 asyncEnumerable, CancellationToken cancellationToken)
   at Microsoft.EntityFrameworkCore.Query.ShapedQueryCompilingExpressionVisitor.SingleOrDefaultAsync[TSource](IAsyncEnumerable`1 asyncEnumerable, CancellationToken cancellationToken)
   at LmsPortal.API.Controllers.AuthController.LoginEmployee(EmployeeLoginDto dto) in C:\Users\kaustubh.bhatlawande\Desktop\LMS Portal - Copy\backend\LmsPortal.API\Controllers\AuthController.cs:line 104
   at Microsoft.AspNetCore.Mvc.Infrastructure.ActionMethodExecutor.TaskOfIActionResultExecutor.Execute(ActionContext actionContext, IActionResultTypeMapper mapper, ObjectMethodExecutor executor, Object controller, Object[] arguments)
   at Microsoft.AspNetCore.Mvc.Infrastructure.ControllerActionInvoker.<InvokeActionMethodAsync>g__Awaited|12_0(ControllerActionInvoker invoker, ValueTask`1 actionResultValueTask)
   at Microsoft.AspNetCore.Mvc.Infrastructure.ControllerActionInvoker.<InvokeNextActionFilterAsync>g__Awaited|10_0(ControllerActionInvoker invoker, Task lastTask, State next, Scope scope, Object state, Boolean isCompleted)
   at Microsoft.AspNetCore.Mvc.Infrastructure.ControllerActionInvoker.Rethrow(ActionExecutedContextSealed context)
   at Microsoft.AspNetCore.Mvc.Infrastructure.ControllerActionInvoker.Next(State& next, Scope& scope, Object& state, Boolean& isCompleted)
   at Microsoft.AspNetCore.Mvc.Infrastructure.ControllerActionInvoker.<InvokeInnerFilterAsync>g__Awaited|13_0(ControllerActionInvoker invoker, Task lastTask, State next, Scope scope, Object state, Boolean isCompleted)
   at Microsoft.AspNetCore.Mvc.Infrastructure.ResourceInvoker.<InvokeFilterPipelineAsync>g__Awaited|20_0(ResourceInvoker invoker, Task lastTask, State next, Scope scope, Object state, Boolean isCompleted)
   at Microsoft.AspNetCore.Mvc.Infrastructure.ResourceInvoker.<InvokeAsync>g__Logged|17_1(ResourceInvoker invoker)
   at Microsoft.AspNetCore.Mvc.Infrastructure.ResourceInvoker.<InvokeAsync>g__Logged|17_1(ResourceInvoker invoker)
   at Microsoft.AspNetCore.Routing.EndpointMiddleware.<Invoke>g__AwaitRequestTask|7_0(Endpoint endpoint, Task requestTask, ILogger logger)
   at Microsoft.AspNetCore.Authorization.AuthorizationMiddleware.Invoke(HttpContext context)
   at Microsoft.AspNetCore.Authentication.AuthenticationMiddleware.Invoke(HttpContext context)
   at Serilog.AspNetCore.RequestLoggingMiddleware.Invoke(HttpContext httpContext)
ClientConnectionId:02d5370d-60a8-48c4-9162-bf3500b665ad
Error Number:18456,State:1,Class:14
2026-08-03 15:29:24.367 +05:30 [ERR] An unhandled exception has occurred while executing the request.
Microsoft.Data.SqlClient.SqlException (0x80131904): Login failed for user 'kaustubh.bhatlawande'.
   at Microsoft.Data.SqlClient.SqlInternalConnection.OnError(SqlException exception, Boolean breakConnection, Action`1 wrapCloseInAction)
   at Microsoft.Data.SqlClient.TdsParser.ThrowExceptionAndWarning(TdsParserStateObject stateObj, Boolean callerHasConnectionLock, Boolean asyncClose)
   at Microsoft.Data.SqlClient.TdsParser.TryRun(RunBehavior runBehavior, SqlCommand cmdHandler, SqlDataReader dataStream, BulkCopySimpleResultSet bulkCopyHandler, TdsParserStateObject stateObj, Boolean& dataReady)
   at Microsoft.Data.SqlClient.TdsParser.Run(RunBehavior runBehavior, SqlCommand cmdHandler, SqlDataReader dataStream, BulkCopySimpleResultSet bulkCopyHandler, TdsParserStateObject stateObj)
   at Microsoft.Data.SqlClient.SqlInternalConnectionTds.CompleteLogin(Boolean enlistOK)
   at Microsoft.Data.SqlClient.SqlInternalConnectionTds.AttemptOneLogin(ServerInfo serverInfo, String newPassword, SecureString newSecurePassword, Boolean ignoreSniOpenTimeout, TimeoutTimer timeout, Boolean withFailover)
   at Microsoft.Data.SqlClient.SqlInternalConnectionTds.LoginNoFailover(ServerInfo serverInfo, String newPassword, SecureString newSecurePassword, Boolean redirectedUserInstance, SqlConnectionString connectionOptions, SqlCredential credential, TimeoutTimer timeout)
   at Microsoft.Data.SqlClient.SqlInternalConnectionTds.OpenLoginEnlist(TimeoutTimer timeout, SqlConnectionString connectionOptions, SqlCredential credential, String newPassword, SecureString newSecurePassword, Boolean redirectedUserInstance)
   at Microsoft.Data.SqlClient.SqlInternalConnectionTds..ctor(DbConnectionPoolIdentity identity, SqlConnectionString connectionOptions, SqlCredential credential, Object providerInfo, String newPassword, SecureString newSecurePassword, Boolean redirectedUserInstance, SqlConnectionString userConnectionOptions, SessionData reconnectSessionData, Boolean applyTransientFaultHandling, String accessToken, DbConnectionPool pool)
   at Microsoft.Data.SqlClient.SqlConnectionFactory.CreateConnection(DbConnectionOptions options, DbConnectionPoolKey poolKey, Object poolGroupProviderInfo, DbConnectionPool pool, DbConnection owningConnection, DbConnectionOptions userOptions)
   at Microsoft.Data.ProviderBase.DbConnectionFactory.CreatePooledConnection(DbConnectionPool pool, DbConnection owningObject, DbConnectionOptions options, DbConnectionPoolKey poolKey, DbConnectionOptions userOptions)
   at Microsoft.Data.ProviderBase.DbConnectionPool.CreateObject(DbConnection owningObject, DbConnectionOptions userOptions, DbConnectionInternal oldConnection)
   at Microsoft.Data.ProviderBase.DbConnectionPool.UserCreateRequest(DbConnection owningObject, DbConnectionOptions userOptions, DbConnectionInternal oldConnection)
   at Microsoft.Data.ProviderBase.DbConnectionPool.TryGetConnection(DbConnection owningObject, UInt32 waitForMultipleObjectsTimeout, Boolean allowCreate, Boolean onlyOneCheckConnection, DbConnectionOptions userOptions, DbConnectionInternal& connection)
   at Microsoft.Data.ProviderBase.DbConnectionPool.WaitForPendingOpen()
--- End of stack trace from previous location ---
   at Microsoft.EntityFrameworkCore.Storage.RelationalConnection.OpenInternalAsync(Boolean errorsExpected, CancellationToken cancellationToken)
   at Microsoft.EntityFrameworkCore.Storage.RelationalConnection.OpenInternalAsync(Boolean errorsExpected, CancellationToken cancellationToken)
   at Microsoft.EntityFrameworkCore.Storage.RelationalConnection.OpenAsync(CancellationToken cancellationToken, Boolean errorsExpected)
   at Microsoft.EntityFrameworkCore.Storage.RelationalCommand.ExecuteReaderAsync(RelationalCommandParameterObject parameterObject, CancellationToken cancellationToken)
   at Microsoft.EntityFrameworkCore.Query.Internal.SingleQueryingEnumerable`1.AsyncEnumerator.InitializeReaderAsync(AsyncEnumerator enumerator, CancellationToken cancellationToken)
   at Microsoft.EntityFrameworkCore.Storage.ExecutionStrategy.<>c__DisplayClass30_0`2.<<ExecuteAsync>b__0>d.MoveNext()
--- End of stack trace from previous location ---
   at Microsoft.EntityFrameworkCore.Storage.ExecutionStrategy.ExecuteImplementationAsync[TState,TResult](Func`4 operation, Func`4 verifySucceeded, TState state, CancellationToken cancellationToken)
   at Microsoft.EntityFrameworkCore.Storage.ExecutionStrategy.ExecuteImplementationAsync[TState,TResult](Func`4 operation, Func`4 verifySucceeded, TState state, CancellationToken cancellationToken)
   at Microsoft.EntityFrameworkCore.Storage.ExecutionStrategy.ExecuteAsync[TState,TResult](TState state, Func`4 operation, Func`4 verifySucceeded, CancellationToken cancellationToken)
   at Microsoft.EntityFrameworkCore.Query.Internal.SingleQueryingEnumerable`1.AsyncEnumerator.MoveNextAsync()
   at Microsoft.EntityFrameworkCore.Query.ShapedQueryCompilingExpressionVisitor.SingleOrDefaultAsync[TSource](IAsyncEnumerable`1 asyncEnumerable, CancellationToken cancellationToken)
   at Microsoft.EntityFrameworkCore.Query.ShapedQueryCompilingExpressionVisitor.SingleOrDefaultAsync[TSource](IAsyncEnumerable`1 asyncEnumerable, CancellationToken cancellationToken)
   at LmsPortal.API.Controllers.AuthController.LoginEmployee(EmployeeLoginDto dto) in C:\Users\kaustubh.bhatlawande\Desktop\LMS Portal - Copy\backend\LmsPortal.API\Controllers\AuthController.cs:line 104
   at Microsoft.AspNetCore.Mvc.Infrastructure.ActionMethodExecutor.TaskOfIActionResultExecutor.Execute(ActionContext actionContext, IActionResultTypeMapper mapper, ObjectMethodExecutor executor, Object controller, Object[] arguments)
   at Microsoft.AspNetCore.Mvc.Infrastructure.ControllerActionInvoker.<InvokeActionMethodAsync>g__Awaited|12_0(ControllerActionInvoker invoker, ValueTask`1 actionResultValueTask)
   at Microsoft.AspNetCore.Mvc.Infrastructure.ControllerActionInvoker.<InvokeNextActionFilterAsync>g__Awaited|10_0(ControllerActionInvoker invoker, Task lastTask, State next, Scope scope, Object state, Boolean isCompleted)
   at Microsoft.AspNetCore.Mvc.Infrastructure.ControllerActionInvoker.Rethrow(ActionExecutedContextSealed context)
   at Microsoft.AspNetCore.Mvc.Infrastructure.ControllerActionInvoker.Next(State& next, Scope& scope, Object& state, Boolean& isCompleted)
   at Microsoft.AspNetCore.Mvc.Infrastructure.ControllerActionInvoker.<InvokeInnerFilterAsync>g__Awaited|13_0(ControllerActionInvoker invoker, Task lastTask, State next, Scope scope, Object state, Boolean isCompleted)
   at Microsoft.AspNetCore.Mvc.Infrastructure.ResourceInvoker.<InvokeFilterPipelineAsync>g__Awaited|20_0(ResourceInvoker invoker, Task lastTask, State next, Scope scope, Object state, Boolean isCompleted)
   at Microsoft.AspNetCore.Mvc.Infrastructure.ResourceInvoker.<InvokeAsync>g__Logged|17_1(ResourceInvoker invoker)
   at Microsoft.AspNetCore.Mvc.Infrastructure.ResourceInvoker.<InvokeAsync>g__Logged|17_1(ResourceInvoker invoker)
   at Microsoft.AspNetCore.Routing.EndpointMiddleware.<Invoke>g__AwaitRequestTask|7_0(Endpoint endpoint, Task requestTask, ILogger logger)
   at Microsoft.AspNetCore.Authorization.AuthorizationMiddleware.Invoke(HttpContext context)
   at Microsoft.AspNetCore.Authentication.AuthenticationMiddleware.Invoke(HttpContext context)
   at Serilog.AspNetCore.RequestLoggingMiddleware.Invoke(HttpContext httpContext)
   at Swashbuckle.AspNetCore.SwaggerUI.SwaggerUIMiddleware.Invoke(HttpContext httpContext)
   at Swashbuckle.AspNetCore.Swagger.SwaggerMiddleware.Invoke(HttpContext httpContext, ISwaggerProvider swaggerProvider)
   at Microsoft.AspNetCore.Diagnostics.DeveloperExceptionPageMiddlewareImpl.Invoke(HttpContext context)
ClientConnectionId:02d5370d-60a8-48c4-9162-bf3500b665ad
Error Number:18456,State:1,Class:14
2026-08-03 15:29:24.374 +05:30 [INF] Request finished HTTP/1.1 POST http://localhost:5000/api/auth/login/employee - 500 null text/plain; charset=utf-8 95.5703ms
2026-08-03 15:31:54.806 +05:30 [INF] User profile is available. Using 'C:\Users\kaustubh.bhatlawande\AppData\Local\ASP.NET\DataProtection-Keys' as key repository and Windows DPAPI to encrypt keys at rest.
2026-08-03 15:31:54.990 +05:30 [INF] Now listening on: http://localhost:5000
2026-08-03 15:31:54.992 +05:30 [INF] Application started. Press Ctrl+C to shut down.
2026-08-03 15:31:54.992 +05:30 [INF] Hosting environment: Development
2026-08-03 15:31:54.992 +05:30 [INF] Content root path: C:\Users\kaustubh.bhatlawande\Desktop\LMS Portal - Copy\backend\LmsPortal.API
2026-08-03 15:33:12.041 +05:30 [INF] Request starting HTTP/1.1 POST http://localhost:5000/api/auth/login/employee - application/json 24
2026-08-03 15:33:12.091 +05:30 [INF] Executing endpoint 'LmsPortal.API.Controllers.AuthController.LoginEmployee (LmsPortal.API)'
2026-08-03 15:33:12.107 +05:30 [INF] Route matched with {action = "LoginEmployee", controller = "Auth"}. Executing controller action with signature System.Threading.Tasks.Task`1[Microsoft.AspNetCore.Mvc.IActionResult] LoginEmployee(EmployeeLoginDto) on controller LmsPortal.API.Controllers.AuthController (LmsPortal.API).
2026-08-03 15:33:12.724 +05:30 [WRN] Entity 'AssessmentAttempt' has a global query filter defined and is the required end of a relationship with the entity 'AssessmentAnswer'. This may lead to unexpected results when the required entity is filtered out. Either configure the navigation as optional, or define matching query filters for both entities in the navigation. See https://go.microsoft.com/fwlink/?linkid=2131316 for more information.
2026-08-03 15:33:12.724 +05:30 [WRN] Entity 'Certificate' has a global query filter defined and is the required end of a relationship with the entity 'CertificateVerificationLog'. This may lead to unexpected results when the required entity is filtered out. Either configure the navigation as optional, or define matching query filters for both entities in the navigation. See https://go.microsoft.com/fwlink/?linkid=2131316 for more information.
2026-08-03 15:33:12.724 +05:30 [WRN] Entity 'Permission' has a global query filter defined and is the required end of a relationship with the entity 'RolePermission'. This may lead to unexpected results when the required entity is filtered out. Either configure the navigation as optional, or define matching query filters for both entities in the navigation. See https://go.microsoft.com/fwlink/?linkid=2131316 for more information.
2026-08-03 15:33:12.813 +05:30 [WRN] No store type was specified for the decimal property 'PassingScorePercentage' on entity type 'Assessment'. This will cause values to be silently truncated if they do not fit in the default precision and scale. Explicitly specify the SQL server column type that can accommodate all the values in 'OnModelCreating' using 'HasColumnType', specify precision and scale using 'HasPrecision', or configure a value converter using 'HasConversion'.
2026-08-03 15:33:12.813 +05:30 [WRN] No store type was specified for the decimal property 'PointsAwarded' on entity type 'AssessmentAnswer'. This will cause values to be silently truncated if they do not fit in the default precision and scale. Explicitly specify the SQL server column type that can accommodate all the values in 'OnModelCreating' using 'HasColumnType', specify precision and scale using 'HasPrecision', or configure a value converter using 'HasConversion'.
2026-08-03 15:33:12.814 +05:30 [WRN] No store type was specified for the decimal property 'ScorePercentage' on entity type 'AssessmentAttempt'. This will cause values to be silently truncated if they do not fit in the default precision and scale. Explicitly specify the SQL server column type that can accommodate all the values in 'OnModelCreating' using 'HasColumnType', specify precision and scale using 'HasPrecision', or configure a value converter using 'HasConversion'.
2026-08-03 15:33:12.814 +05:30 [WRN] No store type was specified for the decimal property 'Points' on entity type 'AssessmentQuestion'. This will cause values to be silently truncated if they do not fit in the default precision and scale. Explicitly specify the SQL server column type that can accommodate all the values in 'OnModelCreating' using 'HasColumnType', specify precision and scale using 'HasPrecision', or configure a value converter using 'HasConversion'.
2026-08-03 15:33:12.814 +05:30 [WRN] No store type was specified for the decimal property 'PassingScorePercentage' on entity type 'Course'. This will cause values to be silently truncated if they do not fit in the default precision and scale. Explicitly specify the SQL server column type that can accommodate all the values in 'OnModelCreating' using 'HasColumnType', specify precision and scale using 'HasPrecision', or configure a value converter using 'HasConversion'.
2026-08-03 15:33:12.814 +05:30 [WRN] No store type was specified for the decimal property 'TotalSeconds' on entity type 'LessonProgress'. This will cause values to be silently truncated if they do not fit in the default precision and scale. Explicitly specify the SQL server column type that can accommodate all the values in 'OnModelCreating' using 'HasColumnType', specify precision and scale using 'HasPrecision', or configure a value converter using 'HasConversion'.
2026-08-03 15:33:12.814 +05:30 [WRN] No store type was specified for the decimal property 'WatchedSeconds' on entity type 'LessonProgress'. This will cause values to be silently truncated if they do not fit in the default precision and scale. Explicitly specify the SQL server column type that can accommodate all the values in 'OnModelCreating' using 'HasColumnType', specify precision and scale using 'HasPrecision', or configure a value converter using 'HasConversion'.
2026-08-03 15:33:13.563 +05:30 [INF] Executed DbCommand (62ms) [Parameters=[@__ToUpper_0='?' (Size = 4000)], CommandType='"Text"', CommandTimeout='30']
SELECT TOP(1) [e].[Id], [e].[CreatedAt], [e].[CreatedBy], [e].[DepartmentId], [e].[DesignationId], [e].[EmployeeCode], [e].[EmploymentStatus], [e].[FirstName], [e].[IsDeleted], [e].[IsMasterTester], [e].[JoiningDate], [e].[LastName], [e].[MiddleName], [e].[OfficeId], [e].[OfficialEmail], [e].[RowVersion], [e].[UpdatedAt], [e].[UpdatedBy], [e].[UserId], [d0].[Id], [d0].[CreatedAt], [d0].[CreatedBy], [d0].[DepartmentCode], [d0].[DepartmentName], [d0].[Description], [d0].[IsActive], [d0].[IsDeleted], [d0].[RowVersion], [d0].[UpdatedAt], [d0].[UpdatedBy], [d2].[Id], [d2].[CreatedAt], [d2].[CreatedBy], [d2].[DesignationCode], [d2].[GradeLevel], [d2].[IsActive], [d2].[IsDeleted], [d2].[RowVersion], [d2].[Title], [d2].[UpdatedAt], [d2].[UpdatedBy], [o0].[Id], [o0].[City], [o0].[Country], [o0].[CreatedAt], [o0].[CreatedBy], [o0].[IsActive], [o0].[IsDeleted], [o0].[OfficeCode], [o0].[OfficeName], [o0].[RowVersion], [o0].[State], [o0].[UpdatedAt], [o0].[UpdatedBy], [u0].[Id], [u0].[ConcurrencyStamp], [u0].[CreatedAt], [u0].[CreatedBy], [u0].[Email], [u0].[IsActive], [u0].[IsDeleted], [u0].[IsEmailConfirmed], [u0].[NormalizedEmail], [u0].[NormalizedUsername], [u0].[PasswordHash], [u0].[PhoneNumber], [u0].[RoleId], [u0].[RowVersion], [u0].[SecurityStamp], [u0].[UpdatedAt], [u0].[UpdatedBy], [u0].[Username]
FROM [emp].[Employees] AS [e]
INNER JOIN (
    SELECT [d].[Id], [d].[CreatedAt], [d].[CreatedBy], [d].[DepartmentCode], [d].[DepartmentName], [d].[Description], [d].[IsActive], [d].[IsDeleted], [d].[RowVersion], [d].[UpdatedAt], [d].[UpdatedBy]
    FROM [org].[Departments] AS [d]
    WHERE [d].[IsDeleted] = CAST(0 AS bit)
) AS [d0] ON [e].[DepartmentId] = [d0].[Id]
INNER JOIN (
    SELECT [d1].[Id], [d1].[CreatedAt], [d1].[CreatedBy], [d1].[DesignationCode], [d1].[GradeLevel], [d1].[IsActive], [d1].[IsDeleted], [d1].[RowVersion], [d1].[Title], [d1].[UpdatedAt], [d1].[UpdatedBy]
    FROM [org].[Designations] AS [d1]
    WHERE [d1].[IsDeleted] = CAST(0 AS bit)
) AS [d2] ON [e].[DesignationId] = [d2].[Id]
INNER JOIN (
    SELECT [o].[Id], [o].[City], [o].[Country], [o].[CreatedAt], [o].[CreatedBy], [o].[IsActive], [o].[IsDeleted], [o].[OfficeCode], [o].[OfficeName], [o].[RowVersion], [o].[State], [o].[UpdatedAt], [o].[UpdatedBy]
    FROM [org].[Offices] AS [o]
    WHERE [o].[IsDeleted] = CAST(0 AS bit)
) AS [o0] ON [e].[OfficeId] = [o0].[Id]
INNER JOIN (
    SELECT [u].[Id], [u].[ConcurrencyStamp], [u].[CreatedAt], [u].[CreatedBy], [u].[Email], [u].[IsActive], [u].[IsDeleted], [u].[IsEmailConfirmed], [u].[NormalizedEmail], [u].[NormalizedUsername], [u].[PasswordHash], [u].[PhoneNumber], [u].[RoleId], [u].[RowVersion], [u].[SecurityStamp], [u].[UpdatedAt], [u].[UpdatedBy], [u].[Username]
    FROM [sec].[Users] AS [u]
    WHERE [u].[IsDeleted] = CAST(0 AS bit)
) AS [u0] ON [e].[UserId] = [u0].[Id]
WHERE [e].[IsDeleted] = CAST(0 AS bit) AND UPPER([e].[EmployeeCode]) = @__ToUpper_0 AND [e].[IsDeleted] = CAST(0 AS bit)
2026-08-03 15:33:13.965 +05:30 [INF] Executed DbCommand (7ms) [Parameters=[@p0='?' (DbType = Guid), @p1='?' (Size = 4000), @p2='?' (DbType = DateTime2), @p3='?' (Size = 4000), @p4='?' (Size = 4000), @p5='?' (Size = 4000), @p6='?' (Size = 4000), @p7='?' (DbType = Guid)], CommandType='"Text"', CommandTimeout='30']
SET IMPLICIT_TRANSACTIONS OFF;
SET NOCOUNT ON;
INSERT INTO [adm].[ActivityLogs] ([Id], [Action], [CreatedAt], [Details], [IpAddress], [Role], [UserAgent], [UserId])
VALUES (@p0, @p1, @p2, @p3, @p4, @p5, @p6, @p7);
2026-08-03 15:33:13.978 +05:30 [INF] Executing OkObjectResult, writing value of type '<>f__AnonymousType3`4[[System.Boolean, System.Private.CoreLib, Version=10.0.0.0, Culture=neutral, PublicKeyToken=7cec85d7bea7798e],[System.String, System.Private.CoreLib, Version=10.0.0.0, Culture=neutral, PublicKeyToken=7cec85d7bea7798e],[<>f__AnonymousType4`7[[System.Guid, System.Private.CoreLib, Version=10.0.0.0, Culture=neutral, PublicKeyToken=7cec85d7bea7798e],[System.String, System.Private.CoreLib, Version=10.0.0.0, Culture=neutral, PublicKeyToken=7cec85d7bea7798e],[System.String, System.Private.CoreLib, Version=10.0.0.0, Culture=neutral, PublicKeyToken=7cec85d7bea7798e],[System.String, System.Private.CoreLib, Version=10.0.0.0, Culture=neutral, PublicKeyToken=7cec85d7bea7798e],[System.String, System.Private.CoreLib, Version=10.0.0.0, Culture=neutral, PublicKeyToken=7cec85d7bea7798e],[System.String, System.Private.CoreLib, Version=10.0.0.0, Culture=neutral, PublicKeyToken=7cec85d7bea7798e],[System.String, System.Private.CoreLib, Version=10.0.0.0, Culture=neutral, PublicKeyToken=7cec85d7bea7798e]], LmsPortal.API, Version=1.0.0.0, Culture=neutral, PublicKeyToken=null],[System.String, System.Private.CoreLib, Version=10.0.0.0, Culture=neutral, PublicKeyToken=7cec85d7bea7798e]]'.
2026-08-03 15:33:13.998 +05:30 [INF] Executed action LmsPortal.API.Controllers.AuthController.LoginEmployee (LmsPortal.API) in 1887.1779ms
2026-08-03 15:33:14.000 +05:30 [INF] Executed endpoint 'LmsPortal.API.Controllers.AuthController.LoginEmployee (LmsPortal.API)'
2026-08-03 15:33:14.003 +05:30 [INF] HTTP POST /api/auth/login/employee responded 200 in 1931.5931 ms
2026-08-03 15:33:14.013 +05:30 [INF] Request finished HTTP/1.1 POST http://localhost:5000/api/auth/login/employee - 200 null application/json; charset=utf-8 1973.5833ms
2026-08-03 15:33:27.817 +05:30 [INF] Request starting HTTP/1.1 POST http://localhost:5000/api/auth/login/hr - application/json 42
2026-08-03 15:33:27.820 +05:30 [INF] Executing endpoint 'LmsPortal.API.Controllers.AuthController.LoginHR (LmsPortal.API)'
2026-08-03 15:33:27.828 +05:30 [INF] Route matched with {action = "LoginHR", controller = "Auth"}. Executing controller action with signature System.Threading.Tasks.Task`1[Microsoft.AspNetCore.Mvc.IActionResult] LoginHR(LoginDto) on controller LmsPortal.API.Controllers.AuthController (LmsPortal.API).
2026-08-03 15:33:27.977 +05:30 [INF] Executed DbCommand (55ms) [Parameters=[@__ToUpper_0='?' (Size = 4000)], CommandType='"Text"', CommandTimeout='30']
SELECT TOP(1) [u].[Id], [u].[ConcurrencyStamp], [u].[CreatedAt], [u].[CreatedBy], [u].[Email], [u].[IsActive], [u].[IsDeleted], [u].[IsEmailConfirmed], [u].[NormalizedEmail], [u].[NormalizedUsername], [u].[PasswordHash], [u].[PhoneNumber], [u].[RoleId], [u].[RowVersion], [u].[SecurityStamp], [u].[UpdatedAt], [u].[UpdatedBy], [u].[Username], [r0].[Id], [r0].[CreatedAt], [r0].[CreatedBy], [r0].[Description], [r0].[IsDeleted], [r0].[NormalizedRoleName], [r0].[RoleName], [r0].[RowVersion], [r0].[UpdatedAt], [r0].[UpdatedBy]
FROM [sec].[Users] AS [u]
INNER JOIN (
    SELECT [r].[Id], [r].[CreatedAt], [r].[CreatedBy], [r].[Description], [r].[IsDeleted], [r].[NormalizedRoleName], [r].[RoleName], [r].[RowVersion], [r].[UpdatedAt], [r].[UpdatedBy]
    FROM [sec].[Roles] AS [r]
    WHERE [r].[IsDeleted] = CAST(0 AS bit)
) AS [r0] ON [u].[RoleId] = [r0].[Id]
WHERE [u].[IsDeleted] = CAST(0 AS bit) AND [u].[NormalizedUsername] = @__ToUpper_0 AND [u].[IsDeleted] = CAST(0 AS bit)
2026-08-03 15:33:28.310 +05:30 [INF] Executing UnauthorizedObjectResult, writing value of type '<>f__AnonymousType0`2[[System.Boolean, System.Private.CoreLib, Version=10.0.0.0, Culture=neutral, PublicKeyToken=7cec85d7bea7798e],[System.String, System.Private.CoreLib, Version=10.0.0.0, Culture=neutral, PublicKeyToken=7cec85d7bea7798e]]'.
2026-08-03 15:33:28.311 +05:30 [INF] Executed action LmsPortal.API.Controllers.AuthController.LoginHR (LmsPortal.API) in 482.9246ms
2026-08-03 15:33:28.311 +05:30 [INF] Executed endpoint 'LmsPortal.API.Controllers.AuthController.LoginHR (LmsPortal.API)'
2026-08-03 15:33:28.311 +05:30 [INF] HTTP POST /api/auth/login/hr responded 401 in 492.2659 ms
2026-08-03 15:33:28.312 +05:30 [INF] Request finished HTTP/1.1 POST http://localhost:5000/api/auth/login/hr - 401 null application/json; charset=utf-8 495.5856ms
2026-08-03 15:33:35.111 +05:30 [INF] Request starting HTTP/1.1 POST http://localhost:5000/api/auth/seed - null 0
2026-08-03 15:33:35.115 +05:30 [INF] Executing endpoint 'LmsPortal.API.Controllers.AuthController.SeedAdmin (LmsPortal.API)'
2026-08-03 15:33:35.121 +05:30 [INF] Route matched with {action = "SeedAdmin", controller = "Auth"}. Executing controller action with signature System.Threading.Tasks.Task`1[Microsoft.AspNetCore.Mvc.IActionResult] SeedAdmin() on controller LmsPortal.API.Controllers.AuthController (LmsPortal.API).
2026-08-03 15:33:35.174 +05:30 [INF] Executed DbCommand (5ms) [Parameters=[], CommandType='"Text"', CommandTimeout='30']
SELECT CASE
    WHEN EXISTS (
        SELECT 1
        FROM [sec].[Roles] AS [r]
        WHERE [r].[IsDeleted] = CAST(0 AS bit) AND [r].[NormalizedRoleName] = N'HR_ADMIN') THEN CAST(1 AS bit)
    ELSE CAST(0 AS bit)
END
2026-08-03 15:33:35.188 +05:30 [INF] Executed DbCommand (4ms) [Parameters=[], CommandType='"Text"', CommandTimeout='30']
SELECT CASE
    WHEN EXISTS (
        SELECT 1
        FROM [sec].[Users] AS [u]
        WHERE [u].[IsDeleted] = CAST(0 AS bit) AND [u].[NormalizedUsername] = N'ADMIN' AND [u].[IsDeleted] = CAST(0 AS bit)) THEN CAST(1 AS bit)
    ELSE CAST(0 AS bit)
END
2026-08-03 15:33:35.188 +05:30 [INF] Executing OkObjectResult, writing value of type '<>f__AnonymousType0`2[[System.Boolean, System.Private.CoreLib, Version=10.0.0.0, Culture=neutral, PublicKeyToken=7cec85d7bea7798e],[System.String, System.Private.CoreLib, Version=10.0.0.0, Culture=neutral, PublicKeyToken=7cec85d7bea7798e]]'.
2026-08-03 15:33:35.189 +05:30 [INF] Executed action LmsPortal.API.Controllers.AuthController.SeedAdmin (LmsPortal.API) in 67.1726ms
2026-08-03 15:33:35.189 +05:30 [INF] Executed endpoint 'LmsPortal.API.Controllers.AuthController.SeedAdmin (LmsPortal.API)'
2026-08-03 15:33:35.189 +05:30 [INF] HTTP POST /api/auth/seed responded 200 in 76.4564 ms
2026-08-03 15:33:35.189 +05:30 [INF] Request finished HTTP/1.1 POST http://localhost:5000/api/auth/seed - 200 null application/json; charset=utf-8 77.6915ms
2026-08-03 15:33:53.776 +05:30 [INF] User profile is available. Using 'C:\Users\kaustubh.bhatlawande\AppData\Local\ASP.NET\DataProtection-Keys' as key repository and Windows DPAPI to encrypt keys at rest.
2026-08-03 15:33:53.884 +05:30 [INF] Now listening on: http://localhost:5000
2026-08-03 15:33:53.886 +05:30 [INF] Application started. Press Ctrl+C to shut down.
2026-08-03 15:33:53.886 +05:30 [INF] Hosting environment: Development
2026-08-03 15:33:53.886 +05:30 [INF] Content root path: C:\Users\kaustubh.bhatlawande\Desktop\LMS Portal - Copy\backend\LmsPortal.API
2026-08-03 15:33:59.677 +05:30 [INF] Request starting HTTP/1.1 POST http://localhost:5000/api/auth/login/hr - application/json 42
2026-08-03 15:33:59.731 +05:30 [INF] Executing endpoint 'LmsPortal.API.Controllers.AuthController.LoginHR (LmsPortal.API)'
2026-08-03 15:33:59.749 +05:30 [INF] Route matched with {action = "LoginHR", controller = "Auth"}. Executing controller action with signature System.Threading.Tasks.Task`1[Microsoft.AspNetCore.Mvc.IActionResult] LoginHR(LoginDto) on controller LmsPortal.API.Controllers.AuthController (LmsPortal.API).
2026-08-03 15:34:00.415 +05:30 [WRN] Entity 'AssessmentAttempt' has a global query filter defined and is the required end of a relationship with the entity 'AssessmentAnswer'. This may lead to unexpected results when the required entity is filtered out. Either configure the navigation as optional, or define matching query filters for both entities in the navigation. See https://go.microsoft.com/fwlink/?linkid=2131316 for more information.
2026-08-03 15:34:00.416 +05:30 [WRN] Entity 'Certificate' has a global query filter defined and is the required end of a relationship with the entity 'CertificateVerificationLog'. This may lead to unexpected results when the required entity is filtered out. Either configure the navigation as optional, or define matching query filters for both entities in the navigation. See https://go.microsoft.com/fwlink/?linkid=2131316 for more information.
2026-08-03 15:34:00.416 +05:30 [WRN] Entity 'Permission' has a global query filter defined and is the required end of a relationship with the entity 'RolePermission'. This may lead to unexpected results when the required entity is filtered out. Either configure the navigation as optional, or define matching query filters for both entities in the navigation. See https://go.microsoft.com/fwlink/?linkid=2131316 for more information.
2026-08-03 15:34:00.506 +05:30 [WRN] No store type was specified for the decimal property 'PassingScorePercentage' on entity type 'Assessment'. This will cause values to be silently truncated if they do not fit in the default precision and scale. Explicitly specify the SQL server column type that can accommodate all the values in 'OnModelCreating' using 'HasColumnType', specify precision and scale using 'HasPrecision', or configure a value converter using 'HasConversion'.
2026-08-03 15:34:00.506 +05:30 [WRN] No store type was specified for the decimal property 'PointsAwarded' on entity type 'AssessmentAnswer'. This will cause values to be silently truncated if they do not fit in the default precision and scale. Explicitly specify the SQL server column type that can accommodate all the values in 'OnModelCreating' using 'HasColumnType', specify precision and scale using 'HasPrecision', or configure a value converter using 'HasConversion'.
2026-08-03 15:34:00.506 +05:30 [WRN] No store type was specified for the decimal property 'ScorePercentage' on entity type 'AssessmentAttempt'. This will cause values to be silently truncated if they do not fit in the default precision and scale. Explicitly specify the SQL server column type that can accommodate all the values in 'OnModelCreating' using 'HasColumnType', specify precision and scale using 'HasPrecision', or configure a value converter using 'HasConversion'.
2026-08-03 15:34:00.506 +05:30 [WRN] No store type was specified for the decimal property 'Points' on entity type 'AssessmentQuestion'. This will cause values to be silently truncated if they do not fit in the default precision and scale. Explicitly specify the SQL server column type that can accommodate all the values in 'OnModelCreating' using 'HasColumnType', specify precision and scale using 'HasPrecision', or configure a value converter using 'HasConversion'.
2026-08-03 15:34:00.506 +05:30 [WRN] No store type was specified for the decimal property 'PassingScorePercentage' on entity type 'Course'. This will cause values to be silently truncated if they do not fit in the default precision and scale. Explicitly specify the SQL server column type that can accommodate all the values in 'OnModelCreating' using 'HasColumnType', specify precision and scale using 'HasPrecision', or configure a value converter using 'HasConversion'.
2026-08-03 15:34:00.506 +05:30 [WRN] No store type was specified for the decimal property 'TotalSeconds' on entity type 'LessonProgress'. This will cause values to be silently truncated if they do not fit in the default precision and scale. Explicitly specify the SQL server column type that can accommodate all the values in 'OnModelCreating' using 'HasColumnType', specify precision and scale using 'HasPrecision', or configure a value converter using 'HasConversion'.
2026-08-03 15:34:00.506 +05:30 [WRN] No store type was specified for the decimal property 'WatchedSeconds' on entity type 'LessonProgress'. This will cause values to be silently truncated if they do not fit in the default precision and scale. Explicitly specify the SQL server column type that can accommodate all the values in 'OnModelCreating' using 'HasColumnType', specify precision and scale using 'HasPrecision', or configure a value converter using 'HasConversion'.
2026-08-03 15:34:01.239 +05:30 [INF] Executed DbCommand (33ms) [Parameters=[@__ToUpper_0='?' (Size = 4000)], CommandType='"Text"', CommandTimeout='30']
SELECT TOP(1) [u].[Id], [u].[ConcurrencyStamp], [u].[CreatedAt], [u].[CreatedBy], [u].[Email], [u].[IsActive], [u].[IsDeleted], [u].[IsEmailConfirmed], [u].[NormalizedEmail], [u].[NormalizedUsername], [u].[PasswordHash], [u].[PhoneNumber], [u].[RoleId], [u].[RowVersion], [u].[SecurityStamp], [u].[UpdatedAt], [u].[UpdatedBy], [u].[Username], [r0].[Id], [r0].[CreatedAt], [r0].[CreatedBy], [r0].[Description], [r0].[IsDeleted], [r0].[NormalizedRoleName], [r0].[RoleName], [r0].[RowVersion], [r0].[UpdatedAt], [r0].[UpdatedBy]
FROM [sec].[Users] AS [u]
INNER JOIN (
    SELECT [r].[Id], [r].[CreatedAt], [r].[CreatedBy], [r].[Description], [r].[IsDeleted], [r].[NormalizedRoleName], [r].[RoleName], [r].[RowVersion], [r].[UpdatedAt], [r].[UpdatedBy]
    FROM [sec].[Roles] AS [r]
    WHERE [r].[IsDeleted] = CAST(0 AS bit)
) AS [r0] ON [u].[RoleId] = [r0].[Id]
WHERE [u].[IsDeleted] = CAST(0 AS bit) AND [u].[NormalizedUsername] = @__ToUpper_0 AND [u].[IsDeleted] = CAST(0 AS bit)
2026-08-03 15:34:02.092 +05:30 [INF] Executed DbCommand (9ms) [Parameters=[@p1='?' (DbType = Guid), @p0='?' (Size = 4000), @p2='?' (Size = 8) (DbType = Binary)], CommandType='"Text"', CommandTimeout='30']
SET IMPLICIT_TRANSACTIONS OFF;
SET NOCOUNT ON;
UPDATE [sec].[Users] SET [PasswordHash] = @p0
OUTPUT INSERTED.[RowVersion]
WHERE [Id] = @p1 AND [RowVersion] = @p2;
2026-08-03 15:34:02.171 +05:30 [INF] Executed DbCommand (2ms) [Parameters=[@p0='?' (DbType = Guid), @p1='?' (Size = 4000), @p2='?' (DbType = DateTime2), @p3='?' (Size = 4000), @p4='?' (Size = 4000), @p5='?' (Size = 4000), @p6='?' (Size = 4000), @p7='?' (DbType = Guid)], CommandType='"Text"', CommandTimeout='30']
SET IMPLICIT_TRANSACTIONS OFF;
SET NOCOUNT ON;
INSERT INTO [adm].[ActivityLogs] ([Id], [Action], [CreatedAt], [Details], [IpAddress], [Role], [UserAgent], [UserId])
VALUES (@p0, @p1, @p2, @p3, @p4, @p5, @p6, @p7);
2026-08-03 15:34:02.176 +05:30 [INF] Executing OkObjectResult, writing value of type '<>f__AnonymousType1`4[[System.Boolean, System.Private.CoreLib, Version=10.0.0.0, Culture=neutral, PublicKeyToken=7cec85d7bea7798e],[System.String, System.Private.CoreLib, Version=10.0.0.0, Culture=neutral, PublicKeyToken=7cec85d7bea7798e],[<>f__AnonymousType2`5[[System.Guid, System.Private.CoreLib, Version=10.0.0.0, Culture=neutral, PublicKeyToken=7cec85d7bea7798e],[System.String, System.Private.CoreLib, Version=10.0.0.0, Culture=neutral, PublicKeyToken=7cec85d7bea7798e],[System.String, System.Private.CoreLib, Version=10.0.0.0, Culture=neutral, PublicKeyToken=7cec85d7bea7798e],[System.String, System.Private.CoreLib, Version=10.0.0.0, Culture=neutral, PublicKeyToken=7cec85d7bea7798e],[System.String, System.Private.CoreLib, Version=10.0.0.0, Culture=neutral, PublicKeyToken=7cec85d7bea7798e]], LmsPortal.API, Version=1.0.0.0, Culture=neutral, PublicKeyToken=null],[System.String, System.Private.CoreLib, Version=10.0.0.0, Culture=neutral, PublicKeyToken=7cec85d7bea7798e]]'.
2026-08-03 15:34:02.196 +05:30 [INF] Executed action LmsPortal.API.Controllers.AuthController.LoginHR (LmsPortal.API) in 2443.5777ms
2026-08-03 15:34:02.197 +05:30 [INF] Executed endpoint 'LmsPortal.API.Controllers.AuthController.LoginHR (LmsPortal.API)'
2026-08-03 15:34:02.202 +05:30 [INF] HTTP POST /api/auth/login/hr responded 200 in 2491.2884 ms
2026-08-03 15:34:02.211 +05:30 [INF] Request finished HTTP/1.1 POST http://localhost:5000/api/auth/login/hr - 200 null application/json; charset=utf-8 2535.2843ms
2026-08-03 15:36:02.009 +05:30 [INF] Request starting HTTP/1.1 POST http://localhost:5000/api/auth/login/employee - application/json 24
2026-08-03 15:36:02.012 +05:30 [INF] Executing endpoint 'LmsPortal.API.Controllers.AuthController.LoginEmployee (LmsPortal.API)'
2026-08-03 15:36:02.020 +05:30 [INF] Route matched with {action = "LoginEmployee", controller = "Auth"}. Executing controller action with signature System.Threading.Tasks.Task`1[Microsoft.AspNetCore.Mvc.IActionResult] LoginEmployee(EmployeeLoginDto) on controller LmsPortal.API.Controllers.AuthController (LmsPortal.API).
2026-08-03 15:36:02.160 +05:30 [INF] Executed DbCommand (2ms) [Parameters=[@__ToUpper_0='?' (Size = 4000)], CommandType='"Text"', CommandTimeout='30']
SELECT TOP(1) [e].[Id], [e].[CreatedAt], [e].[CreatedBy], [e].[DepartmentId], [e].[DesignationId], [e].[EmployeeCode], [e].[EmploymentStatus], [e].[FirstName], [e].[IsDeleted], [e].[IsMasterTester], [e].[JoiningDate], [e].[LastName], [e].[MiddleName], [e].[OfficeId], [e].[OfficialEmail], [e].[RowVersion], [e].[UpdatedAt], [e].[UpdatedBy], [e].[UserId], [d0].[Id], [d0].[CreatedAt], [d0].[CreatedBy], [d0].[DepartmentCode], [d0].[DepartmentName], [d0].[Description], [d0].[IsActive], [d0].[IsDeleted], [d0].[RowVersion], [d0].[UpdatedAt], [d0].[UpdatedBy], [d2].[Id], [d2].[CreatedAt], [d2].[CreatedBy], [d2].[DesignationCode], [d2].[GradeLevel], [d2].[IsActive], [d2].[IsDeleted], [d2].[RowVersion], [d2].[Title], [d2].[UpdatedAt], [d2].[UpdatedBy], [o0].[Id], [o0].[City], [o0].[Country], [o0].[CreatedAt], [o0].[CreatedBy], [o0].[IsActive], [o0].[IsDeleted], [o0].[OfficeCode], [o0].[OfficeName], [o0].[RowVersion], [o0].[State], [o0].[UpdatedAt], [o0].[UpdatedBy], [u0].[Id], [u0].[ConcurrencyStamp], [u0].[CreatedAt], [u0].[CreatedBy], [u0].[Email], [u0].[IsActive], [u0].[IsDeleted], [u0].[IsEmailConfirmed], [u0].[NormalizedEmail], [u0].[NormalizedUsername], [u0].[PasswordHash], [u0].[PhoneNumber], [u0].[RoleId], [u0].[RowVersion], [u0].[SecurityStamp], [u0].[UpdatedAt], [u0].[UpdatedBy], [u0].[Username]
FROM [emp].[Employees] AS [e]
INNER JOIN (
    SELECT [d].[Id], [d].[CreatedAt], [d].[CreatedBy], [d].[DepartmentCode], [d].[DepartmentName], [d].[Description], [d].[IsActive], [d].[IsDeleted], [d].[RowVersion], [d].[UpdatedAt], [d].[UpdatedBy]
    FROM [org].[Departments] AS [d]
    WHERE [d].[IsDeleted] = CAST(0 AS bit)
) AS [d0] ON [e].[DepartmentId] = [d0].[Id]
INNER JOIN (
    SELECT [d1].[Id], [d1].[CreatedAt], [d1].[CreatedBy], [d1].[DesignationCode], [d1].[GradeLevel], [d1].[IsActive], [d1].[IsDeleted], [d1].[RowVersion], [d1].[Title], [d1].[UpdatedAt], [d1].[UpdatedBy]
    FROM [org].[Designations] AS [d1]
    WHERE [d1].[IsDeleted] = CAST(0 AS bit)
) AS [d2] ON [e].[DesignationId] = [d2].[Id]
INNER JOIN (
    SELECT [o].[Id], [o].[City], [o].[Country], [o].[CreatedAt], [o].[CreatedBy], [o].[IsActive], [o].[IsDeleted], [o].[OfficeCode], [o].[OfficeName], [o].[RowVersion], [o].[State], [o].[UpdatedAt], [o].[UpdatedBy]
    FROM [org].[Offices] AS [o]
    WHERE [o].[IsDeleted] = CAST(0 AS bit)
) AS [o0] ON [e].[OfficeId] = [o0].[Id]
INNER JOIN (
    SELECT [u].[Id], [u].[ConcurrencyStamp], [u].[CreatedAt], [u].[CreatedBy], [u].[Email], [u].[IsActive], [u].[IsDeleted], [u].[IsEmailConfirmed], [u].[NormalizedEmail], [u].[NormalizedUsername], [u].[PasswordHash], [u].[PhoneNumber], [u].[RoleId], [u].[RowVersion], [u].[SecurityStamp], [u].[UpdatedAt], [u].[UpdatedBy], [u].[Username]
    FROM [sec].[Users] AS [u]
    WHERE [u].[IsDeleted] = CAST(0 AS bit)
) AS [u0] ON [e].[UserId] = [u0].[Id]
WHERE [e].[IsDeleted] = CAST(0 AS bit) AND UPPER([e].[EmployeeCode]) = @__ToUpper_0 AND [e].[IsDeleted] = CAST(0 AS bit)
2026-08-03 15:36:02.289 +05:30 [INF] Executed DbCommand (2ms) [Parameters=[@p0='?' (DbType = Guid), @p1='?' (Size = 4000), @p2='?' (DbType = DateTime2), @p3='?' (Size = 4000), @p4='?' (Size = 4000), @p5='?' (Size = 4000), @p6='?' (Size = 4000), @p7='?' (DbType = Guid)], CommandType='"Text"', CommandTimeout='30']
SET IMPLICIT_TRANSACTIONS OFF;
SET NOCOUNT ON;
INSERT INTO [adm].[ActivityLogs] ([Id], [Action], [CreatedAt], [Details], [IpAddress], [Role], [UserAgent], [UserId])
VALUES (@p0, @p1, @p2, @p3, @p4, @p5, @p6, @p7);
2026-08-03 15:36:02.290 +05:30 [INF] Executing OkObjectResult, writing value of type '<>f__AnonymousType3`4[[System.Boolean, System.Private.CoreLib, Version=10.0.0.0, Culture=neutral, PublicKeyToken=7cec85d7bea7798e],[System.String, System.Private.CoreLib, Version=10.0.0.0, Culture=neutral, PublicKeyToken=7cec85d7bea7798e],[<>f__AnonymousType4`7[[System.Guid, System.Private.CoreLib, Version=10.0.0.0, Culture=neutral, PublicKeyToken=7cec85d7bea7798e],[System.String, System.Private.CoreLib, Version=10.0.0.0, Culture=neutral, PublicKeyToken=7cec85d7bea7798e],[System.String, System.Private.CoreLib, Version=10.0.0.0, Culture=neutral, PublicKeyToken=7cec85d7bea7798e],[System.String, System.Private.CoreLib, Version=10.0.0.0, Culture=neutral, PublicKeyToken=7cec85d7bea7798e],[System.String, System.Private.CoreLib, Version=10.0.0.0, Culture=neutral, PublicKeyToken=7cec85d7bea7798e],[System.String, System.Private.CoreLib, Version=10.0.0.0, Culture=neutral, PublicKeyToken=7cec85d7bea7798e],[System.String, System.Private.CoreLib, Version=10.0.0.0, Culture=neutral, PublicKeyToken=7cec85d7bea7798e]], LmsPortal.API, Version=1.0.0.0, Culture=neutral, PublicKeyToken=null],[System.String, System.Private.CoreLib, Version=10.0.0.0, Culture=neutral, PublicKeyToken=7cec85d7bea7798e]]'.
2026-08-03 15:36:02.295 +05:30 [INF] Executed action LmsPortal.API.Controllers.AuthController.LoginEmployee (LmsPortal.API) in 275.3158ms
2026-08-03 15:36:02.295 +05:30 [INF] Executed endpoint 'LmsPortal.API.Controllers.AuthController.LoginEmployee (LmsPortal.API)'
2026-08-03 15:36:02.295 +05:30 [INF] HTTP POST /api/auth/login/employee responded 200 in 284.2362 ms
2026-08-03 15:36:02.296 +05:30 [INF] Request finished HTTP/1.1 POST http://localhost:5000/api/auth/login/employee - 200 null application/json; charset=utf-8 286.8914ms
2026-08-03 15:43:33.405 +05:30 [INF] Request starting HTTP/1.1 POST http://localhost:5000/api/auth/login/hr - application/json 42
2026-08-03 15:43:33.410 +05:30 [INF] Executing endpoint 'LmsPortal.API.Controllers.AuthController.LoginHR (LmsPortal.API)'
2026-08-03 15:43:33.410 +05:30 [INF] Route matched with {action = "LoginHR", controller = "Auth"}. Executing controller action with signature System.Threading.Tasks.Task`1[Microsoft.AspNetCore.Mvc.IActionResult] LoginHR(LoginDto) on controller LmsPortal.API.Controllers.AuthController (LmsPortal.API).
2026-08-03 15:43:33.499 +05:30 [INF] Executed DbCommand (1ms) [Parameters=[@__ToUpper_0='?' (Size = 4000)], CommandType='"Text"', CommandTimeout='30']
SELECT TOP(1) [u].[Id], [u].[ConcurrencyStamp], [u].[CreatedAt], [u].[CreatedBy], [u].[Email], [u].[IsActive], [u].[IsDeleted], [u].[IsEmailConfirmed], [u].[NormalizedEmail], [u].[NormalizedUsername], [u].[PasswordHash], [u].[PhoneNumber], [u].[RoleId], [u].[RowVersion], [u].[SecurityStamp], [u].[UpdatedAt], [u].[UpdatedBy], [u].[Username], [r0].[Id], [r0].[CreatedAt], [r0].[CreatedBy], [r0].[Description], [r0].[IsDeleted], [r0].[NormalizedRoleName], [r0].[RoleName], [r0].[RowVersion], [r0].[UpdatedAt], [r0].[UpdatedBy]
FROM [sec].[Users] AS [u]
INNER JOIN (
    SELECT [r].[Id], [r].[CreatedAt], [r].[CreatedBy], [r].[Description], [r].[IsDeleted], [r].[NormalizedRoleName], [r].[RoleName], [r].[RowVersion], [r].[UpdatedAt], [r].[UpdatedBy]
    FROM [sec].[Roles] AS [r]
    WHERE [r].[IsDeleted] = CAST(0 AS bit)
) AS [r0] ON [u].[RoleId] = [r0].[Id]
WHERE [u].[IsDeleted] = CAST(0 AS bit) AND [u].[NormalizedUsername] = @__ToUpper_0 AND [u].[IsDeleted] = CAST(0 AS bit)
2026-08-03 15:43:33.768 +05:30 [INF] Executed DbCommand (2ms) [Parameters=[@p0='?' (DbType = Guid), @p1='?' (Size = 4000), @p2='?' (DbType = DateTime2), @p3='?' (Size = 4000), @p4='?' (Size = 4000), @p5='?' (Size = 4000), @p6='?' (Size = 4000), @p7='?' (DbType = Guid)], CommandType='"Text"', CommandTimeout='30']
SET IMPLICIT_TRANSACTIONS OFF;
SET NOCOUNT ON;
INSERT INTO [adm].[ActivityLogs] ([Id], [Action], [CreatedAt], [Details], [IpAddress], [Role], [UserAgent], [UserId])
VALUES (@p0, @p1, @p2, @p3, @p4, @p5, @p6, @p7);
2026-08-03 15:43:33.769 +05:30 [INF] Executing OkObjectResult, writing value of type '<>f__AnonymousType1`4[[System.Boolean, System.Private.CoreLib, Version=10.0.0.0, Culture=neutral, PublicKeyToken=7cec85d7bea7798e],[System.String, System.Private.CoreLib, Version=10.0.0.0, Culture=neutral, PublicKeyToken=7cec85d7bea7798e],[<>f__AnonymousType2`5[[System.Guid, System.Private.CoreLib, Version=10.0.0.0, Culture=neutral, PublicKeyToken=7cec85d7bea7798e],[System.String, System.Private.CoreLib, Version=10.0.0.0, Culture=neutral, PublicKeyToken=7cec85d7bea7798e],[System.String, System.Private.CoreLib, Version=10.0.0.0, Culture=neutral, PublicKeyToken=7cec85d7bea7798e],[System.String, System.Private.CoreLib, Version=10.0.0.0, Culture=neutral, PublicKeyToken=7cec85d7bea7798e],[System.String, System.Private.CoreLib, Version=10.0.0.0, Culture=neutral, PublicKeyToken=7cec85d7bea7798e]], LmsPortal.API, Version=1.0.0.0, Culture=neutral, PublicKeyToken=null],[System.String, System.Private.CoreLib, Version=10.0.0.0, Culture=neutral, PublicKeyToken=7cec85d7bea7798e]]'.
2026-08-03 15:43:33.769 +05:30 [INF] Executed action LmsPortal.API.Controllers.AuthController.LoginHR (LmsPortal.API) in 359.1244ms
2026-08-03 15:43:33.769 +05:30 [INF] Executed endpoint 'LmsPortal.API.Controllers.AuthController.LoginHR (LmsPortal.API)'
2026-08-03 15:43:33.769 +05:30 [INF] HTTP POST /api/auth/login/hr responded 200 in 362.9182 ms
2026-08-03 15:43:33.769 +05:30 [INF] Request finished HTTP/1.1 POST http://localhost:5000/api/auth/login/hr - 200 null application/json; charset=utf-8 364.387ms
2026-08-03 15:45:41.421 +05:30 [INF] Request starting HTTP/1.1 POST http://localhost:5000/api/auth/login/employee - application/json 24
2026-08-03 15:45:41.422 +05:30 [INF] Executing endpoint 'LmsPortal.API.Controllers.AuthController.LoginEmployee (LmsPortal.API)'
2026-08-03 15:45:41.422 +05:30 [INF] Route matched with {action = "LoginEmployee", controller = "Auth"}. Executing controller action with signature System.Threading.Tasks.Task`1[Microsoft.AspNetCore.Mvc.IActionResult] LoginEmployee(EmployeeLoginDto) on controller LmsPortal.API.Controllers.AuthController (LmsPortal.API).
2026-08-03 15:45:41.467 +05:30 [INF] Executed DbCommand (44ms) [Parameters=[@__ToUpper_0='?' (Size = 4000)], CommandType='"Text"', CommandTimeout='30']
SELECT TOP(1) [e].[Id], [e].[CreatedAt], [e].[CreatedBy], [e].[DepartmentId], [e].[DesignationId], [e].[EmployeeCode], [e].[EmploymentStatus], [e].[FirstName], [e].[IsDeleted], [e].[IsMasterTester], [e].[JoiningDate], [e].[LastName], [e].[MiddleName], [e].[OfficeId], [e].[OfficialEmail], [e].[RowVersion], [e].[UpdatedAt], [e].[UpdatedBy], [e].[UserId], [d0].[Id], [d0].[CreatedAt], [d0].[CreatedBy], [d0].[DepartmentCode], [d0].[DepartmentName], [d0].[Description], [d0].[IsActive], [d0].[IsDeleted], [d0].[RowVersion], [d0].[UpdatedAt], [d0].[UpdatedBy], [d2].[Id], [d2].[CreatedAt], [d2].[CreatedBy], [d2].[DesignationCode], [d2].[GradeLevel], [d2].[IsActive], [d2].[IsDeleted], [d2].[RowVersion], [d2].[Title], [d2].[UpdatedAt], [d2].[UpdatedBy], [o0].[Id], [o0].[City], [o0].[Country], [o0].[CreatedAt], [o0].[CreatedBy], [o0].[IsActive], [o0].[IsDeleted], [o0].[OfficeCode], [o0].[OfficeName], [o0].[RowVersion], [o0].[State], [o0].[UpdatedAt], [o0].[UpdatedBy], [u0].[Id], [u0].[ConcurrencyStamp], [u0].[CreatedAt], [u0].[CreatedBy], [u0].[Email], [u0].[IsActive], [u0].[IsDeleted], [u0].[IsEmailConfirmed], [u0].[NormalizedEmail], [u0].[NormalizedUsername], [u0].[PasswordHash], [u0].[PhoneNumber], [u0].[RoleId], [u0].[RowVersion], [u0].[SecurityStamp], [u0].[UpdatedAt], [u0].[UpdatedBy], [u0].[Username]
FROM [emp].[Employees] AS [e]
INNER JOIN (
    SELECT [d].[Id], [d].[CreatedAt], [d].[CreatedBy], [d].[DepartmentCode], [d].[DepartmentName], [d].[Description], [d].[IsActive], [d].[IsDeleted], [d].[RowVersion], [d].[UpdatedAt], [d].[UpdatedBy]
    FROM [org].[Departments] AS [d]
    WHERE [d].[IsDeleted] = CAST(0 AS bit)
) AS [d0] ON [e].[DepartmentId] = [d0].[Id]
INNER JOIN (
    SELECT [d1].[Id], [d1].[CreatedAt], [d1].[CreatedBy], [d1].[DesignationCode], [d1].[GradeLevel], [d1].[IsActive], [d1].[IsDeleted], [d1].[RowVersion], [d1].[Title], [d1].[UpdatedAt], [d1].[UpdatedBy]
    FROM [org].[Designations] AS [d1]
    WHERE [d1].[IsDeleted] = CAST(0 AS bit)
) AS [d2] ON [e].[DesignationId] = [d2].[Id]
INNER JOIN (
    SELECT [o].[Id], [o].[City], [o].[Country], [o].[CreatedAt], [o].[CreatedBy], [o].[IsActive], [o].[IsDeleted], [o].[OfficeCode], [o].[OfficeName], [o].[RowVersion], [o].[State], [o].[UpdatedAt], [o].[UpdatedBy]
    FROM [org].[Offices] AS [o]
    WHERE [o].[IsDeleted] = CAST(0 AS bit)
) AS [o0] ON [e].[OfficeId] = [o0].[Id]
INNER JOIN (
    SELECT [u].[Id], [u].[ConcurrencyStamp], [u].[CreatedAt], [u].[CreatedBy], [u].[Email], [u].[IsActive], [u].[IsDeleted], [u].[IsEmailConfirmed], [u].[NormalizedEmail], [u].[NormalizedUsername], [u].[PasswordHash], [u].[PhoneNumber], [u].[RoleId], [u].[RowVersion], [u].[SecurityStamp], [u].[UpdatedAt], [u].[UpdatedBy], [u].[Username]
    FROM [sec].[Users] AS [u]
    WHERE [u].[IsDeleted] = CAST(0 AS bit)
) AS [u0] ON [e].[UserId] = [u0].[Id]
WHERE [e].[IsDeleted] = CAST(0 AS bit) AND UPPER([e].[EmployeeCode]) = @__ToUpper_0 AND [e].[IsDeleted] = CAST(0 AS bit)
2026-08-03 15:45:41.468 +05:30 [INF] Executing UnauthorizedObjectResult, writing value of type '<>f__AnonymousType0`2[[System.Boolean, System.Private.CoreLib, Version=10.0.0.0, Culture=neutral, PublicKeyToken=7cec85d7bea7798e],[System.String, System.Private.CoreLib, Version=10.0.0.0, Culture=neutral, PublicKeyToken=7cec85d7bea7798e]]'.
2026-08-03 15:45:41.469 +05:30 [INF] Executed action LmsPortal.API.Controllers.AuthController.LoginEmployee (LmsPortal.API) in 47.5837ms
2026-08-03 15:45:41.470 +05:30 [INF] Executed endpoint 'LmsPortal.API.Controllers.AuthController.LoginEmployee (LmsPortal.API)'
2026-08-03 15:45:41.470 +05:30 [INF] HTTP POST /api/auth/login/employee responded 401 in 48.0812 ms
2026-08-03 15:45:41.470 +05:30 [INF] Request finished HTTP/1.1 POST http://localhost:5000/api/auth/login/employee - 401 null application/json; charset=utf-8 48.5301ms
2026-08-03 15:50:59.970 +05:30 [INF] Request starting HTTP/1.1 POST http://localhost:5000/api/auth/login/hr - application/json 42
2026-08-03 15:50:59.971 +05:30 [INF] Executing endpoint 'LmsPortal.API.Controllers.AuthController.LoginHR (LmsPortal.API)'
2026-08-03 15:50:59.971 +05:30 [INF] Route matched with {action = "LoginHR", controller = "Auth"}. Executing controller action with signature System.Threading.Tasks.Task`1[Microsoft.AspNetCore.Mvc.IActionResult] LoginHR(LoginDto) on controller LmsPortal.API.Controllers.AuthController (LmsPortal.API).
2026-08-03 15:50:59.990 +05:30 [INF] Executed DbCommand (1ms) [Parameters=[@__ToUpper_0='?' (Size = 4000)], CommandType='"Text"', CommandTimeout='30']
SELECT TOP(1) [u].[Id], [u].[ConcurrencyStamp], [u].[CreatedAt], [u].[CreatedBy], [u].[Email], [u].[IsActive], [u].[IsDeleted], [u].[IsEmailConfirmed], [u].[NormalizedEmail], [u].[NormalizedUsername], [u].[PasswordHash], [u].[PhoneNumber], [u].[RoleId], [u].[RowVersion], [u].[SecurityStamp], [u].[UpdatedAt], [u].[UpdatedBy], [u].[Username], [r0].[Id], [r0].[CreatedAt], [r0].[CreatedBy], [r0].[Description], [r0].[IsDeleted], [r0].[NormalizedRoleName], [r0].[RoleName], [r0].[RowVersion], [r0].[UpdatedAt], [r0].[UpdatedBy]
FROM [sec].[Users] AS [u]
INNER JOIN (
    SELECT [r].[Id], [r].[CreatedAt], [r].[CreatedBy], [r].[Description], [r].[IsDeleted], [r].[NormalizedRoleName], [r].[RoleName], [r].[RowVersion], [r].[UpdatedAt], [r].[UpdatedBy]
    FROM [sec].[Roles] AS [r]
    WHERE [r].[IsDeleted] = CAST(0 AS bit)
) AS [r0] ON [u].[RoleId] = [r0].[Id]
WHERE [u].[IsDeleted] = CAST(0 AS bit) AND [u].[NormalizedUsername] = @__ToUpper_0 AND [u].[IsDeleted] = CAST(0 AS bit)
2026-08-03 15:51:00.125 +05:30 [INF] Executed DbCommand (1ms) [Parameters=[@p0='?' (DbType = Guid), @p1='?' (Size = 4000), @p2='?' (DbType = DateTime2), @p3='?' (Size = 4000), @p4='?' (Size = 4000), @p5='?' (Size = 4000), @p6='?' (Size = 4000), @p7='?' (DbType = Guid)], CommandType='"Text"', CommandTimeout='30']
SET IMPLICIT_TRANSACTIONS OFF;
SET NOCOUNT ON;
INSERT INTO [adm].[ActivityLogs] ([Id], [Action], [CreatedAt], [Details], [IpAddress], [Role], [UserAgent], [UserId])
VALUES (@p0, @p1, @p2, @p3, @p4, @p5, @p6, @p7);
2026-08-03 15:51:00.126 +05:30 [INF] Executing OkObjectResult, writing value of type '<>f__AnonymousType1`4[[System.Boolean, System.Private.CoreLib, Version=10.0.0.0, Culture=neutral, PublicKeyToken=7cec85d7bea7798e],[System.String, System.Private.CoreLib, Version=10.0.0.0, Culture=neutral, PublicKeyToken=7cec85d7bea7798e],[<>f__AnonymousType2`5[[System.Guid, System.Private.CoreLib, Version=10.0.0.0, Culture=neutral, PublicKeyToken=7cec85d7bea7798e],[System.String, System.Private.CoreLib, Version=10.0.0.0, Culture=neutral, PublicKeyToken=7cec85d7bea7798e],[System.String, System.Private.CoreLib, Version=10.0.0.0, Culture=neutral, PublicKeyToken=7cec85d7bea7798e],[System.String, System.Private.CoreLib, Version=10.0.0.0, Culture=neutral, PublicKeyToken=7cec85d7bea7798e],[System.String, System.Private.CoreLib, Version=10.0.0.0, Culture=neutral, PublicKeyToken=7cec85d7bea7798e]], LmsPortal.API, Version=1.0.0.0, Culture=neutral, PublicKeyToken=null],[System.String, System.Private.CoreLib, Version=10.0.0.0, Culture=neutral, PublicKeyToken=7cec85d7bea7798e]]'.
2026-08-03 15:51:00.126 +05:30 [INF] Executed action LmsPortal.API.Controllers.AuthController.LoginHR (LmsPortal.API) in 154.7333ms
2026-08-03 15:51:00.126 +05:30 [INF] Executed endpoint 'LmsPortal.API.Controllers.AuthController.LoginHR (LmsPortal.API)'
2026-08-03 15:51:00.126 +05:30 [INF] HTTP POST /api/auth/login/hr responded 200 in 155.2371 ms
2026-08-03 15:51:00.126 +05:30 [INF] Request finished HTTP/1.1 POST http://localhost:5000/api/auth/login/hr - 200 null application/json; charset=utf-8 155.7786ms
2026-08-03 15:51:00.140 +05:30 [INF] Request starting HTTP/1.1 POST http://localhost:5000/api/employees - application/json 360
2026-08-03 15:51:00.188 +05:30 [INF] Executing endpoint 'LmsPortal.API.Controllers.EmployeesController.UpsertEmployee (LmsPortal.API)'
2026-08-03 15:51:00.194 +05:30 [INF] Route matched with {action = "UpsertEmployee", controller = "Employees"}. Executing controller action with signature System.Threading.Tasks.Task`1[Microsoft.AspNetCore.Mvc.IActionResult] UpsertEmployee(UpsertEmployeeDto) on controller LmsPortal.API.Controllers.EmployeesController (LmsPortal.API).
2026-08-03 15:51:00.249 +05:30 [INF] Executed DbCommand (10ms) [Parameters=[@p0='?' (DbType = Guid), @p1='?' (Size = 4000), @p2='?' (DbType = DateTime2), @p3='?' (Size = 4000), @p4='?' (Size = 4000), @p5='?' (DbType = Boolean), @p6='?' (DbType = Boolean), @p7='?' (DbType = Boolean), @p8='?' (Size = 4000), @p9='?' (Size = 4000), @p10='?' (Size = 4000), @p11='?' (Size = 4000), @p12='?' (DbType = Guid), @p13='?' (Size = 4000), @p14='?' (DbType = DateTime2), @p15='?' (Size = 4000), @p16='?' (Size = 4000), @p17='?' (DbType = Guid), @p18='?' (DbType = DateTime2), @p19='?' (Size = 4000), @p20='?' (DbType = Guid), @p21='?' (DbType = Guid), @p22='?' (Size = 4000), @p23='?' (Size = 4000), @p24='?' (Size = 4000), @p25='?' (DbType = Boolean), @p26='?' (DbType = Boolean), @p27='?' (DbType = DateTime2), @p28='?' (Size = 4000), @p29='?' (Size = 4000), @p30='?' (DbType = Guid), @p31='?' (Size = 4000), @p32='?' (DbType = DateTime2), @p33='?' (Size = 4000), @p34='?' (DbType = Guid)], CommandType='"Text"', CommandTimeout='30']
SET NOCOUNT ON;
INSERT INTO [sec].[Users] ([Id], [ConcurrencyStamp], [CreatedAt], [CreatedBy], [Email], [IsActive], [IsDeleted], [IsEmailConfirmed], [NormalizedEmail], [NormalizedUsername], [PasswordHash], [PhoneNumber], [RoleId], [SecurityStamp], [UpdatedAt], [UpdatedBy], [Username])
OUTPUT INSERTED.[RowVersion]
VALUES (@p0, @p1, @p2, @p3, @p4, @p5, @p6, @p7, @p8, @p9, @p10, @p11, @p12, @p13, @p14, @p15, @p16);
INSERT INTO [emp].[Employees] ([Id], [CreatedAt], [CreatedBy], [DepartmentId], [DesignationId], [EmployeeCode], [EmploymentStatus], [FirstName], [IsDeleted], [IsMasterTester], [JoiningDate], [LastName], [MiddleName], [OfficeId], [OfficialEmail], [UpdatedAt], [UpdatedBy], [UserId])
OUTPUT INSERTED.[RowVersion]
VALUES (@p17, @p18, @p19, @p20, @p21, @p22, @p23, @p24, @p25, @p26, @p27, @p28, @p29, @p30, @p31, @p32, @p33, @p34);
2026-08-03 15:51:00.277 +05:30 [INF] Executing OkObjectResult, writing value of type '<>f__AnonymousType11`3[[System.Boolean, System.Private.CoreLib, Version=10.0.0.0, Culture=neutral, PublicKeyToken=7cec85d7bea7798e],[LmsPortal.Core.Entities.Employee, LmsPortal.Core, Version=1.0.0.0, Culture=neutral, PublicKeyToken=null],[System.String, System.Private.CoreLib, Version=10.0.0.0, Culture=neutral, PublicKeyToken=7cec85d7bea7798e]]'.
2026-08-03 15:51:00.323 +05:30 [INF] Executed action LmsPortal.API.Controllers.EmployeesController.UpsertEmployee (LmsPortal.API) in 129.3951ms
2026-08-03 15:51:00.324 +05:30 [INF] Executed endpoint 'LmsPortal.API.Controllers.EmployeesController.UpsertEmployee (LmsPortal.API)'
2026-08-03 15:51:00.324 +05:30 [ERR] HTTP POST /api/employees responded 500 in 184.3057 ms
System.Text.Json.JsonException: A possible object cycle was detected. This can either be due to a cycle or if the object depth is larger than the maximum allowed depth of 32. Consider using ReferenceHandler.Preserve on JsonSerializerOptions to support cycles. Path: $.data.User.Employee.User.Employee.User.Employee.User.Employee.User.Employee.User.Employee.User.Employee.User.Employee.User.Employee.User.Employee.User.Employee.User.Employee.User.Employee.User.Employee.User.Employee.UserId.
   at System.Text.Json.ThrowHelper.ThrowJsonException_SerializerCycleDetected(Int32 maxDepth)
   at System.Text.Json.Serialization.JsonConverter`1.TryWrite(Utf8JsonWriter writer, T& value, JsonSerializerOptions options, WriteStack& state)
   at System.Text.Json.Serialization.Metadata.JsonPropertyInfo`1.GetMemberAndWriteJson(Object obj, WriteStack& state, Utf8JsonWriter writer)
   at System.Text.Json.Serialization.Converters.ObjectDefaultConverter`1.OnTryWrite(Utf8JsonWriter writer, T value, JsonSerializerOptions options, WriteStack& state)
   at System.Text.Json.Serialization.JsonConverter`1.TryWrite(Utf8JsonWriter writer, T& value, JsonSerializerOptions options, WriteStack& state)
   at System.Text.Json.Serialization.Metadata.JsonPropertyInfo`1.GetMemberAndWriteJson(Object obj, WriteStack& state, Utf8JsonWriter writer)
   at System.Text.Json.Serialization.Converters.ObjectDefaultConverter`1.OnTryWrite(Utf8JsonWriter writer, T value, JsonSerializerOptions options, WriteStack& state)
   at System.Text.Json.Serialization.JsonConverter`1.TryWrite(Utf8JsonWriter writer, T& value, JsonSerializerOptions options, WriteStack& state)
   at System.Text.Json.Serialization.Metadata.JsonPropertyInfo`1.GetMemberAndWriteJson(Object obj, WriteStack& state, Utf8JsonWriter writer)
   at System.Text.Json.Serialization.Converters.ObjectDefaultConverter`1.OnTryWrite(Utf8JsonWriter writer, T value, JsonSerializerOptions options, WriteStack& state)
   at System.Text.Json.Serialization.JsonConverter`1.TryWrite(Utf8JsonWriter writer, T& value, JsonSerializerOptions options, WriteStack& state)
   at System.Text.Json.Serialization.Metadata.JsonPropertyInfo`1.GetMemberAndWriteJson(Object obj, WriteStack& state, Utf8JsonWriter writer)
   at System.Text.Json.Serialization.Converters.ObjectDefaultConverter`1.OnTryWrite(Utf8JsonWriter writer, T value, JsonSerializerOptions options, WriteStack& state)
   at System.Text.Json.Serialization.JsonConverter`1.TryWrite(Utf8JsonWriter writer, T& value, JsonSerializerOptions options, WriteStack& state)
   at System.Text.Json.Serialization.Metadata.JsonPropertyInfo`1.GetMemberAndWriteJson(Object obj, WriteStack& state, Utf8JsonWriter writer)
   at System.Text.Json.Serialization.Converters.ObjectDefaultConverter`1.OnTryWrite(Utf8JsonWriter writer, T value, JsonSerializerOptions options, WriteStack& state)
   at System.Text.Json.Serialization.JsonConverter`1.TryWrite(Utf8JsonWriter writer, T& value, JsonSerializerOptions options, WriteStack& state)
   at System.Text.Json.Serialization.Metadata.JsonPropertyInfo`1.GetMemberAndWriteJson(Object obj, WriteStack& state, Utf8JsonWriter writer)
   at System.Text.Json.Serialization.Converters.ObjectDefaultConverter`1.OnTryWrite(Utf8JsonWriter writer, T value, JsonSerializerOptions options, WriteStack& state)
   at System.Text.Json.Serialization.JsonConverter`1.TryWrite(Utf8JsonWriter writer, T& value, JsonSerializerOptions options, WriteStack& state)
   at System.Text.Json.Serialization.Metadata.JsonPropertyInfo`1.GetMemberAndWriteJson(Object obj, WriteStack& state, Utf8JsonWriter writer)
   at System.Text.Json.Serialization.Converters.ObjectDefaultConverter`1.OnTryWrite(Utf8JsonWriter writer, T value, JsonSerializerOptions options, WriteStack& state)
   at System.Text.Json.Serialization.JsonConverter`1.TryWrite(Utf8JsonWriter writer, T& value, JsonSerializerOptions options, WriteStack& state)
   at System.Text.Json.Serialization.Metadata.JsonPropertyInfo`1.GetMemberAndWriteJson(Object obj, WriteStack& state, Utf8JsonWriter writer)
   at System.Text.Json.Serialization.Converters.ObjectDefaultConverter`1.OnTryWrite(Utf8JsonWriter writer, T value, JsonSerializerOptions options, WriteStack& state)
   at System.Text.Json.Serialization.JsonConverter`1.TryWrite(Utf8JsonWriter writer, T& value, JsonSerializerOptions options, WriteStack& state)
   at System.Text.Json.Serialization.Metadata.JsonPropertyInfo`1.GetMemberAndWriteJson(Object obj, WriteStack& state, Utf8JsonWriter writer)
   at System.Text.Json.Serialization.Converters.ObjectDefaultConverter`1.OnTryWrite(Utf8JsonWriter writer, T value, JsonSerializerOptions options, WriteStack& state)
   at System.Text.Json.Serialization.JsonConverter`1.TryWrite(Utf8JsonWriter writer, T& value, JsonSerializerOptions options, WriteStack& state)
   at System.Text.Json.Serialization.Metadata.JsonPropertyInfo`1.GetMemberAndWriteJson(Object obj, WriteStack& state, Utf8JsonWriter writer)
   at System.Text.Json.Serialization.Converters.ObjectDefaultConverter`1.OnTryWrite(Utf8JsonWriter writer, T value, JsonSerializerOptions options, WriteStack& state)
   at System.Text.Json.Serialization.JsonConverter`1.TryWrite(Utf8JsonWriter writer, T& value, JsonSerializerOptions options, WriteStack& state)
   at System.Text.Json.Serialization.Metadata.JsonPropertyInfo`1.GetMemberAndWriteJson(Object obj, WriteStack& state, Utf8JsonWriter writer)
   at System.Text.Json.Serialization.Converters.ObjectDefaultConverter`1.OnTryWrite(Utf8JsonWriter writer, T value, JsonSerializerOptions options, WriteStack& state)
   at System.Text.Json.Serialization.JsonConverter`1.TryWrite(Utf8JsonWriter writer, T& value, JsonSerializerOptions options, WriteStack& state)
   at System.Text.Json.Serialization.Metadata.JsonPropertyInfo`1.GetMemberAndWriteJson(Object obj, WriteStack& state, Utf8JsonWriter writer)
   at System.Text.Json.Serialization.Converters.ObjectDefaultConverter`1.OnTryWrite(Utf8JsonWriter writer, T value, JsonSerializerOptions options, WriteStack& state)
   at System.Text.Json.Serialization.JsonConverter`1.TryWrite(Utf8JsonWriter writer, T& value, JsonSerializerOptions options, WriteStack& state)
   at System.Text.Json.Serialization.Metadata.JsonPropertyInfo`1.GetMemberAndWriteJson(Object obj, WriteStack& state, Utf8JsonWriter writer)
   at System.Text.Json.Serialization.Converters.ObjectDefaultConverter`1.OnTryWrite(Utf8JsonWriter writer, T value, JsonSerializerOptions options, WriteStack& state)
   at System.Text.Json.Serialization.JsonConverter`1.TryWrite(Utf8JsonWriter writer, T& value, JsonSerializerOptions options, WriteStack& state)
   at System.Text.Json.Serialization.Metadata.JsonPropertyInfo`1.GetMemberAndWriteJson(Object obj, WriteStack& state, Utf8JsonWriter writer)
   at System.Text.Json.Serialization.Converters.ObjectDefaultConverter`1.OnTryWrite(Utf8JsonWriter writer, T value, JsonSerializerOptions options, WriteStack& state)
   at System.Text.Json.Serialization.JsonConverter`1.TryWrite(Utf8JsonWriter writer, T& value, JsonSerializerOptions options, WriteStack& state)
   at System.Text.Json.Serialization.Metadata.JsonPropertyInfo`1.GetMemberAndWriteJson(Object obj, WriteStack& state, Utf8JsonWriter writer)
   at System.Text.Json.Serialization.Converters.ObjectDefaultConverter`1.OnTryWrite(Utf8JsonWriter writer, T value, JsonSerializerOptions options, WriteStack& state)
   at System.Text.Json.Serialization.JsonConverter`1.TryWrite(Utf8JsonWriter writer, T& value, JsonSerializerOptions options, WriteStack& state)
   at System.Text.Json.Serialization.Metadata.JsonPropertyInfo`1.GetMemberAndWriteJson(Object obj, WriteStack& state, Utf8JsonWriter writer)
   at System.Text.Json.Serialization.Converters.ObjectDefaultConverter`1.OnTryWrite(Utf8JsonWriter writer, T value, JsonSerializerOptions options, WriteStack& state)
   at System.Text.Json.Serialization.JsonConverter`1.TryWrite(Utf8JsonWriter writer, T& value, JsonSerializerOptions options, WriteStack& state)
   at System.Text.Json.Serialization.Metadata.JsonPropertyInfo`1.GetMemberAndWriteJson(Object obj, WriteStack& state, Utf8JsonWriter writer)
   at System.Text.Json.Serialization.Converters.ObjectDefaultConverter`1.OnTryWrite(Utf8JsonWriter writer, T value, JsonSerializerOptions options, WriteStack& state)
   at System.Text.Json.Serialization.JsonConverter`1.TryWrite(Utf8JsonWriter writer, T& value, JsonSerializerOptions options, WriteStack& state)
   at System.Text.Json.Serialization.Metadata.JsonPropertyInfo`1.GetMemberAndWriteJson(Object obj, WriteStack& state, Utf8JsonWriter writer)
   at System.Text.Json.Serialization.Converters.ObjectDefaultConverter`1.OnTryWrite(Utf8JsonWriter writer, T value, JsonSerializerOptions options, WriteStack& state)
   at System.Text.Json.Serialization.JsonConverter`1.TryWrite(Utf8JsonWriter writer, T& value, JsonSerializerOptions options, WriteStack& state)
   at System.Text.Json.Serialization.Metadata.JsonPropertyInfo`1.GetMemberAndWriteJson(Object obj, WriteStack& state, Utf8JsonWriter writer)
   at System.Text.Json.Serialization.Converters.ObjectDefaultConverter`1.OnTryWrite(Utf8JsonWriter writer, T value, JsonSerializerOptions options, WriteStack& state)
   at System.Text.Json.Serialization.JsonConverter`1.TryWrite(Utf8JsonWriter writer, T& value, JsonSerializerOptions options, WriteStack& state)
   at System.Text.Json.Serialization.Metadata.JsonPropertyInfo`1.GetMemberAndWriteJson(Object obj, WriteStack& state, Utf8JsonWriter writer)
   at System.Text.Json.Serialization.Converters.ObjectDefaultConverter`1.OnTryWrite(Utf8JsonWriter writer, T value, JsonSerializerOptions options, WriteStack& state)
   at System.Text.Json.Serialization.JsonConverter`1.TryWrite(Utf8JsonWriter writer, T& value, JsonSerializerOptions options, WriteStack& state)
   at System.Text.Json.Serialization.Metadata.JsonPropertyInfo`1.GetMemberAndWriteJson(Object obj, WriteStack& state, Utf8JsonWriter writer)
   at System.Text.Json.Serialization.Converters.ObjectDefaultConverter`1.OnTryWrite(Utf8JsonWriter writer, T value, JsonSerializerOptions options, WriteStack& state)
   at System.Text.Json.Serialization.JsonConverter`1.TryWrite(Utf8JsonWriter writer, T& value, JsonSerializerOptions options, WriteStack& state)
   at System.Text.Json.Serialization.Metadata.JsonPropertyInfo`1.GetMemberAndWriteJson(Object obj, WriteStack& state, Utf8JsonWriter writer)
   at System.Text.Json.Serialization.Converters.ObjectDefaultConverter`1.OnTryWrite(Utf8JsonWriter writer, T value, JsonSerializerOptions options, WriteStack& state)
   at System.Text.Json.Serialization.JsonConverter`1.TryWrite(Utf8JsonWriter writer, T& value, JsonSerializerOptions options, WriteStack& state)
   at System.Text.Json.Serialization.Metadata.JsonPropertyInfo`1.GetMemberAndWriteJson(Object obj, WriteStack& state, Utf8JsonWriter writer)
   at System.Text.Json.Serialization.Converters.ObjectDefaultConverter`1.OnTryWrite(Utf8JsonWriter writer, T value, JsonSerializerOptions options, WriteStack& state)
   at System.Text.Json.Serialization.JsonConverter`1.TryWrite(Utf8JsonWriter writer, T& value, JsonSerializerOptions options, WriteStack& state)
   at System.Text.Json.Serialization.Metadata.JsonPropertyInfo`1.GetMemberAndWriteJson(Object obj, WriteStack& state, Utf8JsonWriter writer)
   at System.Text.Json.Serialization.Converters.ObjectDefaultConverter`1.OnTryWrite(Utf8JsonWriter writer, T value, JsonSerializerOptions options, WriteStack& state)
   at System.Text.Json.Serialization.JsonConverter`1.TryWrite(Utf8JsonWriter writer, T& value, JsonSerializerOptions options, WriteStack& state)
   at System.Text.Json.Serialization.Metadata.JsonPropertyInfo`1.GetMemberAndWriteJson(Object obj, WriteStack& state, Utf8JsonWriter writer)
   at System.Text.Json.Serialization.Converters.ObjectDefaultConverter`1.OnTryWrite(Utf8JsonWriter writer, T value, JsonSerializerOptions options, WriteStack& state)
   at System.Text.Json.Serialization.JsonConverter`1.TryWrite(Utf8JsonWriter writer, T& value, JsonSerializerOptions options, WriteStack& state)
   at System.Text.Json.Serialization.Metadata.JsonPropertyInfo`1.GetMemberAndWriteJson(Object obj, WriteStack& state, Utf8JsonWriter writer)
   at System.Text.Json.Serialization.Converters.ObjectDefaultConverter`1.OnTryWrite(Utf8JsonWriter writer, T value, JsonSerializerOptions options, WriteStack& state)
   at System.Text.Json.Serialization.JsonConverter`1.TryWrite(Utf8JsonWriter writer, T& value, JsonSerializerOptions options, WriteStack& state)
   at System.Text.Json.Serialization.Metadata.JsonPropertyInfo`1.GetMemberAndWriteJson(Object obj, WriteStack& state, Utf8JsonWriter writer)
   at System.Text.Json.Serialization.Converters.ObjectDefaultConverter`1.OnTryWrite(Utf8JsonWriter writer, T value, JsonSerializerOptions options, WriteStack& state)
   at System.Text.Json.Serialization.JsonConverter`1.TryWrite(Utf8JsonWriter writer, T& value, JsonSerializerOptions options, WriteStack& state)
   at System.Text.Json.Serialization.Metadata.JsonPropertyInfo`1.GetMemberAndWriteJson(Object obj, WriteStack& state, Utf8JsonWriter writer)
   at System.Text.Json.Serialization.Converters.ObjectDefaultConverter`1.OnTryWrite(Utf8JsonWriter writer, T value, JsonSerializerOptions options, WriteStack& state)
   at System.Text.Json.Serialization.JsonConverter`1.TryWrite(Utf8JsonWriter writer, T& value, JsonSerializerOptions options, WriteStack& state)
   at System.Text.Json.Serialization.Metadata.JsonPropertyInfo`1.GetMemberAndWriteJson(Object obj, WriteStack& state, Utf8JsonWriter writer)
   at System.Text.Json.Serialization.Converters.ObjectDefaultConverter`1.OnTryWrite(Utf8JsonWriter writer, T value, JsonSerializerOptions options, WriteStack& state)
   at System.Text.Json.Serialization.JsonConverter`1.TryWrite(Utf8JsonWriter writer, T& value, JsonSerializerOptions options, WriteStack& state)
   at System.Text.Json.Serialization.Metadata.JsonPropertyInfo`1.GetMemberAndWriteJson(Object obj, WriteStack& state, Utf8JsonWriter writer)
   at System.Text.Json.Serialization.Converters.ObjectDefaultConverter`1.OnTryWrite(Utf8JsonWriter writer, T value, JsonSerializerOptions options, WriteStack& state)
   at System.Text.Json.Serialization.JsonConverter`1.TryWrite(Utf8JsonWriter writer, T& value, JsonSerializerOptions options, WriteStack& state)
   at System.Text.Json.Serialization.Metadata.JsonPropertyInfo`1.GetMemberAndWriteJson(Object obj, WriteStack& state, Utf8JsonWriter writer)
   at System.Text.Json.Serialization.Converters.ObjectDefaultConverter`1.OnTryWrite(Utf8JsonWriter writer, T value, JsonSerializerOptions options, WriteStack& state)
   at System.Text.Json.Serialization.JsonConverter`1.TryWrite(Utf8JsonWriter writer, T& value, JsonSerializerOptions options, WriteStack& state)
   at System.Text.Json.Serialization.Metadata.JsonPropertyInfo`1.GetMemberAndWriteJson(Object obj, WriteStack& state, Utf8JsonWriter writer)
   at System.Text.Json.Serialization.Converters.ObjectDefaultConverter`1.OnTryWrite(Utf8JsonWriter writer, T value, JsonSerializerOptions options, WriteStack& state)
   at System.Text.Json.Serialization.JsonConverter`1.TryWrite(Utf8JsonWriter writer, T& value, JsonSerializerOptions options, WriteStack& state)
   at System.Text.Json.Serialization.JsonConverter`1.WriteCore(Utf8JsonWriter writer, T& value, JsonSerializerOptions options, WriteStack& state)
   at System.Text.Json.Serialization.Metadata.JsonTypeInfo`1.SerializeAsync(PipeWriter pipeWriter, T rootValue, Int32 flushThreshold, CancellationToken cancellationToken, Object rootValueBoxed)
   at System.Text.Json.Serialization.Metadata.JsonTypeInfo`1.SerializeAsync(PipeWriter pipeWriter, T rootValue, Int32 flushThreshold, CancellationToken cancellationToken, Object rootValueBoxed)
   at System.Text.Json.Serialization.Metadata.JsonTypeInfo`1.SerializeAsync(PipeWriter pipeWriter, T rootValue, Int32 flushThreshold, CancellationToken cancellationToken, Object rootValueBoxed)
   at Microsoft.AspNetCore.Mvc.Formatters.SystemTextJsonOutputFormatter.WriteResponseBodyAsync(OutputFormatterWriteContext context, Encoding selectedEncoding)
   at Microsoft.AspNetCore.Mvc.Infrastructure.ResourceInvoker.<InvokeNextResultFilterAsync>g__Awaited|30_0[TFilter,TFilterAsync](ResourceInvoker invoker, Task lastTask, State next, Scope scope, Object state, Boolean isCompleted)
   at Microsoft.AspNetCore.Mvc.Infrastructure.ResourceInvoker.Rethrow(ResultExecutedContextSealed context)
   at Microsoft.AspNetCore.Mvc.Infrastructure.ResourceInvoker.ResultNext[TFilter,TFilterAsync](State& next, Scope& scope, Object& state, Boolean& isCompleted)
   at Microsoft.AspNetCore.Mvc.Infrastructure.ResourceInvoker.InvokeResultFilters()
--- End of stack trace from previous location ---
   at Microsoft.AspNetCore.Mvc.Infrastructure.ResourceInvoker.<InvokeFilterPipelineAsync>g__Awaited|20_0(ResourceInvoker invoker, Task lastTask, State next, Scope scope, Object state, Boolean isCompleted)
   at Microsoft.AspNetCore.Mvc.Infrastructure.ResourceInvoker.<InvokeAsync>g__Logged|17_1(ResourceInvoker invoker)
   at Microsoft.AspNetCore.Mvc.Infrastructure.ResourceInvoker.<InvokeAsync>g__Logged|17_1(ResourceInvoker invoker)
   at Microsoft.AspNetCore.Routing.EndpointMiddleware.<Invoke>g__AwaitRequestTask|7_0(Endpoint endpoint, Task requestTask, ILogger logger)
   at Microsoft.AspNetCore.Authorization.AuthorizationMiddleware.Invoke(HttpContext context)
   at Microsoft.AspNetCore.Authentication.AuthenticationMiddleware.Invoke(HttpContext context)
   at Serilog.AspNetCore.RequestLoggingMiddleware.Invoke(HttpContext httpContext)
2026-08-03 15:51:00.554 +05:30 [ERR] An unhandled exception has occurred while executing the request.
System.Text.Json.JsonException: A possible object cycle was detected. This can either be due to a cycle or if the object depth is larger than the maximum allowed depth of 32. Consider using ReferenceHandler.Preserve on JsonSerializerOptions to support cycles. Path: $.data.User.Employee.User.Employee.User.Employee.User.Employee.User.Employee.User.Employee.User.Employee.User.Employee.User.Employee.User.Employee.User.Employee.User.Employee.User.Employee.User.Employee.User.Employee.UserId.
   at System.Text.Json.ThrowHelper.ThrowJsonException_SerializerCycleDetected(Int32 maxDepth)
   at System.Text.Json.Serialization.JsonConverter`1.TryWrite(Utf8JsonWriter writer, T& value, JsonSerializerOptions options, WriteStack& state)
   at System.Text.Json.Serialization.Metadata.JsonPropertyInfo`1.GetMemberAndWriteJson(Object obj, WriteStack& state, Utf8JsonWriter writer)
   at System.Text.Json.Serialization.Converters.ObjectDefaultConverter`1.OnTryWrite(Utf8JsonWriter writer, T value, JsonSerializerOptions options, WriteStack& state)
   at System.Text.Json.Serialization.JsonConverter`1.TryWrite(Utf8JsonWriter writer, T& value, JsonSerializerOptions options, WriteStack& state)
   at System.Text.Json.Serialization.Metadata.JsonPropertyInfo`1.GetMemberAndWriteJson(Object obj, WriteStack& state, Utf8JsonWriter writer)
   at System.Text.Json.Serialization.Converters.ObjectDefaultConverter`1.OnTryWrite(Utf8JsonWriter writer, T value, JsonSerializerOptions options, WriteStack& state)
   at System.Text.Json.Serialization.JsonConverter`1.TryWrite(Utf8JsonWriter writer, T& value, JsonSerializerOptions options, WriteStack& state)
   at System.Text.Json.Serialization.Metadata.JsonPropertyInfo`1.GetMemberAndWriteJson(Object obj, WriteStack& state, Utf8JsonWriter writer)
   at System.Text.Json.Serialization.Converters.ObjectDefaultConverter`1.OnTryWrite(Utf8JsonWriter writer, T value, JsonSerializerOptions options, WriteStack& state)
   at System.Text.Json.Serialization.JsonConverter`1.TryWrite(Utf8JsonWriter writer, T& value, JsonSerializerOptions options, WriteStack& state)
   at System.Text.Json.Serialization.Metadata.JsonPropertyInfo`1.GetMemberAndWriteJson(Object obj, WriteStack& state, Utf8JsonWriter writer)
   at System.Text.Json.Serialization.Converters.ObjectDefaultConverter`1.OnTryWrite(Utf8JsonWriter writer, T value, JsonSerializerOptions options, WriteStack& state)
   at System.Text.Json.Serialization.JsonConverter`1.TryWrite(Utf8JsonWriter writer, T& value, JsonSerializerOptions options, WriteStack& state)
   at System.Text.Json.Serialization.Metadata.JsonPropertyInfo`1.GetMemberAndWriteJson(Object obj, WriteStack& state, Utf8JsonWriter writer)
   at System.Text.Json.Serialization.Converters.ObjectDefaultConverter`1.OnTryWrite(Utf8JsonWriter writer, T value, JsonSerializerOptions options, WriteStack& state)
   at System.Text.Json.Serialization.JsonConverter`1.TryWrite(Utf8JsonWriter writer, T& value, JsonSerializerOptions options, WriteStack& state)
   at System.Text.Json.Serialization.Metadata.JsonPropertyInfo`1.GetMemberAndWriteJson(Object obj, WriteStack& state, Utf8JsonWriter writer)
   at System.Text.Json.Serialization.Converters.ObjectDefaultConverter`1.OnTryWrite(Utf8JsonWriter writer, T value, JsonSerializerOptions options, WriteStack& state)
   at System.Text.Json.Serialization.JsonConverter`1.TryWrite(Utf8JsonWriter writer, T& value, JsonSerializerOptions options, WriteStack& state)
   at System.Text.Json.Serialization.Metadata.JsonPropertyInfo`1.GetMemberAndWriteJson(Object obj, WriteStack& state, Utf8JsonWriter writer)
   at System.Text.Json.Serialization.Converters.ObjectDefaultConverter`1.OnTryWrite(Utf8JsonWriter writer, T value, JsonSerializerOptions options, WriteStack& state)
   at System.Text.Json.Serialization.JsonConverter`1.TryWrite(Utf8JsonWriter writer, T& value, JsonSerializerOptions options, WriteStack& state)
   at System.Text.Json.Serialization.Metadata.JsonPropertyInfo`1.GetMemberAndWriteJson(Object obj, WriteStack& state, Utf8JsonWriter writer)
   at System.Text.Json.Serialization.Converters.ObjectDefaultConverter`1.OnTryWrite(Utf8JsonWriter writer, T value, JsonSerializerOptions options, WriteStack& state)
   at System.Text.Json.Serialization.JsonConverter`1.TryWrite(Utf8JsonWriter writer, T& value, JsonSerializerOptions options, WriteStack& state)
   at System.Text.Json.Serialization.Metadata.JsonPropertyInfo`1.GetMemberAndWriteJson(Object obj, WriteStack& state, Utf8JsonWriter writer)
   at System.Text.Json.Serialization.Converters.ObjectDefaultConverter`1.OnTryWrite(Utf8JsonWriter writer, T value, JsonSerializerOptions options, WriteStack& state)
   at System.Text.Json.Serialization.JsonConverter`1.TryWrite(Utf8JsonWriter writer, T& value, JsonSerializerOptions options, WriteStack& state)
   at System.Text.Json.Serialization.Metadata.JsonPropertyInfo`1.GetMemberAndWriteJson(Object obj, WriteStack& state, Utf8JsonWriter writer)
   at System.Text.Json.Serialization.Converters.ObjectDefaultConverter`1.OnTryWrite(Utf8JsonWriter writer, T value, JsonSerializerOptions options, WriteStack& state)
   at System.Text.Json.Serialization.JsonConverter`1.TryWrite(Utf8JsonWriter writer, T& value, JsonSerializerOptions options, WriteStack& state)
   at System.Text.Json.Serialization.Metadata.JsonPropertyInfo`1.GetMemberAndWriteJson(Object obj, WriteStack& state, Utf8JsonWriter writer)
   at System.Text.Json.Serialization.Converters.ObjectDefaultConverter`1.OnTryWrite(Utf8JsonWriter writer, T value, JsonSerializerOptions options, WriteStack& state)
   at System.Text.Json.Serialization.JsonConverter`1.TryWrite(Utf8JsonWriter writer, T& value, JsonSerializerOptions options, WriteStack& state)
   at System.Text.Json.Serialization.Metadata.JsonPropertyInfo`1.GetMemberAndWriteJson(Object obj, WriteStack& state, Utf8JsonWriter writer)
   at System.Text.Json.Serialization.Converters.ObjectDefaultConverter`1.OnTryWrite(Utf8JsonWriter writer, T value, JsonSerializerOptions options, WriteStack& state)
   at System.Text.Json.Serialization.JsonConverter`1.TryWrite(Utf8JsonWriter writer, T& value, JsonSerializerOptions options, WriteStack& state)
   at System.Text.Json.Serialization.Metadata.JsonPropertyInfo`1.GetMemberAndWriteJson(Object obj, WriteStack& state, Utf8JsonWriter writer)
   at System.Text.Json.Serialization.Converters.ObjectDefaultConverter`1.OnTryWrite(Utf8JsonWriter writer, T value, JsonSerializerOptions options, WriteStack& state)
   at System.Text.Json.Serialization.JsonConverter`1.TryWrite(Utf8JsonWriter writer, T& value, JsonSerializerOptions options, WriteStack& state)
   at System.Text.Json.Serialization.Metadata.JsonPropertyInfo`1.GetMemberAndWriteJson(Object obj, WriteStack& state, Utf8JsonWriter writer)
   at System.Text.Json.Serialization.Converters.ObjectDefaultConverter`1.OnTryWrite(Utf8JsonWriter writer, T value, JsonSerializerOptions options, WriteStack& state)
   at System.Text.Json.Serialization.JsonConverter`1.TryWrite(Utf8JsonWriter writer, T& value, JsonSerializerOptions options, WriteStack& state)
   at System.Text.Json.Serialization.Metadata.JsonPropertyInfo`1.GetMemberAndWriteJson(Object obj, WriteStack& state, Utf8JsonWriter writer)
   at System.Text.Json.Serialization.Converters.ObjectDefaultConverter`1.OnTryWrite(Utf8JsonWriter writer, T value, JsonSerializerOptions options, WriteStack& state)
   at System.Text.Json.Serialization.JsonConverter`1.TryWrite(Utf8JsonWriter writer, T& value, JsonSerializerOptions options, WriteStack& state)
   at System.Text.Json.Serialization.Metadata.JsonPropertyInfo`1.GetMemberAndWriteJson(Object obj, WriteStack& state, Utf8JsonWriter writer)
   at System.Text.Json.Serialization.Converters.ObjectDefaultConverter`1.OnTryWrite(Utf8JsonWriter writer, T value, JsonSerializerOptions options, WriteStack& state)
   at System.Text.Json.Serialization.JsonConverter`1.TryWrite(Utf8JsonWriter writer, T& value, JsonSerializerOptions options, WriteStack& state)
   at System.Text.Json.Serialization.Metadata.JsonPropertyInfo`1.GetMemberAndWriteJson(Object obj, WriteStack& state, Utf8JsonWriter writer)
   at System.Text.Json.Serialization.Converters.ObjectDefaultConverter`1.OnTryWrite(Utf8JsonWriter writer, T value, JsonSerializerOptions options, WriteStack& state)
   at System.Text.Json.Serialization.JsonConverter`1.TryWrite(Utf8JsonWriter writer, T& value, JsonSerializerOptions options, WriteStack& state)
   at System.Text.Json.Serialization.Metadata.JsonPropertyInfo`1.GetMemberAndWriteJson(Object obj, WriteStack& state, Utf8JsonWriter writer)
   at System.Text.Json.Serialization.Converters.ObjectDefaultConverter`1.OnTryWrite(Utf8JsonWriter writer, T value, JsonSerializerOptions options, WriteStack& state)
   at System.Text.Json.Serialization.JsonConverter`1.TryWrite(Utf8JsonWriter writer, T& value, JsonSerializerOptions options, WriteStack& state)
   at System.Text.Json.Serialization.Metadata.JsonPropertyInfo`1.GetMemberAndWriteJson(Object obj, WriteStack& state, Utf8JsonWriter writer)
   at System.Text.Json.Serialization.Converters.ObjectDefaultConverter`1.OnTryWrite(Utf8JsonWriter writer, T value, JsonSerializerOptions options, WriteStack& state)
   at System.Text.Json.Serialization.JsonConverter`1.TryWrite(Utf8JsonWriter writer, T& value, JsonSerializerOptions options, WriteStack& state)
   at System.Text.Json.Serialization.Metadata.JsonPropertyInfo`1.GetMemberAndWriteJson(Object obj, WriteStack& state, Utf8JsonWriter writer)
   at System.Text.Json.Serialization.Converters.ObjectDefaultConverter`1.OnTryWrite(Utf8JsonWriter writer, T value, JsonSerializerOptions options, WriteStack& state)
   at System.Text.Json.Serialization.JsonConverter`1.TryWrite(Utf8JsonWriter writer, T& value, JsonSerializerOptions options, WriteStack& state)
   at System.Text.Json.Serialization.Metadata.JsonPropertyInfo`1.GetMemberAndWriteJson(Object obj, WriteStack& state, Utf8JsonWriter writer)
   at System.Text.Json.Serialization.Converters.ObjectDefaultConverter`1.OnTryWrite(Utf8JsonWriter writer, T value, JsonSerializerOptions options, WriteStack& state)
   at System.Text.Json.Serialization.JsonConverter`1.TryWrite(Utf8JsonWriter writer, T& value, JsonSerializerOptions options, WriteStack& state)
   at System.Text.Json.Serialization.Metadata.JsonPropertyInfo`1.GetMemberAndWriteJson(Object obj, WriteStack& state, Utf8JsonWriter writer)
   at System.Text.Json.Serialization.Converters.ObjectDefaultConverter`1.OnTryWrite(Utf8JsonWriter writer, T value, JsonSerializerOptions options, WriteStack& state)
   at System.Text.Json.Serialization.JsonConverter`1.TryWrite(Utf8JsonWriter writer, T& value, JsonSerializerOptions options, WriteStack& state)
   at System.Text.Json.Serialization.Metadata.JsonPropertyInfo`1.GetMemberAndWriteJson(Object obj, WriteStack& state, Utf8JsonWriter writer)
   at System.Text.Json.Serialization.Converters.ObjectDefaultConverter`1.OnTryWrite(Utf8JsonWriter writer, T value, JsonSerializerOptions options, WriteStack& state)
   at System.Text.Json.Serialization.JsonConverter`1.TryWrite(Utf8JsonWriter writer, T& value, JsonSerializerOptions options, WriteStack& state)
   at System.Text.Json.Serialization.Metadata.JsonPropertyInfo`1.GetMemberAndWriteJson(Object obj, WriteStack& state, Utf8JsonWriter writer)
   at System.Text.Json.Serialization.Converters.ObjectDefaultConverter`1.OnTryWrite(Utf8JsonWriter writer, T value, JsonSerializerOptions options, WriteStack& state)
   at System.Text.Json.Serialization.JsonConverter`1.TryWrite(Utf8JsonWriter writer, T& value, JsonSerializerOptions options, WriteStack& state)
   at System.Text.Json.Serialization.Metadata.JsonPropertyInfo`1.GetMemberAndWriteJson(Object obj, WriteStack& state, Utf8JsonWriter writer)
   at System.Text.Json.Serialization.Converters.ObjectDefaultConverter`1.OnTryWrite(Utf8JsonWriter writer, T value, JsonSerializerOptions options, WriteStack& state)
   at System.Text.Json.Serialization.JsonConverter`1.TryWrite(Utf8JsonWriter writer, T& value, JsonSerializerOptions options, WriteStack& state)
   at System.Text.Json.Serialization.Metadata.JsonPropertyInfo`1.GetMemberAndWriteJson(Object obj, WriteStack& state, Utf8JsonWriter writer)
   at System.Text.Json.Serialization.Converters.ObjectDefaultConverter`1.OnTryWrite(Utf8JsonWriter writer, T value, JsonSerializerOptions options, WriteStack& state)
   at System.Text.Json.Serialization.JsonConverter`1.TryWrite(Utf8JsonWriter writer, T& value, JsonSerializerOptions options, WriteStack& state)
   at System.Text.Json.Serialization.Metadata.JsonPropertyInfo`1.GetMemberAndWriteJson(Object obj, WriteStack& state, Utf8JsonWriter writer)
   at System.Text.Json.Serialization.Converters.ObjectDefaultConverter`1.OnTryWrite(Utf8JsonWriter writer, T value, JsonSerializerOptions options, WriteStack& state)
   at System.Text.Json.Serialization.JsonConverter`1.TryWrite(Utf8JsonWriter writer, T& value, JsonSerializerOptions options, WriteStack& state)
   at System.Text.Json.Serialization.Metadata.JsonPropertyInfo`1.GetMemberAndWriteJson(Object obj, WriteStack& state, Utf8JsonWriter writer)
   at System.Text.Json.Serialization.Converters.ObjectDefaultConverter`1.OnTryWrite(Utf8JsonWriter writer, T value, JsonSerializerOptions options, WriteStack& state)
   at System.Text.Json.Serialization.JsonConverter`1.TryWrite(Utf8JsonWriter writer, T& value, JsonSerializerOptions options, WriteStack& state)
   at System.Text.Json.Serialization.Metadata.JsonPropertyInfo`1.GetMemberAndWriteJson(Object obj, WriteStack& state, Utf8JsonWriter writer)
   at System.Text.Json.Serialization.Converters.ObjectDefaultConverter`1.OnTryWrite(Utf8JsonWriter writer, T value, JsonSerializerOptions options, WriteStack& state)
   at System.Text.Json.Serialization.JsonConverter`1.TryWrite(Utf8JsonWriter writer, T& value, JsonSerializerOptions options, WriteStack& state)
   at System.Text.Json.Serialization.Metadata.JsonPropertyInfo`1.GetMemberAndWriteJson(Object obj, WriteStack& state, Utf8JsonWriter writer)
   at System.Text.Json.Serialization.Converters.ObjectDefaultConverter`1.OnTryWrite(Utf8JsonWriter writer, T value, JsonSerializerOptions options, WriteStack& state)
   at System.Text.Json.Serialization.JsonConverter`1.TryWrite(Utf8JsonWriter writer, T& value, JsonSerializerOptions options, WriteStack& state)
   at System.Text.Json.Serialization.Metadata.JsonPropertyInfo`1.GetMemberAndWriteJson(Object obj, WriteStack& state, Utf8JsonWriter writer)
   at System.Text.Json.Serialization.Converters.ObjectDefaultConverter`1.OnTryWrite(Utf8JsonWriter writer, T value, JsonSerializerOptions options, WriteStack& state)
   at System.Text.Json.Serialization.JsonConverter`1.TryWrite(Utf8JsonWriter writer, T& value, JsonSerializerOptions options, WriteStack& state)
   at System.Text.Json.Serialization.Metadata.JsonPropertyInfo`1.GetMemberAndWriteJson(Object obj, WriteStack& state, Utf8JsonWriter writer)
   at System.Text.Json.Serialization.Converters.ObjectDefaultConverter`1.OnTryWrite(Utf8JsonWriter writer, T value, JsonSerializerOptions options, WriteStack& state)
   at System.Text.Json.Serialization.JsonConverter`1.TryWrite(Utf8JsonWriter writer, T& value, JsonSerializerOptions options, WriteStack& state)
   at System.Text.Json.Serialization.JsonConverter`1.WriteCore(Utf8JsonWriter writer, T& value, JsonSerializerOptions options, WriteStack& state)
   at System.Text.Json.Serialization.Metadata.JsonTypeInfo`1.SerializeAsync(PipeWriter pipeWriter, T rootValue, Int32 flushThreshold, CancellationToken cancellationToken, Object rootValueBoxed)
   at System.Text.Json.Serialization.Metadata.JsonTypeInfo`1.SerializeAsync(PipeWriter pipeWriter, T rootValue, Int32 flushThreshold, CancellationToken cancellationToken, Object rootValueBoxed)
   at System.Text.Json.Serialization.Metadata.JsonTypeInfo`1.SerializeAsync(PipeWriter pipeWriter, T rootValue, Int32 flushThreshold, CancellationToken cancellationToken, Object rootValueBoxed)
   at Microsoft.AspNetCore.Mvc.Formatters.SystemTextJsonOutputFormatter.WriteResponseBodyAsync(OutputFormatterWriteContext context, Encoding selectedEncoding)
   at Microsoft.AspNetCore.Mvc.Infrastructure.ResourceInvoker.<InvokeNextResultFilterAsync>g__Awaited|30_0[TFilter,TFilterAsync](ResourceInvoker invoker, Task lastTask, State next, Scope scope, Object state, Boolean isCompleted)
   at Microsoft.AspNetCore.Mvc.Infrastructure.ResourceInvoker.Rethrow(ResultExecutedContextSealed context)
   at Microsoft.AspNetCore.Mvc.Infrastructure.ResourceInvoker.ResultNext[TFilter,TFilterAsync](State& next, Scope& scope, Object& state, Boolean& isCompleted)
   at Microsoft.AspNetCore.Mvc.Infrastructure.ResourceInvoker.InvokeResultFilters()
--- End of stack trace from previous location ---
   at Microsoft.AspNetCore.Mvc.Infrastructure.ResourceInvoker.<InvokeFilterPipelineAsync>g__Awaited|20_0(ResourceInvoker invoker, Task lastTask, State next, Scope scope, Object state, Boolean isCompleted)
   at Microsoft.AspNetCore.Mvc.Infrastructure.ResourceInvoker.<InvokeAsync>g__Logged|17_1(ResourceInvoker invoker)
   at Microsoft.AspNetCore.Mvc.Infrastructure.ResourceInvoker.<InvokeAsync>g__Logged|17_1(ResourceInvoker invoker)
   at Microsoft.AspNetCore.Routing.EndpointMiddleware.<Invoke>g__AwaitRequestTask|7_0(Endpoint endpoint, Task requestTask, ILogger logger)
   at Microsoft.AspNetCore.Authorization.AuthorizationMiddleware.Invoke(HttpContext context)
   at Microsoft.AspNetCore.Authentication.AuthenticationMiddleware.Invoke(HttpContext context)
   at Serilog.AspNetCore.RequestLoggingMiddleware.Invoke(HttpContext httpContext)
   at Swashbuckle.AspNetCore.SwaggerUI.SwaggerUIMiddleware.Invoke(HttpContext httpContext)
   at Swashbuckle.AspNetCore.Swagger.SwaggerMiddleware.Invoke(HttpContext httpContext, ISwaggerProvider swaggerProvider)
   at Microsoft.AspNetCore.Diagnostics.DeveloperExceptionPageMiddlewareImpl.Invoke(HttpContext context)
2026-08-03 15:51:00.561 +05:30 [INF] Request finished HTTP/1.1 POST http://localhost:5000/api/employees - 500 null text/plain; charset=utf-8 421.1114ms
2026-08-03 15:51:08.515 +05:30 [INF] Request starting HTTP/1.1 POST http://localhost:5000/api/auth/login/hr - application/json 42
2026-08-03 15:51:08.516 +05:30 [INF] Executing endpoint 'LmsPortal.API.Controllers.AuthController.LoginHR (LmsPortal.API)'
2026-08-03 15:51:08.516 +05:30 [INF] Route matched with {action = "LoginHR", controller = "Auth"}. Executing controller action with signature System.Threading.Tasks.Task`1[Microsoft.AspNetCore.Mvc.IActionResult] LoginHR(LoginDto) on controller LmsPortal.API.Controllers.AuthController (LmsPortal.API).
2026-08-03 15:51:08.557 +05:30 [INF] Executed DbCommand (39ms) [Parameters=[@__ToUpper_0='?' (Size = 4000)], CommandType='"Text"', CommandTimeout='30']
SELECT TOP(1) [u].[Id], [u].[ConcurrencyStamp], [u].[CreatedAt], [u].[CreatedBy], [u].[Email], [u].[IsActive], [u].[IsDeleted], [u].[IsEmailConfirmed], [u].[NormalizedEmail], [u].[NormalizedUsername], [u].[PasswordHash], [u].[PhoneNumber], [u].[RoleId], [u].[RowVersion], [u].[SecurityStamp], [u].[UpdatedAt], [u].[UpdatedBy], [u].[Username], [r0].[Id], [r0].[CreatedAt], [r0].[CreatedBy], [r0].[Description], [r0].[IsDeleted], [r0].[NormalizedRoleName], [r0].[RoleName], [r0].[RowVersion], [r0].[UpdatedAt], [r0].[UpdatedBy]
FROM [sec].[Users] AS [u]
INNER JOIN (
    SELECT [r].[Id], [r].[CreatedAt], [r].[CreatedBy], [r].[Description], [r].[IsDeleted], [r].[NormalizedRoleName], [r].[RoleName], [r].[RowVersion], [r].[UpdatedAt], [r].[UpdatedBy]
    FROM [sec].[Roles] AS [r]
    WHERE [r].[IsDeleted] = CAST(0 AS bit)
) AS [r0] ON [u].[RoleId] = [r0].[Id]
WHERE [u].[IsDeleted] = CAST(0 AS bit) AND [u].[NormalizedUsername] = @__ToUpper_0 AND [u].[IsDeleted] = CAST(0 AS bit)
2026-08-03 15:51:08.722 +05:30 [INF] Executed DbCommand (2ms) [Parameters=[@p0='?' (DbType = Guid), @p1='?' (Size = 4000), @p2='?' (DbType = DateTime2), @p3='?' (Size = 4000), @p4='?' (Size = 4000), @p5='?' (Size = 4000), @p6='?' (Size = 4000), @p7='?' (DbType = Guid)], CommandType='"Text"', CommandTimeout='30']
SET IMPLICIT_TRANSACTIONS OFF;
SET NOCOUNT ON;
INSERT INTO [adm].[ActivityLogs] ([Id], [Action], [CreatedAt], [Details], [IpAddress], [Role], [UserAgent], [UserId])
VALUES (@p0, @p1, @p2, @p3, @p4, @p5, @p6, @p7);
2026-08-03 15:51:08.722 +05:30 [INF] Executing OkObjectResult, writing value of type '<>f__AnonymousType1`4[[System.Boolean, System.Private.CoreLib, Version=10.0.0.0, Culture=neutral, PublicKeyToken=7cec85d7bea7798e],[System.String, System.Private.CoreLib, Version=10.0.0.0, Culture=neutral, PublicKeyToken=7cec85d7bea7798e],[<>f__AnonymousType2`5[[System.Guid, System.Private.CoreLib, Version=10.0.0.0, Culture=neutral, PublicKeyToken=7cec85d7bea7798e],[System.String, System.Private.CoreLib, Version=10.0.0.0, Culture=neutral, PublicKeyToken=7cec85d7bea7798e],[System.String, System.Private.CoreLib, Version=10.0.0.0, Culture=neutral, PublicKeyToken=7cec85d7bea7798e],[System.String, System.Private.CoreLib, Version=10.0.0.0, Culture=neutral, PublicKeyToken=7cec85d7bea7798e],[System.String, System.Private.CoreLib, Version=10.0.0.0, Culture=neutral, PublicKeyToken=7cec85d7bea7798e]], LmsPortal.API, Version=1.0.0.0, Culture=neutral, PublicKeyToken=null],[System.String, System.Private.CoreLib, Version=10.0.0.0, Culture=neutral, PublicKeyToken=7cec85d7bea7798e]]'.
2026-08-03 15:51:08.723 +05:30 [INF] Executed action LmsPortal.API.Controllers.AuthController.LoginHR (LmsPortal.API) in 206.6571ms
2026-08-03 15:51:08.723 +05:30 [INF] Executed endpoint 'LmsPortal.API.Controllers.AuthController.LoginHR (LmsPortal.API)'
2026-08-03 15:51:08.723 +05:30 [INF] HTTP POST /api/auth/login/hr responded 200 in 207.0976 ms
2026-08-03 15:51:08.723 +05:30 [INF] Request finished HTTP/1.1 POST http://localhost:5000/api/auth/login/hr - 200 null application/json; charset=utf-8 207.6246ms
2026-08-03 15:51:08.735 +05:30 [INF] Request starting HTTP/1.1 POST http://localhost:5000/api/employees - application/json 360
2026-08-03 15:51:08.737 +05:30 [INF] Executing endpoint 'LmsPortal.API.Controllers.EmployeesController.UpsertEmployee (LmsPortal.API)'
2026-08-03 15:51:08.737 +05:30 [INF] Route matched with {action = "UpsertEmployee", controller = "Employees"}. Executing controller action with signature System.Threading.Tasks.Task`1[Microsoft.AspNetCore.Mvc.IActionResult] UpsertEmployee(UpsertEmployeeDto) on controller LmsPortal.API.Controllers.EmployeesController (LmsPortal.API).
2026-08-03 15:51:08.744 +05:30 [INF] Executed DbCommand (3ms) [Parameters=[@p0='?' (DbType = Guid), @p1='?' (Size = 4000), @p2='?' (DbType = DateTime2), @p3='?' (Size = 4000), @p4='?' (Size = 4000), @p5='?' (DbType = Boolean), @p6='?' (DbType = Boolean), @p7='?' (DbType = Boolean), @p8='?' (Size = 4000), @p9='?' (Size = 4000), @p10='?' (Size = 4000), @p11='?' (Size = 4000), @p12='?' (DbType = Guid), @p13='?' (Size = 4000), @p14='?' (DbType = DateTime2), @p15='?' (Size = 4000), @p16='?' (Size = 4000), @p17='?' (DbType = Guid), @p18='?' (DbType = DateTime2), @p19='?' (Size = 4000), @p20='?' (DbType = Guid), @p21='?' (DbType = Guid), @p22='?' (Size = 4000), @p23='?' (Size = 4000), @p24='?' (Size = 4000), @p25='?' (DbType = Boolean), @p26='?' (DbType = Boolean), @p27='?' (DbType = DateTime2), @p28='?' (Size = 4000), @p29='?' (Size = 4000), @p30='?' (DbType = Guid), @p31='?' (Size = 4000), @p32='?' (DbType = DateTime2), @p33='?' (Size = 4000), @p34='?' (DbType = Guid)], CommandType='"Text"', CommandTimeout='30']
SET NOCOUNT ON;
INSERT INTO [sec].[Users] ([Id], [ConcurrencyStamp], [CreatedAt], [CreatedBy], [Email], [IsActive], [IsDeleted], [IsEmailConfirmed], [NormalizedEmail], [NormalizedUsername], [PasswordHash], [PhoneNumber], [RoleId], [SecurityStamp], [UpdatedAt], [UpdatedBy], [Username])
OUTPUT INSERTED.[RowVersion]
VALUES (@p0, @p1, @p2, @p3, @p4, @p5, @p6, @p7, @p8, @p9, @p10, @p11, @p12, @p13, @p14, @p15, @p16);
INSERT INTO [emp].[Employees] ([Id], [CreatedAt], [CreatedBy], [DepartmentId], [DesignationId], [EmployeeCode], [EmploymentStatus], [FirstName], [IsDeleted], [IsMasterTester], [JoiningDate], [LastName], [MiddleName], [OfficeId], [OfficialEmail], [UpdatedAt], [UpdatedBy], [UserId])
OUTPUT INSERTED.[RowVersion]
VALUES (@p17, @p18, @p19, @p20, @p21, @p22, @p23, @p24, @p25, @p26, @p27, @p28, @p29, @p30, @p31, @p32, @p33, @p34);
2026-08-03 15:51:08.753 +05:30 [INF] Executing OkObjectResult, writing value of type '<>f__AnonymousType11`3[[System.Boolean, System.Private.CoreLib, Version=10.0.0.0, Culture=neutral, PublicKeyToken=7cec85d7bea7798e],[LmsPortal.Core.Entities.Employee, LmsPortal.Core, Version=1.0.0.0, Culture=neutral, PublicKeyToken=null],[System.String, System.Private.CoreLib, Version=10.0.0.0, Culture=neutral, PublicKeyToken=7cec85d7bea7798e]]'.
2026-08-03 15:51:08.753 +05:30 [INF] Executed action LmsPortal.API.Controllers.EmployeesController.UpsertEmployee (LmsPortal.API) in 16.1445ms
2026-08-03 15:51:08.753 +05:30 [INF] Executed endpoint 'LmsPortal.API.Controllers.EmployeesController.UpsertEmployee (LmsPortal.API)'
2026-08-03 15:51:08.753 +05:30 [ERR] HTTP POST /api/employees responded 500 in 18.4131 ms
System.Text.Json.JsonException: A possible object cycle was detected. This can either be due to a cycle or if the object depth is larger than the maximum allowed depth of 32. Consider using ReferenceHandler.Preserve on JsonSerializerOptions to support cycles. Path: $.data.User.Employee.User.Employee.User.Employee.User.Employee.User.Employee.User.Employee.User.Employee.User.Employee.User.Employee.User.Employee.User.Employee.User.Employee.User.Employee.User.Employee.User.Employee.UserId.
   at System.Text.Json.ThrowHelper.ThrowJsonException_SerializerCycleDetected(Int32 maxDepth)
   at System.Text.Json.Serialization.JsonConverter`1.TryWrite(Utf8JsonWriter writer, T& value, JsonSerializerOptions options, WriteStack& state)
   at System.Text.Json.Serialization.Metadata.JsonPropertyInfo`1.GetMemberAndWriteJson(Object obj, WriteStack& state, Utf8JsonWriter writer)
   at System.Text.Json.Serialization.Converters.ObjectDefaultConverter`1.OnTryWrite(Utf8JsonWriter writer, T value, JsonSerializerOptions options, WriteStack& state)
   at System.Text.Json.Serialization.JsonConverter`1.TryWrite(Utf8JsonWriter writer, T& value, JsonSerializerOptions options, WriteStack& state)
   at System.Text.Json.Serialization.Metadata.JsonPropertyInfo`1.GetMemberAndWriteJson(Object obj, WriteStack& state, Utf8JsonWriter writer)
   at System.Text.Json.Serialization.Converters.ObjectDefaultConverter`1.OnTryWrite(Utf8JsonWriter writer, T value, JsonSerializerOptions options, WriteStack& state)
   at System.Text.Json.Serialization.JsonConverter`1.TryWrite(Utf8JsonWriter writer, T& value, JsonSerializerOptions options, WriteStack& state)
   at System.Text.Json.Serialization.Metadata.JsonPropertyInfo`1.GetMemberAndWriteJson(Object obj, WriteStack& state, Utf8JsonWriter writer)
   at System.Text.Json.Serialization.Converters.ObjectDefaultConverter`1.OnTryWrite(Utf8JsonWriter writer, T value, JsonSerializerOptions options, WriteStack& state)
   at System.Text.Json.Serialization.JsonConverter`1.TryWrite(Utf8JsonWriter writer, T& value, JsonSerializerOptions options, WriteStack& state)
   at System.Text.Json.Serialization.Metadata.JsonPropertyInfo`1.GetMemberAndWriteJson(Object obj, WriteStack& state, Utf8JsonWriter writer)
   at System.Text.Json.Serialization.Converters.ObjectDefaultConverter`1.OnTryWrite(Utf8JsonWriter writer, T value, JsonSerializerOptions options, WriteStack& state)
   at System.Text.Json.Serialization.JsonConverter`1.TryWrite(Utf8JsonWriter writer, T& value, JsonSerializerOptions options, WriteStack& state)
   at System.Text.Json.Serialization.Metadata.JsonPropertyInfo`1.GetMemberAndWriteJson(Object obj, WriteStack& state, Utf8JsonWriter writer)
   at System.Text.Json.Serialization.Converters.ObjectDefaultConverter`1.OnTryWrite(Utf8JsonWriter writer, T value, JsonSerializerOptions options, WriteStack& state)
   at System.Text.Json.Serialization.JsonConverter`1.TryWrite(Utf8JsonWriter writer, T& value, JsonSerializerOptions options, WriteStack& state)
   at System.Text.Json.Serialization.Metadata.JsonPropertyInfo`1.GetMemberAndWriteJson(Object obj, WriteStack& state, Utf8JsonWriter writer)
   at System.Text.Json.Serialization.Converters.ObjectDefaultConverter`1.OnTryWrite(Utf8JsonWriter writer, T value, JsonSerializerOptions options, WriteStack& state)
   at System.Text.Json.Serialization.JsonConverter`1.TryWrite(Utf8JsonWriter writer, T& value, JsonSerializerOptions options, WriteStack& state)
   at System.Text.Json.Serialization.Metadata.JsonPropertyInfo`1.GetMemberAndWriteJson(Object obj, WriteStack& state, Utf8JsonWriter writer)
   at System.Text.Json.Serialization.Converters.ObjectDefaultConverter`1.OnTryWrite(Utf8JsonWriter writer, T value, JsonSerializerOptions options, WriteStack& state)
   at System.Text.Json.Serialization.JsonConverter`1.TryWrite(Utf8JsonWriter writer, T& value, JsonSerializerOptions options, WriteStack& state)
   at System.Text.Json.Serialization.Metadata.JsonPropertyInfo`1.GetMemberAndWriteJson(Object obj, WriteStack& state, Utf8JsonWriter writer)
   at System.Text.Json.Serialization.Converters.ObjectDefaultConverter`1.OnTryWrite(Utf8JsonWriter writer, T value, JsonSerializerOptions options, WriteStack& state)
   at System.Text.Json.Serialization.JsonConverter`1.TryWrite(Utf8JsonWriter writer, T& value, JsonSerializerOptions options, WriteStack& state)
   at System.Text.Json.Serialization.Metadata.JsonPropertyInfo`1.GetMemberAndWriteJson(Object obj, WriteStack& state, Utf8JsonWriter writer)
   at System.Text.Json.Serialization.Converters.ObjectDefaultConverter`1.OnTryWrite(Utf8JsonWriter writer, T value, JsonSerializerOptions options, WriteStack& state)
   at System.Text.Json.Serialization.JsonConverter`1.TryWrite(Utf8JsonWriter writer, T& value, JsonSerializerOptions options, WriteStack& state)
   at System.Text.Json.Serialization.Metadata.JsonPropertyInfo`1.GetMemberAndWriteJson(Object obj, WriteStack& state, Utf8JsonWriter writer)
   at System.Text.Json.Serialization.Converters.ObjectDefaultConverter`1.OnTryWrite(Utf8JsonWriter writer, T value, JsonSerializerOptions options, WriteStack& state)
   at System.Text.Json.Serialization.JsonConverter`1.TryWrite(Utf8JsonWriter writer, T& value, JsonSerializerOptions options, WriteStack& state)
   at System.Text.Json.Serialization.Metadata.JsonPropertyInfo`1.GetMemberAndWriteJson(Object obj, WriteStack& state, Utf8JsonWriter writer)
   at System.Text.Json.Serialization.Converters.ObjectDefaultConverter`1.OnTryWrite(Utf8JsonWriter writer, T value, JsonSerializerOptions options, WriteStack& state)
   at System.Text.Json.Serialization.JsonConverter`1.TryWrite(Utf8JsonWriter writer, T& value, JsonSerializerOptions options, WriteStack& state)
   at System.Text.Json.Serialization.Metadata.JsonPropertyInfo`1.GetMemberAndWriteJson(Object obj, WriteStack& state, Utf8JsonWriter writer)
   at System.Text.Json.Serialization.Converters.ObjectDefaultConverter`1.OnTryWrite(Utf8JsonWriter writer, T value, JsonSerializerOptions options, WriteStack& state)
   at System.Text.Json.Serialization.JsonConverter`1.TryWrite(Utf8JsonWriter writer, T& value, JsonSerializerOptions options, WriteStack& state)
   at System.Text.Json.Serialization.Metadata.JsonPropertyInfo`1.GetMemberAndWriteJson(Object obj, WriteStack& state, Utf8JsonWriter writer)
   at System.Text.Json.Serialization.Converters.ObjectDefaultConverter`1.OnTryWrite(Utf8JsonWriter writer, T value, JsonSerializerOptions options, WriteStack& state)
   at System.Text.Json.Serialization.JsonConverter`1.TryWrite(Utf8JsonWriter writer, T& value, JsonSerializerOptions options, WriteStack& state)
   at System.Text.Json.Serialization.Metadata.JsonPropertyInfo`1.GetMemberAndWriteJson(Object obj, WriteStack& state, Utf8JsonWriter writer)
   at System.Text.Json.Serialization.Converters.ObjectDefaultConverter`1.OnTryWrite(Utf8JsonWriter writer, T value, JsonSerializerOptions options, WriteStack& state)
   at System.Text.Json.Serialization.JsonConverter`1.TryWrite(Utf8JsonWriter writer, T& value, JsonSerializerOptions options, WriteStack& state)
   at System.Text.Json.Serialization.Metadata.JsonPropertyInfo`1.GetMemberAndWriteJson(Object obj, WriteStack& state, Utf8JsonWriter writer)
   at System.Text.Json.Serialization.Converters.ObjectDefaultConverter`1.OnTryWrite(Utf8JsonWriter writer, T value, JsonSerializerOptions options, WriteStack& state)
   at System.Text.Json.Serialization.JsonConverter`1.TryWrite(Utf8JsonWriter writer, T& value, JsonSerializerOptions options, WriteStack& state)
   at System.Text.Json.Serialization.Metadata.JsonPropertyInfo`1.GetMemberAndWriteJson(Object obj, WriteStack& state, Utf8JsonWriter writer)
   at System.Text.Json.Serialization.Converters.ObjectDefaultConverter`1.OnTryWrite(Utf8JsonWriter writer, T value, JsonSerializerOptions options, WriteStack& state)
   at System.Text.Json.Serialization.JsonConverter`1.TryWrite(Utf8JsonWriter writer, T& value, JsonSerializerOptions options, WriteStack& state)
   at System.Text.Json.Serialization.Metadata.JsonPropertyInfo`1.GetMemberAndWriteJson(Object obj, WriteStack& state, Utf8JsonWriter writer)
   at System.Text.Json.Serialization.Converters.ObjectDefaultConverter`1.OnTryWrite(Utf8JsonWriter writer, T value, JsonSerializerOptions options, WriteStack& state)
   at System.Text.Json.Serialization.JsonConverter`1.TryWrite(Utf8JsonWriter writer, T& value, JsonSerializerOptions options, WriteStack& state)
   at System.Text.Json.Serialization.Metadata.JsonPropertyInfo`1.GetMemberAndWriteJson(Object obj, WriteStack& state, Utf8JsonWriter writer)
   at System.Text.Json.Serialization.Converters.ObjectDefaultConverter`1.OnTryWrite(Utf8JsonWriter writer, T value, JsonSerializerOptions options, WriteStack& state)
   at System.Text.Json.Serialization.JsonConverter`1.TryWrite(Utf8JsonWriter writer, T& value, JsonSerializerOptions options, WriteStack& state)
   at System.Text.Json.Serialization.Metadata.JsonPropertyInfo`1.GetMemberAndWriteJson(Object obj, WriteStack& state, Utf8JsonWriter writer)
   at System.Text.Json.Serialization.Converters.ObjectDefaultConverter`1.OnTryWrite(Utf8JsonWriter writer, T value, JsonSerializerOptions options, WriteStack& state)
   at System.Text.Json.Serialization.JsonConverter`1.TryWrite(Utf8JsonWriter writer, T& value, JsonSerializerOptions options, WriteStack& state)
   at System.Text.Json.Serialization.Metadata.JsonPropertyInfo`1.GetMemberAndWriteJson(Object obj, WriteStack& state, Utf8JsonWriter writer)
   at System.Text.Json.Serialization.Converters.ObjectDefaultConverter`1.OnTryWrite(Utf8JsonWriter writer, T value, JsonSerializerOptions options, WriteStack& state)
   at System.Text.Json.Serialization.JsonConverter`1.TryWrite(Utf8JsonWriter writer, T& value, JsonSerializerOptions options, WriteStack& state)
   at System.Text.Json.Serialization.Metadata.JsonPropertyInfo`1.GetMemberAndWriteJson(Object obj, WriteStack& state, Utf8JsonWriter writer)
   at System.Text.Json.Serialization.Converters.ObjectDefaultConverter`1.OnTryWrite(Utf8JsonWriter writer, T value, JsonSerializerOptions options, WriteStack& state)
   at System.Text.Json.Serialization.JsonConverter`1.TryWrite(Utf8JsonWriter writer, T& value, JsonSerializerOptions options, WriteStack& state)
   at System.Text.Json.Serialization.Metadata.JsonPropertyInfo`1.GetMemberAndWriteJson(Object obj, WriteStack& state, Utf8JsonWriter writer)
   at System.Text.Json.Serialization.Converters.ObjectDefaultConverter`1.OnTryWrite(Utf8JsonWriter writer, T value, JsonSerializerOptions options, WriteStack& state)
   at System.Text.Json.Serialization.JsonConverter`1.TryWrite(Utf8JsonWriter writer, T& value, JsonSerializerOptions options, WriteStack& state)
   at System.Text.Json.Serialization.Metadata.JsonPropertyInfo`1.GetMemberAndWriteJson(Object obj, WriteStack& state, Utf8JsonWriter writer)
   at System.Text.Json.Serialization.Converters.ObjectDefaultConverter`1.OnTryWrite(Utf8JsonWriter writer, T value, JsonSerializerOptions options, WriteStack& state)
   at System.Text.Json.Serialization.JsonConverter`1.TryWrite(Utf8JsonWriter writer, T& value, JsonSerializerOptions options, WriteStack& state)
   at System.Text.Json.Serialization.Metadata.JsonPropertyInfo`1.GetMemberAndWriteJson(Object obj, WriteStack& state, Utf8JsonWriter writer)
   at System.Text.Json.Serialization.Converters.ObjectDefaultConverter`1.OnTryWrite(Utf8JsonWriter writer, T value, JsonSerializerOptions options, WriteStack& state)
   at System.Text.Json.Serialization.JsonConverter`1.TryWrite(Utf8JsonWriter writer, T& value, JsonSerializerOptions options, WriteStack& state)
   at System.Text.Json.Serialization.Metadata.JsonPropertyInfo`1.GetMemberAndWriteJson(Object obj, WriteStack& state, Utf8JsonWriter writer)
   at System.Text.Json.Serialization.Converters.ObjectDefaultConverter`1.OnTryWrite(Utf8JsonWriter writer, T value, JsonSerializerOptions options, WriteStack& state)
   at System.Text.Json.Serialization.JsonConverter`1.TryWrite(Utf8JsonWriter writer, T& value, JsonSerializerOptions options, WriteStack& state)
   at System.Text.Json.Serialization.Metadata.JsonPropertyInfo`1.GetMemberAndWriteJson(Object obj, WriteStack& state, Utf8JsonWriter writer)
   at System.Text.Json.Serialization.Converters.ObjectDefaultConverter`1.OnTryWrite(Utf8JsonWriter writer, T value, JsonSerializerOptions options, WriteStack& state)
   at System.Text.Json.Serialization.JsonConverter`1.TryWrite(Utf8JsonWriter writer, T& value, JsonSerializerOptions options, WriteStack& state)
   at System.Text.Json.Serialization.Metadata.JsonPropertyInfo`1.GetMemberAndWriteJson(Object obj, WriteStack& state, Utf8JsonWriter writer)
   at System.Text.Json.Serialization.Converters.ObjectDefaultConverter`1.OnTryWrite(Utf8JsonWriter writer, T value, JsonSerializerOptions options, WriteStack& state)
   at System.Text.Json.Serialization.JsonConverter`1.TryWrite(Utf8JsonWriter writer, T& value, JsonSerializerOptions options, WriteStack& state)
   at System.Text.Json.Serialization.Metadata.JsonPropertyInfo`1.GetMemberAndWriteJson(Object obj, WriteStack& state, Utf8JsonWriter writer)
   at System.Text.Json.Serialization.Converters.ObjectDefaultConverter`1.OnTryWrite(Utf8JsonWriter writer, T value, JsonSerializerOptions options, WriteStack& state)
   at System.Text.Json.Serialization.JsonConverter`1.TryWrite(Utf8JsonWriter writer, T& value, JsonSerializerOptions options, WriteStack& state)
   at System.Text.Json.Serialization.Metadata.JsonPropertyInfo`1.GetMemberAndWriteJson(Object obj, WriteStack& state, Utf8JsonWriter writer)
   at System.Text.Json.Serialization.Converters.ObjectDefaultConverter`1.OnTryWrite(Utf8JsonWriter writer, T value, JsonSerializerOptions options, WriteStack& state)
   at System.Text.Json.Serialization.JsonConverter`1.TryWrite(Utf8JsonWriter writer, T& value, JsonSerializerOptions options, WriteStack& state)
   at System.Text.Json.Serialization.Metadata.JsonPropertyInfo`1.GetMemberAndWriteJson(Object obj, WriteStack& state, Utf8JsonWriter writer)
   at System.Text.Json.Serialization.Converters.ObjectDefaultConverter`1.OnTryWrite(Utf8JsonWriter writer, T value, JsonSerializerOptions options, WriteStack& state)
   at System.Text.Json.Serialization.JsonConverter`1.TryWrite(Utf8JsonWriter writer, T& value, JsonSerializerOptions options, WriteStack& state)
   at System.Text.Json.Serialization.Metadata.JsonPropertyInfo`1.GetMemberAndWriteJson(Object obj, WriteStack& state, Utf8JsonWriter writer)
   at System.Text.Json.Serialization.Converters.ObjectDefaultConverter`1.OnTryWrite(Utf8JsonWriter writer, T value, JsonSerializerOptions options, WriteStack& state)
   at System.Text.Json.Serialization.JsonConverter`1.TryWrite(Utf8JsonWriter writer, T& value, JsonSerializerOptions options, WriteStack& state)
   at System.Text.Json.Serialization.Metadata.JsonPropertyInfo`1.GetMemberAndWriteJson(Object obj, WriteStack& state, Utf8JsonWriter writer)
   at System.Text.Json.Serialization.Converters.ObjectDefaultConverter`1.OnTryWrite(Utf8JsonWriter writer, T value, JsonSerializerOptions options, WriteStack& state)
   at System.Text.Json.Serialization.JsonConverter`1.TryWrite(Utf8JsonWriter writer, T& value, JsonSerializerOptions options, WriteStack& state)
   at System.Text.Json.Serialization.JsonConverter`1.WriteCore(Utf8JsonWriter writer, T& value, JsonSerializerOptions options, WriteStack& state)
   at System.Text.Json.Serialization.Metadata.JsonTypeInfo`1.SerializeAsync(PipeWriter pipeWriter, T rootValue, Int32 flushThreshold, CancellationToken cancellationToken, Object rootValueBoxed)
   at System.Text.Json.Serialization.Metadata.JsonTypeInfo`1.SerializeAsync(PipeWriter pipeWriter, T rootValue, Int32 flushThreshold, CancellationToken cancellationToken, Object rootValueBoxed)
   at System.Text.Json.Serialization.Metadata.JsonTypeInfo`1.SerializeAsync(PipeWriter pipeWriter, T rootValue, Int32 flushThreshold, CancellationToken cancellationToken, Object rootValueBoxed)
   at Microsoft.AspNetCore.Mvc.Formatters.SystemTextJsonOutputFormatter.WriteResponseBodyAsync(OutputFormatterWriteContext context, Encoding selectedEncoding)
   at Microsoft.AspNetCore.Mvc.Infrastructure.ResourceInvoker.<InvokeNextResultFilterAsync>g__Awaited|30_0[TFilter,TFilterAsync](ResourceInvoker invoker, Task lastTask, State next, Scope scope, Object state, Boolean isCompleted)
   at Microsoft.AspNetCore.Mvc.Infrastructure.ResourceInvoker.Rethrow(ResultExecutedContextSealed context)
   at Microsoft.AspNetCore.Mvc.Infrastructure.ResourceInvoker.ResultNext[TFilter,TFilterAsync](State& next, Scope& scope, Object& state, Boolean& isCompleted)
   at Microsoft.AspNetCore.Mvc.Infrastructure.ResourceInvoker.InvokeResultFilters()
--- End of stack trace from previous location ---
   at Microsoft.AspNetCore.Mvc.Infrastructure.ResourceInvoker.<InvokeFilterPipelineAsync>g__Awaited|20_0(ResourceInvoker invoker, Task lastTask, State next, Scope scope, Object state, Boolean isCompleted)
   at Microsoft.AspNetCore.Mvc.Infrastructure.ResourceInvoker.<InvokeAsync>g__Logged|17_1(ResourceInvoker invoker)
   at Microsoft.AspNetCore.Mvc.Infrastructure.ResourceInvoker.<InvokeAsync>g__Logged|17_1(ResourceInvoker invoker)
   at Microsoft.AspNetCore.Routing.EndpointMiddleware.<Invoke>g__AwaitRequestTask|7_0(Endpoint endpoint, Task requestTask, ILogger logger)
   at Microsoft.AspNetCore.Authorization.AuthorizationMiddleware.Invoke(HttpContext context)
   at Microsoft.AspNetCore.Authentication.AuthenticationMiddleware.Invoke(HttpContext context)
   at Serilog.AspNetCore.RequestLoggingMiddleware.Invoke(HttpContext httpContext)
2026-08-03 15:51:08.757 +05:30 [ERR] An unhandled exception has occurred while executing the request.
System.Text.Json.JsonException: A possible object cycle was detected. This can either be due to a cycle or if the object depth is larger than the maximum allowed depth of 32. Consider using ReferenceHandler.Preserve on JsonSerializerOptions to support cycles. Path: $.data.User.Employee.User.Employee.User.Employee.User.Employee.User.Employee.User.Employee.User.Employee.User.Employee.User.Employee.User.Employee.User.Employee.User.Employee.User.Employee.User.Employee.User.Employee.UserId.
   at System.Text.Json.ThrowHelper.ThrowJsonException_SerializerCycleDetected(Int32 maxDepth)
   at System.Text.Json.Serialization.JsonConverter`1.TryWrite(Utf8JsonWriter writer, T& value, JsonSerializerOptions options, WriteStack& state)
   at System.Text.Json.Serialization.Metadata.JsonPropertyInfo`1.GetMemberAndWriteJson(Object obj, WriteStack& state, Utf8JsonWriter writer)
   at System.Text.Json.Serialization.Converters.ObjectDefaultConverter`1.OnTryWrite(Utf8JsonWriter writer, T value, JsonSerializerOptions options, WriteStack& state)
   at System.Text.Json.Serialization.JsonConverter`1.TryWrite(Utf8JsonWriter writer, T& value, JsonSerializerOptions options, WriteStack& state)
   at System.Text.Json.Serialization.Metadata.JsonPropertyInfo`1.GetMemberAndWriteJson(Object obj, WriteStack& state, Utf8JsonWriter writer)
   at System.Text.Json.Serialization.Converters.ObjectDefaultConverter`1.OnTryWrite(Utf8JsonWriter writer, T value, JsonSerializerOptions options, WriteStack& state)
   at System.Text.Json.Serialization.JsonConverter`1.TryWrite(Utf8JsonWriter writer, T& value, JsonSerializerOptions options, WriteStack& state)
   at System.Text.Json.Serialization.Metadata.JsonPropertyInfo`1.GetMemberAndWriteJson(Object obj, WriteStack& state, Utf8JsonWriter writer)
   at System.Text.Json.Serialization.Converters.ObjectDefaultConverter`1.OnTryWrite(Utf8JsonWriter writer, T value, JsonSerializerOptions options, WriteStack& state)
   at System.Text.Json.Serialization.JsonConverter`1.TryWrite(Utf8JsonWriter writer, T& value, JsonSerializerOptions options, WriteStack& state)
   at System.Text.Json.Serialization.Metadata.JsonPropertyInfo`1.GetMemberAndWriteJson(Object obj, WriteStack& state, Utf8JsonWriter writer)
   at System.Text.Json.Serialization.Converters.ObjectDefaultConverter`1.OnTryWrite(Utf8JsonWriter writer, T value, JsonSerializerOptions options, WriteStack& state)
   at System.Text.Json.Serialization.JsonConverter`1.TryWrite(Utf8JsonWriter writer, T& value, JsonSerializerOptions options, WriteStack& state)
   at System.Text.Json.Serialization.Metadata.JsonPropertyInfo`1.GetMemberAndWriteJson(Object obj, WriteStack& state, Utf8JsonWriter writer)
   at System.Text.Json.Serialization.Converters.ObjectDefaultConverter`1.OnTryWrite(Utf8JsonWriter writer, T value, JsonSerializerOptions options, WriteStack& state)
   at System.Text.Json.Serialization.JsonConverter`1.TryWrite(Utf8JsonWriter writer, T& value, JsonSerializerOptions options, WriteStack& state)
   at System.Text.Json.Serialization.Metadata.JsonPropertyInfo`1.GetMemberAndWriteJson(Object obj, WriteStack& state, Utf8JsonWriter writer)
   at System.Text.Json.Serialization.Converters.ObjectDefaultConverter`1.OnTryWrite(Utf8JsonWriter writer, T value, JsonSerializerOptions options, WriteStack& state)
   at System.Text.Json.Serialization.JsonConverter`1.TryWrite(Utf8JsonWriter writer, T& value, JsonSerializerOptions options, WriteStack& state)
   at System.Text.Json.Serialization.Metadata.JsonPropertyInfo`1.GetMemberAndWriteJson(Object obj, WriteStack& state, Utf8JsonWriter writer)
   at System.Text.Json.Serialization.Converters.ObjectDefaultConverter`1.OnTryWrite(Utf8JsonWriter writer, T value, JsonSerializerOptions options, WriteStack& state)
   at System.Text.Json.Serialization.JsonConverter`1.TryWrite(Utf8JsonWriter writer, T& value, JsonSerializerOptions options, WriteStack& state)
   at System.Text.Json.Serialization.Metadata.JsonPropertyInfo`1.GetMemberAndWriteJson(Object obj, WriteStack& state, Utf8JsonWriter writer)
   at System.Text.Json.Serialization.Converters.ObjectDefaultConverter`1.OnTryWrite(Utf8JsonWriter writer, T value, JsonSerializerOptions options, WriteStack& state)
   at System.Text.Json.Serialization.JsonConverter`1.TryWrite(Utf8JsonWriter writer, T& value, JsonSerializerOptions options, WriteStack& state)
   at System.Text.Json.Serialization.Metadata.JsonPropertyInfo`1.GetMemberAndWriteJson(Object obj, WriteStack& state, Utf8JsonWriter writer)
   at System.Text.Json.Serialization.Converters.ObjectDefaultConverter`1.OnTryWrite(Utf8JsonWriter writer, T value, JsonSerializerOptions options, WriteStack& state)
   at System.Text.Json.Serialization.JsonConverter`1.TryWrite(Utf8JsonWriter writer, T& value, JsonSerializerOptions options, WriteStack& state)
   at System.Text.Json.Serialization.Metadata.JsonPropertyInfo`1.GetMemberAndWriteJson(Object obj, WriteStack& state, Utf8JsonWriter writer)
   at System.Text.Json.Serialization.Converters.ObjectDefaultConverter`1.OnTryWrite(Utf8JsonWriter writer, T value, JsonSerializerOptions options, WriteStack& state)
   at System.Text.Json.Serialization.JsonConverter`1.TryWrite(Utf8JsonWriter writer, T& value, JsonSerializerOptions options, WriteStack& state)
   at System.Text.Json.Serialization.Metadata.JsonPropertyInfo`1.GetMemberAndWriteJson(Object obj, WriteStack& state, Utf8JsonWriter writer)
   at System.Text.Json.Serialization.Converters.ObjectDefaultConverter`1.OnTryWrite(Utf8JsonWriter writer, T value, JsonSerializerOptions options, WriteStack& state)
   at System.Text.Json.Serialization.JsonConverter`1.TryWrite(Utf8JsonWriter writer, T& value, JsonSerializerOptions options, WriteStack& state)
   at System.Text.Json.Serialization.Metadata.JsonPropertyInfo`1.GetMemberAndWriteJson(Object obj, WriteStack& state, Utf8JsonWriter writer)
   at System.Text.Json.Serialization.Converters.ObjectDefaultConverter`1.OnTryWrite(Utf8JsonWriter writer, T value, JsonSerializerOptions options, WriteStack& state)
   at System.Text.Json.Serialization.JsonConverter`1.TryWrite(Utf8JsonWriter writer, T& value, JsonSerializerOptions options, WriteStack& state)
   at System.Text.Json.Serialization.Metadata.JsonPropertyInfo`1.GetMemberAndWriteJson(Object obj, WriteStack& state, Utf8JsonWriter writer)
   at System.Text.Json.Serialization.Converters.ObjectDefaultConverter`1.OnTryWrite(Utf8JsonWriter writer, T value, JsonSerializerOptions options, WriteStack& state)
   at System.Text.Json.Serialization.JsonConverter`1.TryWrite(Utf8JsonWriter writer, T& value, JsonSerializerOptions options, WriteStack& state)
   at System.Text.Json.Serialization.Metadata.JsonPropertyInfo`1.GetMemberAndWriteJson(Object obj, WriteStack& state, Utf8JsonWriter writer)
   at System.Text.Json.Serialization.Converters.ObjectDefaultConverter`1.OnTryWrite(Utf8JsonWriter writer, T value, JsonSerializerOptions options, WriteStack& state)
   at System.Text.Json.Serialization.JsonConverter`1.TryWrite(Utf8JsonWriter writer, T& value, JsonSerializerOptions options, WriteStack& state)
   at System.Text.Json.Serialization.Metadata.JsonPropertyInfo`1.GetMemberAndWriteJson(Object obj, WriteStack& state, Utf8JsonWriter writer)
   at System.Text.Json.Serialization.Converters.ObjectDefaultConverter`1.OnTryWrite(Utf8JsonWriter writer, T value, JsonSerializerOptions options, WriteStack& state)
   at System.Text.Json.Serialization.JsonConverter`1.TryWrite(Utf8JsonWriter writer, T& value, JsonSerializerOptions options, WriteStack& state)
   at System.Text.Json.Serialization.Metadata.JsonPropertyInfo`1.GetMemberAndWriteJson(Object obj, WriteStack& state, Utf8JsonWriter writer)
   at System.Text.Json.Serialization.Converters.ObjectDefaultConverter`1.OnTryWrite(Utf8JsonWriter writer, T value, JsonSerializerOptions options, WriteStack& state)
   at System.Text.Json.Serialization.JsonConverter`1.TryWrite(Utf8JsonWriter writer, T& value, JsonSerializerOptions options, WriteStack& state)
   at System.Text.Json.Serialization.Metadata.JsonPropertyInfo`1.GetMemberAndWriteJson(Object obj, WriteStack& state, Utf8JsonWriter writer)
   at System.Text.Json.Serialization.Converters.ObjectDefaultConverter`1.OnTryWrite(Utf8JsonWriter writer, T value, JsonSerializerOptions options, WriteStack& state)
   at System.Text.Json.Serialization.JsonConverter`1.TryWrite(Utf8JsonWriter writer, T& value, JsonSerializerOptions options, WriteStack& state)
   at System.Text.Json.Serialization.Metadata.JsonPropertyInfo`1.GetMemberAndWriteJson(Object obj, WriteStack& state, Utf8JsonWriter writer)
   at System.Text.Json.Serialization.Converters.ObjectDefaultConverter`1.OnTryWrite(Utf8JsonWriter writer, T value, JsonSerializerOptions options, WriteStack& state)
   at System.Text.Json.Serialization.JsonConverter`1.TryWrite(Utf8JsonWriter writer, T& value, JsonSerializerOptions options, WriteStack& state)
   at System.Text.Json.Serialization.Metadata.JsonPropertyInfo`1.GetMemberAndWriteJson(Object obj, WriteStack& state, Utf8JsonWriter writer)
   at System.Text.Json.Serialization.Converters.ObjectDefaultConverter`1.OnTryWrite(Utf8JsonWriter writer, T value, JsonSerializerOptions options, WriteStack& state)
   at System.Text.Json.Serialization.JsonConverter`1.TryWrite(Utf8JsonWriter writer, T& value, JsonSerializerOptions options, WriteStack& state)
   at System.Text.Json.Serialization.Metadata.JsonPropertyInfo`1.GetMemberAndWriteJson(Object obj, WriteStack& state, Utf8JsonWriter writer)
   at System.Text.Json.Serialization.Converters.ObjectDefaultConverter`1.OnTryWrite(Utf8JsonWriter writer, T value, JsonSerializerOptions options, WriteStack& state)
   at System.Text.Json.Serialization.JsonConverter`1.TryWrite(Utf8JsonWriter writer, T& value, JsonSerializerOptions options, WriteStack& state)
   at System.Text.Json.Serialization.Metadata.JsonPropertyInfo`1.GetMemberAndWriteJson(Object obj, WriteStack& state, Utf8JsonWriter writer)
   at System.Text.Json.Serialization.Converters.ObjectDefaultConverter`1.OnTryWrite(Utf8JsonWriter writer, T value, JsonSerializerOptions options, WriteStack& state)
   at System.Text.Json.Serialization.JsonConverter`1.TryWrite(Utf8JsonWriter writer, T& value, JsonSerializerOptions options, WriteStack& state)
   at System.Text.Json.Serialization.Metadata.JsonPropertyInfo`1.GetMemberAndWriteJson(Object obj, WriteStack& state, Utf8JsonWriter writer)
   at System.Text.Json.Serialization.Converters.ObjectDefaultConverter`1.OnTryWrite(Utf8JsonWriter writer, T value, JsonSerializerOptions options, WriteStack& state)
   at System.Text.Json.Serialization.JsonConverter`1.TryWrite(Utf8JsonWriter writer, T& value, JsonSerializerOptions options, WriteStack& state)
   at System.Text.Json.Serialization.Metadata.JsonPropertyInfo`1.GetMemberAndWriteJson(Object obj, WriteStack& state, Utf8JsonWriter writer)
   at System.Text.Json.Serialization.Converters.ObjectDefaultConverter`1.OnTryWrite(Utf8JsonWriter writer, T value, JsonSerializerOptions options, WriteStack& state)
   at System.Text.Json.Serialization.JsonConverter`1.TryWrite(Utf8JsonWriter writer, T& value, JsonSerializerOptions options, WriteStack& state)
   at System.Text.Json.Serialization.Metadata.JsonPropertyInfo`1.GetMemberAndWriteJson(Object obj, WriteStack& state, Utf8JsonWriter writer)
   at System.Text.Json.Serialization.Converters.ObjectDefaultConverter`1.OnTryWrite(Utf8JsonWriter writer, T value, JsonSerializerOptions options, WriteStack& state)
   at System.Text.Json.Serialization.JsonConverter`1.TryWrite(Utf8JsonWriter writer, T& value, JsonSerializerOptions options, WriteStack& state)
   at System.Text.Json.Serialization.Metadata.JsonPropertyInfo`1.GetMemberAndWriteJson(Object obj, WriteStack& state, Utf8JsonWriter writer)
   at System.Text.Json.Serialization.Converters.ObjectDefaultConverter`1.OnTryWrite(Utf8JsonWriter writer, T value, JsonSerializerOptions options, WriteStack& state)
   at System.Text.Json.Serialization.JsonConverter`1.TryWrite(Utf8JsonWriter writer, T& value, JsonSerializerOptions options, WriteStack& state)
   at System.Text.Json.Serialization.Metadata.JsonPropertyInfo`1.GetMemberAndWriteJson(Object obj, WriteStack& state, Utf8JsonWriter writer)
   at System.Text.Json.Serialization.Converters.ObjectDefaultConverter`1.OnTryWrite(Utf8JsonWriter writer, T value, JsonSerializerOptions options, WriteStack& state)
   at System.Text.Json.Serialization.JsonConverter`1.TryWrite(Utf8JsonWriter writer, T& value, JsonSerializerOptions options, WriteStack& state)
   at System.Text.Json.Serialization.Metadata.JsonPropertyInfo`1.GetMemberAndWriteJson(Object obj, WriteStack& state, Utf8JsonWriter writer)
   at System.Text.Json.Serialization.Converters.ObjectDefaultConverter`1.OnTryWrite(Utf8JsonWriter writer, T value, JsonSerializerOptions options, WriteStack& state)
   at System.Text.Json.Serialization.JsonConverter`1.TryWrite(Utf8JsonWriter writer, T& value, JsonSerializerOptions options, WriteStack& state)
   at System.Text.Json.Serialization.Metadata.JsonPropertyInfo`1.GetMemberAndWriteJson(Object obj, WriteStack& state, Utf8JsonWriter writer)
   at System.Text.Json.Serialization.Converters.ObjectDefaultConverter`1.OnTryWrite(Utf8JsonWriter writer, T value, JsonSerializerOptions options, WriteStack& state)
   at System.Text.Json.Serialization.JsonConverter`1.TryWrite(Utf8JsonWriter writer, T& value, JsonSerializerOptions options, WriteStack& state)
   at System.Text.Json.Serialization.Metadata.JsonPropertyInfo`1.GetMemberAndWriteJson(Object obj, WriteStack& state, Utf8JsonWriter writer)
   at System.Text.Json.Serialization.Converters.ObjectDefaultConverter`1.OnTryWrite(Utf8JsonWriter writer, T value, JsonSerializerOptions options, WriteStack& state)
   at System.Text.Json.Serialization.JsonConverter`1.TryWrite(Utf8JsonWriter writer, T& value, JsonSerializerOptions options, WriteStack& state)
   at System.Text.Json.Serialization.Metadata.JsonPropertyInfo`1.GetMemberAndWriteJson(Object obj, WriteStack& state, Utf8JsonWriter writer)
   at System.Text.Json.Serialization.Converters.ObjectDefaultConverter`1.OnTryWrite(Utf8JsonWriter writer, T value, JsonSerializerOptions options, WriteStack& state)
   at System.Text.Json.Serialization.JsonConverter`1.TryWrite(Utf8JsonWriter writer, T& value, JsonSerializerOptions options, WriteStack& state)
   at System.Text.Json.Serialization.Metadata.JsonPropertyInfo`1.GetMemberAndWriteJson(Object obj, WriteStack& state, Utf8JsonWriter writer)
   at System.Text.Json.Serialization.Converters.ObjectDefaultConverter`1.OnTryWrite(Utf8JsonWriter writer, T value, JsonSerializerOptions options, WriteStack& state)
   at System.Text.Json.Serialization.JsonConverter`1.TryWrite(Utf8JsonWriter writer, T& value, JsonSerializerOptions options, WriteStack& state)
   at System.Text.Json.Serialization.Metadata.JsonPropertyInfo`1.GetMemberAndWriteJson(Object obj, WriteStack& state, Utf8JsonWriter writer)
   at System.Text.Json.Serialization.Converters.ObjectDefaultConverter`1.OnTryWrite(Utf8JsonWriter writer, T value, JsonSerializerOptions options, WriteStack& state)
   at System.Text.Json.Serialization.JsonConverter`1.TryWrite(Utf8JsonWriter writer, T& value, JsonSerializerOptions options, WriteStack& state)
   at System.Text.Json.Serialization.JsonConverter`1.WriteCore(Utf8JsonWriter writer, T& value, JsonSerializerOptions options, WriteStack& state)
   at System.Text.Json.Serialization.Metadata.JsonTypeInfo`1.SerializeAsync(PipeWriter pipeWriter, T rootValue, Int32 flushThreshold, CancellationToken cancellationToken, Object rootValueBoxed)
   at System.Text.Json.Serialization.Metadata.JsonTypeInfo`1.SerializeAsync(PipeWriter pipeWriter, T rootValue, Int32 flushThreshold, CancellationToken cancellationToken, Object rootValueBoxed)
   at System.Text.Json.Serialization.Metadata.JsonTypeInfo`1.SerializeAsync(PipeWriter pipeWriter, T rootValue, Int32 flushThreshold, CancellationToken cancellationToken, Object rootValueBoxed)
   at Microsoft.AspNetCore.Mvc.Formatters.SystemTextJsonOutputFormatter.WriteResponseBodyAsync(OutputFormatterWriteContext context, Encoding selectedEncoding)
   at Microsoft.AspNetCore.Mvc.Infrastructure.ResourceInvoker.<InvokeNextResultFilterAsync>g__Awaited|30_0[TFilter,TFilterAsync](ResourceInvoker invoker, Task lastTask, State next, Scope scope, Object state, Boolean isCompleted)
   at Microsoft.AspNetCore.Mvc.Infrastructure.ResourceInvoker.Rethrow(ResultExecutedContextSealed context)
   at Microsoft.AspNetCore.Mvc.Infrastructure.ResourceInvoker.ResultNext[TFilter,TFilterAsync](State& next, Scope& scope, Object& state, Boolean& isCompleted)
   at Microsoft.AspNetCore.Mvc.Infrastructure.ResourceInvoker.InvokeResultFilters()
--- End of stack trace from previous location ---
   at Microsoft.AspNetCore.Mvc.Infrastructure.ResourceInvoker.<InvokeFilterPipelineAsync>g__Awaited|20_0(ResourceInvoker invoker, Task lastTask, State next, Scope scope, Object state, Boolean isCompleted)
   at Microsoft.AspNetCore.Mvc.Infrastructure.ResourceInvoker.<InvokeAsync>g__Logged|17_1(ResourceInvoker invoker)
   at Microsoft.AspNetCore.Mvc.Infrastructure.ResourceInvoker.<InvokeAsync>g__Logged|17_1(ResourceInvoker invoker)
   at Microsoft.AspNetCore.Routing.EndpointMiddleware.<Invoke>g__AwaitRequestTask|7_0(Endpoint endpoint, Task requestTask, ILogger logger)
   at Microsoft.AspNetCore.Authorization.AuthorizationMiddleware.Invoke(HttpContext context)
   at Microsoft.AspNetCore.Authentication.AuthenticationMiddleware.Invoke(HttpContext context)
   at Serilog.AspNetCore.RequestLoggingMiddleware.Invoke(HttpContext httpContext)
   at Swashbuckle.AspNetCore.SwaggerUI.SwaggerUIMiddleware.Invoke(HttpContext httpContext)
   at Swashbuckle.AspNetCore.Swagger.SwaggerMiddleware.Invoke(HttpContext httpContext, ISwaggerProvider swaggerProvider)
   at Microsoft.AspNetCore.Diagnostics.DeveloperExceptionPageMiddlewareImpl.Invoke(HttpContext context)
2026-08-03 15:51:08.765 +05:30 [INF] Request finished HTTP/1.1 POST http://localhost:5000/api/employees - 500 null text/plain; charset=utf-8 29.7395ms
2026-08-03 15:51:41.859 +05:30 [INF] User profile is available. Using 'C:\Users\kaustubh.bhatlawande\AppData\Local\ASP.NET\DataProtection-Keys' as key repository and Windows DPAPI to encrypt keys at rest.
2026-08-03 15:51:41.976 +05:30 [INF] Now listening on: http://localhost:5000
2026-08-03 15:51:41.978 +05:30 [INF] Application started. Press Ctrl+C to shut down.
2026-08-03 15:51:41.978 +05:30 [INF] Hosting environment: Development
2026-08-03 15:51:41.978 +05:30 [INF] Content root path: C:\Users\kaustubh.bhatlawande\Desktop\LMS Portal - Copy\backend\LmsPortal.API
2026-08-03 15:51:53.268 +05:30 [INF] Request starting HTTP/1.1 POST http://localhost:5000/api/auth/login/hr - application/json 42
2026-08-03 15:51:53.318 +05:30 [INF] Executing endpoint 'LmsPortal.API.Controllers.AuthController.LoginHR (LmsPortal.API)'
2026-08-03 15:51:53.334 +05:30 [INF] Route matched with {action = "LoginHR", controller = "Auth"}. Executing controller action with signature System.Threading.Tasks.Task`1[Microsoft.AspNetCore.Mvc.IActionResult] LoginHR(LoginDto) on controller LmsPortal.API.Controllers.AuthController (LmsPortal.API).
2026-08-03 15:51:53.968 +05:30 [WRN] Entity 'AssessmentAttempt' has a global query filter defined and is the required end of a relationship with the entity 'AssessmentAnswer'. This may lead to unexpected results when the required entity is filtered out. Either configure the navigation as optional, or define matching query filters for both entities in the navigation. See https://go.microsoft.com/fwlink/?linkid=2131316 for more information.
2026-08-03 15:51:53.968 +05:30 [WRN] Entity 'Certificate' has a global query filter defined and is the required end of a relationship with the entity 'CertificateVerificationLog'. This may lead to unexpected results when the required entity is filtered out. Either configure the navigation as optional, or define matching query filters for both entities in the navigation. See https://go.microsoft.com/fwlink/?linkid=2131316 for more information.
2026-08-03 15:51:53.969 +05:30 [WRN] Entity 'Permission' has a global query filter defined and is the required end of a relationship with the entity 'RolePermission'. This may lead to unexpected results when the required entity is filtered out. Either configure the navigation as optional, or define matching query filters for both entities in the navigation. See https://go.microsoft.com/fwlink/?linkid=2131316 for more information.
2026-08-03 15:51:54.058 +05:30 [WRN] No store type was specified for the decimal property 'PassingScorePercentage' on entity type 'Assessment'. This will cause values to be silently truncated if they do not fit in the default precision and scale. Explicitly specify the SQL server column type that can accommodate all the values in 'OnModelCreating' using 'HasColumnType', specify precision and scale using 'HasPrecision', or configure a value converter using 'HasConversion'.
2026-08-03 15:51:54.058 +05:30 [WRN] No store type was specified for the decimal property 'PointsAwarded' on entity type 'AssessmentAnswer'. This will cause values to be silently truncated if they do not fit in the default precision and scale. Explicitly specify the SQL server column type that can accommodate all the values in 'OnModelCreating' using 'HasColumnType', specify precision and scale using 'HasPrecision', or configure a value converter using 'HasConversion'.
2026-08-03 15:51:54.058 +05:30 [WRN] No store type was specified for the decimal property 'ScorePercentage' on entity type 'AssessmentAttempt'. This will cause values to be silently truncated if they do not fit in the default precision and scale. Explicitly specify the SQL server column type that can accommodate all the values in 'OnModelCreating' using 'HasColumnType', specify precision and scale using 'HasPrecision', or configure a value converter using 'HasConversion'.
2026-08-03 15:51:54.058 +05:30 [WRN] No store type was specified for the decimal property 'Points' on entity type 'AssessmentQuestion'. This will cause values to be silently truncated if they do not fit in the default precision and scale. Explicitly specify the SQL server column type that can accommodate all the values in 'OnModelCreating' using 'HasColumnType', specify precision and scale using 'HasPrecision', or configure a value converter using 'HasConversion'.
2026-08-03 15:51:54.058 +05:30 [WRN] No store type was specified for the decimal property 'PassingScorePercentage' on entity type 'Course'. This will cause values to be silently truncated if they do not fit in the default precision and scale. Explicitly specify the SQL server column type that can accommodate all the values in 'OnModelCreating' using 'HasColumnType', specify precision and scale using 'HasPrecision', or configure a value converter using 'HasConversion'.
2026-08-03 15:51:54.058 +05:30 [WRN] No store type was specified for the decimal property 'TotalSeconds' on entity type 'LessonProgress'. This will cause values to be silently truncated if they do not fit in the default precision and scale. Explicitly specify the SQL server column type that can accommodate all the values in 'OnModelCreating' using 'HasColumnType', specify precision and scale using 'HasPrecision', or configure a value converter using 'HasConversion'.
2026-08-03 15:51:54.058 +05:30 [WRN] No store type was specified for the decimal property 'WatchedSeconds' on entity type 'LessonProgress'. This will cause values to be silently truncated if they do not fit in the default precision and scale. Explicitly specify the SQL server column type that can accommodate all the values in 'OnModelCreating' using 'HasColumnType', specify precision and scale using 'HasPrecision', or configure a value converter using 'HasConversion'.
2026-08-03 15:51:54.744 +05:30 [INF] Executed DbCommand (33ms) [Parameters=[@__ToUpper_0='?' (Size = 4000)], CommandType='"Text"', CommandTimeout='30']
SELECT TOP(1) [u].[Id], [u].[ConcurrencyStamp], [u].[CreatedAt], [u].[CreatedBy], [u].[Email], [u].[IsActive], [u].[IsDeleted], [u].[IsEmailConfirmed], [u].[NormalizedEmail], [u].[NormalizedUsername], [u].[PasswordHash], [u].[PhoneNumber], [u].[RoleId], [u].[RowVersion], [u].[SecurityStamp], [u].[UpdatedAt], [u].[UpdatedBy], [u].[Username], [r0].[Id], [r0].[CreatedAt], [r0].[CreatedBy], [r0].[Description], [r0].[IsDeleted], [r0].[NormalizedRoleName], [r0].[RoleName], [r0].[RowVersion], [r0].[UpdatedAt], [r0].[UpdatedBy]
FROM [sec].[Users] AS [u]
INNER JOIN (
    SELECT [r].[Id], [r].[CreatedAt], [r].[CreatedBy], [r].[Description], [r].[IsDeleted], [r].[NormalizedRoleName], [r].[RoleName], [r].[RowVersion], [r].[UpdatedAt], [r].[UpdatedBy]
    FROM [sec].[Roles] AS [r]
    WHERE [r].[IsDeleted] = CAST(0 AS bit)
) AS [r0] ON [u].[RoleId] = [r0].[Id]
WHERE [u].[IsDeleted] = CAST(0 AS bit) AND [u].[NormalizedUsername] = @__ToUpper_0 AND [u].[IsDeleted] = CAST(0 AS bit)
2026-08-03 15:51:55.333 +05:30 [INF] Executed DbCommand (4ms) [Parameters=[@p0='?' (DbType = Guid), @p1='?' (Size = 4000), @p2='?' (DbType = DateTime2), @p3='?' (Size = 4000), @p4='?' (Size = 4000), @p5='?' (Size = 4000), @p6='?' (Size = 4000), @p7='?' (DbType = Guid)], CommandType='"Text"', CommandTimeout='30']
SET IMPLICIT_TRANSACTIONS OFF;
SET NOCOUNT ON;
INSERT INTO [adm].[ActivityLogs] ([Id], [Action], [CreatedAt], [Details], [IpAddress], [Role], [UserAgent], [UserId])
VALUES (@p0, @p1, @p2, @p3, @p4, @p5, @p6, @p7);
2026-08-03 15:51:55.347 +05:30 [INF] Executing OkObjectResult, writing value of type '<>f__AnonymousType1`4[[System.Boolean, System.Private.CoreLib, Version=10.0.0.0, Culture=neutral, PublicKeyToken=7cec85d7bea7798e],[System.String, System.Private.CoreLib, Version=10.0.0.0, Culture=neutral, PublicKeyToken=7cec85d7bea7798e],[<>f__AnonymousType2`5[[System.Guid, System.Private.CoreLib, Version=10.0.0.0, Culture=neutral, PublicKeyToken=7cec85d7bea7798e],[System.String, System.Private.CoreLib, Version=10.0.0.0, Culture=neutral, PublicKeyToken=7cec85d7bea7798e],[System.String, System.Private.CoreLib, Version=10.0.0.0, Culture=neutral, PublicKeyToken=7cec85d7bea7798e],[System.String, System.Private.CoreLib, Version=10.0.0.0, Culture=neutral, PublicKeyToken=7cec85d7bea7798e],[System.String, System.Private.CoreLib, Version=10.0.0.0, Culture=neutral, PublicKeyToken=7cec85d7bea7798e]], LmsPortal.API, Version=1.0.0.0, Culture=neutral, PublicKeyToken=null],[System.String, System.Private.CoreLib, Version=10.0.0.0, Culture=neutral, PublicKeyToken=7cec85d7bea7798e]]'.
2026-08-03 15:51:55.368 +05:30 [INF] Executed action LmsPortal.API.Controllers.AuthController.LoginHR (LmsPortal.API) in 2030.4451ms
2026-08-03 15:51:55.369 +05:30 [INF] Executed endpoint 'LmsPortal.API.Controllers.AuthController.LoginHR (LmsPortal.API)'
2026-08-03 15:51:55.373 +05:30 [INF] HTTP POST /api/auth/login/hr responded 200 in 2073.3969 ms
2026-08-03 15:51:55.383 +05:30 [INF] Request finished HTTP/1.1 POST http://localhost:5000/api/auth/login/hr - 200 null application/json; charset=utf-8 2115.83ms
2026-08-03 15:51:55.385 +05:30 [INF] Request starting HTTP/1.1 POST http://localhost:5000/api/employees - application/json 360
2026-08-03 15:51:55.427 +05:30 [INF] Executing endpoint 'LmsPortal.API.Controllers.EmployeesController.UpsertEmployee (LmsPortal.API)'
2026-08-03 15:51:55.434 +05:30 [INF] Route matched with {action = "UpsertEmployee", controller = "Employees"}. Executing controller action with signature System.Threading.Tasks.Task`1[Microsoft.AspNetCore.Mvc.IActionResult] UpsertEmployee(UpsertEmployeeDto) on controller LmsPortal.API.Controllers.EmployeesController (LmsPortal.API).
2026-08-03 15:51:55.599 +05:30 [INF] Executed DbCommand (2ms) [Parameters=[@p0='?' (DbType = Guid), @p1='?' (Size = 4000), @p2='?' (DbType = DateTime2), @p3='?' (Size = 4000), @p4='?' (Size = 4000), @p5='?' (DbType = Boolean), @p6='?' (DbType = Boolean), @p7='?' (DbType = Boolean), @p8='?' (Size = 4000), @p9='?' (Size = 4000), @p10='?' (Size = 4000), @p11='?' (Size = 4000), @p12='?' (DbType = Guid), @p13='?' (Size = 4000), @p14='?' (DbType = DateTime2), @p15='?' (Size = 4000), @p16='?' (Size = 4000), @p17='?' (DbType = Guid), @p18='?' (DbType = DateTime2), @p19='?' (Size = 4000), @p20='?' (DbType = Guid), @p21='?' (DbType = Guid), @p22='?' (Size = 4000), @p23='?' (Size = 4000), @p24='?' (Size = 4000), @p25='?' (DbType = Boolean), @p26='?' (DbType = Boolean), @p27='?' (DbType = DateTime2), @p28='?' (Size = 4000), @p29='?' (Size = 4000), @p30='?' (DbType = Guid), @p31='?' (Size = 4000), @p32='?' (DbType = DateTime2), @p33='?' (Size = 4000), @p34='?' (DbType = Guid)], CommandType='"Text"', CommandTimeout='30']
SET NOCOUNT ON;
INSERT INTO [sec].[Users] ([Id], [ConcurrencyStamp], [CreatedAt], [CreatedBy], [Email], [IsActive], [IsDeleted], [IsEmailConfirmed], [NormalizedEmail], [NormalizedUsername], [PasswordHash], [PhoneNumber], [RoleId], [SecurityStamp], [UpdatedAt], [UpdatedBy], [Username])
OUTPUT INSERTED.[RowVersion]
VALUES (@p0, @p1, @p2, @p3, @p4, @p5, @p6, @p7, @p8, @p9, @p10, @p11, @p12, @p13, @p14, @p15, @p16);
INSERT INTO [emp].[Employees] ([Id], [CreatedAt], [CreatedBy], [DepartmentId], [DesignationId], [EmployeeCode], [EmploymentStatus], [FirstName], [IsDeleted], [IsMasterTester], [JoiningDate], [LastName], [MiddleName], [OfficeId], [OfficialEmail], [UpdatedAt], [UpdatedBy], [UserId])
OUTPUT INSERTED.[RowVersion]
VALUES (@p17, @p18, @p19, @p20, @p21, @p22, @p23, @p24, @p25, @p26, @p27, @p28, @p29, @p30, @p31, @p32, @p33, @p34);
2026-08-03 15:51:55.619 +05:30 [INF] Executing OkObjectResult, writing value of type '<>f__AnonymousType11`3[[System.Boolean, System.Private.CoreLib, Version=10.0.0.0, Culture=neutral, PublicKeyToken=7cec85d7bea7798e],[<>f__AnonymousType13`11[[System.Guid, System.Private.CoreLib, Version=10.0.0.0, Culture=neutral, PublicKeyToken=7cec85d7bea7798e],[System.String, System.Private.CoreLib, Version=10.0.0.0, Culture=neutral, PublicKeyToken=7cec85d7bea7798e],[System.String, System.Private.CoreLib, Version=10.0.0.0, Culture=neutral, PublicKeyToken=7cec85d7bea7798e],[System.String, System.Private.CoreLib, Version=10.0.0.0, Culture=neutral, PublicKeyToken=7cec85d7bea7798e],[System.String, System.Private.CoreLib, Version=10.0.0.0, Culture=neutral, PublicKeyToken=7cec85d7bea7798e],[System.Guid, System.Private.CoreLib, Version=10.0.0.0, Culture=neutral, PublicKeyToken=7cec85d7bea7798e],[System.Guid, System.Private.CoreLib, Version=10.0.0.0, Culture=neutral, PublicKeyToken=7cec85d7bea7798e],[System.Guid, System.Private.CoreLib, Version=10.0.0.0, Culture=neutral, PublicKeyToken=7cec85d7bea7798e],[System.DateTime, System.Private.CoreLib, Version=10.0.0.0, Culture=neutral, PublicKeyToken=7cec85d7bea7798e],[System.String, System.Private.CoreLib, Version=10.0.0.0, Culture=neutral, PublicKeyToken=7cec85d7bea7798e],[System.Boolean, System.Private.CoreLib, Version=10.0.0.0, Culture=neutral, PublicKeyToken=7cec85d7bea7798e]], LmsPortal.API, Version=1.0.0.0, Culture=neutral, PublicKeyToken=null],[System.String, System.Private.CoreLib, Version=10.0.0.0, Culture=neutral, PublicKeyToken=7cec85d7bea7798e]]'.
2026-08-03 15:51:55.625 +05:30 [INF] Executed action LmsPortal.API.Controllers.EmployeesController.UpsertEmployee (LmsPortal.API) in 190.6055ms
2026-08-03 15:51:55.625 +05:30 [INF] Executed endpoint 'LmsPortal.API.Controllers.EmployeesController.UpsertEmployee (LmsPortal.API)'
2026-08-03 15:51:55.625 +05:30 [INF] HTTP POST /api/employees responded 200 in 238.1101 ms
2026-08-03 15:51:55.626 +05:30 [INF] Request finished HTTP/1.1 POST http://localhost:5000/api/employees - 200 null application/json; charset=utf-8 240.3389ms
2026-08-03 15:52:05.956 +05:30 [INF] Request starting HTTP/1.1 POST http://localhost:5000/api/auth/login/employee - application/json 24
2026-08-03 15:52:05.961 +05:30 [INF] Executing endpoint 'LmsPortal.API.Controllers.AuthController.LoginEmployee (LmsPortal.API)'
2026-08-03 15:52:05.967 +05:30 [INF] Route matched with {action = "LoginEmployee", controller = "Auth"}. Executing controller action with signature System.Threading.Tasks.Task`1[Microsoft.AspNetCore.Mvc.IActionResult] LoginEmployee(EmployeeLoginDto) on controller LmsPortal.API.Controllers.AuthController (LmsPortal.API).
2026-08-03 15:52:06.067 +05:30 [INF] Executed DbCommand (2ms) [Parameters=[@__ToUpper_0='?' (Size = 4000)], CommandType='"Text"', CommandTimeout='30']
SELECT TOP(1) [e].[Id], [e].[CreatedAt], [e].[CreatedBy], [e].[DepartmentId], [e].[DesignationId], [e].[EmployeeCode], [e].[EmploymentStatus], [e].[FirstName], [e].[IsDeleted], [e].[IsMasterTester], [e].[JoiningDate], [e].[LastName], [e].[MiddleName], [e].[OfficeId], [e].[OfficialEmail], [e].[RowVersion], [e].[UpdatedAt], [e].[UpdatedBy], [e].[UserId], [d0].[Id], [d0].[CreatedAt], [d0].[CreatedBy], [d0].[DepartmentCode], [d0].[DepartmentName], [d0].[Description], [d0].[IsActive], [d0].[IsDeleted], [d0].[RowVersion], [d0].[UpdatedAt], [d0].[UpdatedBy], [d2].[Id], [d2].[CreatedAt], [d2].[CreatedBy], [d2].[DesignationCode], [d2].[GradeLevel], [d2].[IsActive], [d2].[IsDeleted], [d2].[RowVersion], [d2].[Title], [d2].[UpdatedAt], [d2].[UpdatedBy], [o0].[Id], [o0].[City], [o0].[Country], [o0].[CreatedAt], [o0].[CreatedBy], [o0].[IsActive], [o0].[IsDeleted], [o0].[OfficeCode], [o0].[OfficeName], [o0].[RowVersion], [o0].[State], [o0].[UpdatedAt], [o0].[UpdatedBy], [u0].[Id], [u0].[ConcurrencyStamp], [u0].[CreatedAt], [u0].[CreatedBy], [u0].[Email], [u0].[IsActive], [u0].[IsDeleted], [u0].[IsEmailConfirmed], [u0].[NormalizedEmail], [u0].[NormalizedUsername], [u0].[PasswordHash], [u0].[PhoneNumber], [u0].[RoleId], [u0].[RowVersion], [u0].[SecurityStamp], [u0].[UpdatedAt], [u0].[UpdatedBy], [u0].[Username]
FROM [emp].[Employees] AS [e]
INNER JOIN (
    SELECT [d].[Id], [d].[CreatedAt], [d].[CreatedBy], [d].[DepartmentCode], [d].[DepartmentName], [d].[Description], [d].[IsActive], [d].[IsDeleted], [d].[RowVersion], [d].[UpdatedAt], [d].[UpdatedBy]
    FROM [org].[Departments] AS [d]
    WHERE [d].[IsDeleted] = CAST(0 AS bit)
) AS [d0] ON [e].[DepartmentId] = [d0].[Id]
INNER JOIN (
    SELECT [d1].[Id], [d1].[CreatedAt], [d1].[CreatedBy], [d1].[DesignationCode], [d1].[GradeLevel], [d1].[IsActive], [d1].[IsDeleted], [d1].[RowVersion], [d1].[Title], [d1].[UpdatedAt], [d1].[UpdatedBy]
    FROM [org].[Designations] AS [d1]
    WHERE [d1].[IsDeleted] = CAST(0 AS bit)
) AS [d2] ON [e].[DesignationId] = [d2].[Id]
INNER JOIN (
    SELECT [o].[Id], [o].[City], [o].[Country], [o].[CreatedAt], [o].[CreatedBy], [o].[IsActive], [o].[IsDeleted], [o].[OfficeCode], [o].[OfficeName], [o].[RowVersion], [o].[State], [o].[UpdatedAt], [o].[UpdatedBy]
    FROM [org].[Offices] AS [o]
    WHERE [o].[IsDeleted] = CAST(0 AS bit)
) AS [o0] ON [e].[OfficeId] = [o0].[Id]
INNER JOIN (
    SELECT [u].[Id], [u].[ConcurrencyStamp], [u].[CreatedAt], [u].[CreatedBy], [u].[Email], [u].[IsActive], [u].[IsDeleted], [u].[IsEmailConfirmed], [u].[NormalizedEmail], [u].[NormalizedUsername], [u].[PasswordHash], [u].[PhoneNumber], [u].[RoleId], [u].[RowVersion], [u].[SecurityStamp], [u].[UpdatedAt], [u].[UpdatedBy], [u].[Username]
    FROM [sec].[Users] AS [u]
    WHERE [u].[IsDeleted] = CAST(0 AS bit)
) AS [u0] ON [e].[UserId] = [u0].[Id]
WHERE [e].[IsDeleted] = CAST(0 AS bit) AND UPPER([e].[EmployeeCode]) = @__ToUpper_0 AND [e].[IsDeleted] = CAST(0 AS bit)
2026-08-03 15:52:06.148 +05:30 [INF] Executed DbCommand (2ms) [Parameters=[@p0='?' (DbType = Guid), @p1='?' (Size = 4000), @p2='?' (DbType = DateTime2), @p3='?' (Size = 4000), @p4='?' (Size = 4000), @p5='?' (Size = 4000), @p6='?' (Size = 4000), @p7='?' (DbType = Guid)], CommandType='"Text"', CommandTimeout='30']
SET IMPLICIT_TRANSACTIONS OFF;
SET NOCOUNT ON;
INSERT INTO [adm].[ActivityLogs] ([Id], [Action], [CreatedAt], [Details], [IpAddress], [Role], [UserAgent], [UserId])
VALUES (@p0, @p1, @p2, @p3, @p4, @p5, @p6, @p7);
2026-08-03 15:52:06.149 +05:30 [INF] Executing OkObjectResult, writing value of type '<>f__AnonymousType3`4[[System.Boolean, System.Private.CoreLib, Version=10.0.0.0, Culture=neutral, PublicKeyToken=7cec85d7bea7798e],[System.String, System.Private.CoreLib, Version=10.0.0.0, Culture=neutral, PublicKeyToken=7cec85d7bea7798e],[<>f__AnonymousType4`7[[System.Guid, System.Private.CoreLib, Version=10.0.0.0, Culture=neutral, PublicKeyToken=7cec85d7bea7798e],[System.String, System.Private.CoreLib, Version=10.0.0.0, Culture=neutral, PublicKeyToken=7cec85d7bea7798e],[System.String, System.Private.CoreLib, Version=10.0.0.0, Culture=neutral, PublicKeyToken=7cec85d7bea7798e],[System.String, System.Private.CoreLib, Version=10.0.0.0, Culture=neutral, PublicKeyToken=7cec85d7bea7798e],[System.String, System.Private.CoreLib, Version=10.0.0.0, Culture=neutral, PublicKeyToken=7cec85d7bea7798e],[System.String, System.Private.CoreLib, Version=10.0.0.0, Culture=neutral, PublicKeyToken=7cec85d7bea7798e],[System.String, System.Private.CoreLib, Version=10.0.0.0, Culture=neutral, PublicKeyToken=7cec85d7bea7798e]], LmsPortal.API, Version=1.0.0.0, Culture=neutral, PublicKeyToken=null],[System.String, System.Private.CoreLib, Version=10.0.0.0, Culture=neutral, PublicKeyToken=7cec85d7bea7798e]]'.
2026-08-03 15:52:06.153 +05:30 [INF] Executed action LmsPortal.API.Controllers.AuthController.LoginEmployee (LmsPortal.API) in 185.4393ms
2026-08-03 15:52:06.153 +05:30 [INF] Executed endpoint 'LmsPortal.API.Controllers.AuthController.LoginEmployee (LmsPortal.API)'
2026-08-03 15:52:06.153 +05:30 [INF] HTTP POST /api/auth/login/employee responded 200 in 194.7427 ms
2026-08-03 15:52:06.154 +05:30 [INF] Request finished HTTP/1.1 POST http://localhost:5000/api/auth/login/employee - 200 null application/json; charset=utf-8 197.7213ms
2026-08-03 15:52:46.129 +05:30 [INF] Request starting HTTP/1.1 POST http://localhost:5000/api/employees - application/json 406
2026-08-03 15:52:46.137 +05:30 [INF] Executing endpoint 'LmsPortal.API.Controllers.EmployeesController.UpsertEmployee (LmsPortal.API)'
2026-08-03 15:52:46.137 +05:30 [INF] Route matched with {action = "UpsertEmployee", controller = "Employees"}. Executing controller action with signature System.Threading.Tasks.Task`1[Microsoft.AspNetCore.Mvc.IActionResult] UpsertEmployee(UpsertEmployeeDto) on controller LmsPortal.API.Controllers.EmployeesController (LmsPortal.API).
2026-08-03 15:52:46.164 +05:30 [INF] Executed DbCommand (5ms) [Parameters=[@p0='?' (DbType = Guid), @p1='?' (Size = 4000), @p2='?' (DbType = DateTime2), @p3='?' (Size = 4000), @p4='?' (Size = 4000), @p5='?' (DbType = Boolean), @p6='?' (DbType = Boolean), @p7='?' (DbType = Boolean), @p8='?' (Size = 4000), @p9='?' (Size = 4000), @p10='?' (Size = 4000), @p11='?' (Size = 4000), @p12='?' (DbType = Guid), @p13='?' (Size = 4000), @p14='?' (DbType = DateTime2), @p15='?' (Size = 4000), @p16='?' (Size = 4000), @p17='?' (DbType = Guid), @p18='?' (DbType = DateTime2), @p19='?' (Size = 4000), @p20='?' (DbType = Guid), @p21='?' (DbType = Guid), @p22='?' (Size = 4000), @p23='?' (Size = 4000), @p24='?' (Size = 4000), @p25='?' (DbType = Boolean), @p26='?' (DbType = Boolean), @p27='?' (DbType = DateTime2), @p28='?' (Size = 4000), @p29='?' (Size = 4000), @p30='?' (DbType = Guid), @p31='?' (Size = 4000), @p32='?' (DbType = DateTime2), @p33='?' (Size = 4000), @p34='?' (DbType = Guid)], CommandType='"Text"', CommandTimeout='30']
SET NOCOUNT ON;
INSERT INTO [sec].[Users] ([Id], [ConcurrencyStamp], [CreatedAt], [CreatedBy], [Email], [IsActive], [IsDeleted], [IsEmailConfirmed], [NormalizedEmail], [NormalizedUsername], [PasswordHash], [PhoneNumber], [RoleId], [SecurityStamp], [UpdatedAt], [UpdatedBy], [Username])
OUTPUT INSERTED.[RowVersion]
VALUES (@p0, @p1, @p2, @p3, @p4, @p5, @p6, @p7, @p8, @p9, @p10, @p11, @p12, @p13, @p14, @p15, @p16);
INSERT INTO [emp].[Employees] ([Id], [CreatedAt], [CreatedBy], [DepartmentId], [DesignationId], [EmployeeCode], [EmploymentStatus], [FirstName], [IsDeleted], [IsMasterTester], [JoiningDate], [LastName], [MiddleName], [OfficeId], [OfficialEmail], [UpdatedAt], [UpdatedBy], [UserId])
OUTPUT INSERTED.[RowVersion]
VALUES (@p17, @p18, @p19, @p20, @p21, @p22, @p23, @p24, @p25, @p26, @p27, @p28, @p29, @p30, @p31, @p32, @p33, @p34);
2026-08-03 15:52:46.168 +05:30 [INF] Executing OkObjectResult, writing value of type '<>f__AnonymousType11`3[[System.Boolean, System.Private.CoreLib, Version=10.0.0.0, Culture=neutral, PublicKeyToken=7cec85d7bea7798e],[<>f__AnonymousType13`11[[System.Guid, System.Private.CoreLib, Version=10.0.0.0, Culture=neutral, PublicKeyToken=7cec85d7bea7798e],[System.String, System.Private.CoreLib, Version=10.0.0.0, Culture=neutral, PublicKeyToken=7cec85d7bea7798e],[System.String, System.Private.CoreLib, Version=10.0.0.0, Culture=neutral, PublicKeyToken=7cec85d7bea7798e],[System.String, System.Private.CoreLib, Version=10.0.0.0, Culture=neutral, PublicKeyToken=7cec85d7bea7798e],[System.String, System.Private.CoreLib, Version=10.0.0.0, Culture=neutral, PublicKeyToken=7cec85d7bea7798e],[System.Guid, System.Private.CoreLib, Version=10.0.0.0, Culture=neutral, PublicKeyToken=7cec85d7bea7798e],[System.Guid, System.Private.CoreLib, Version=10.0.0.0, Culture=neutral, PublicKeyToken=7cec85d7bea7798e],[System.Guid, System.Private.CoreLib, Version=10.0.0.0, Culture=neutral, PublicKeyToken=7cec85d7bea7798e],[System.DateTime, System.Private.CoreLib, Version=10.0.0.0, Culture=neutral, PublicKeyToken=7cec85d7bea7798e],[System.String, System.Private.CoreLib, Version=10.0.0.0, Culture=neutral, PublicKeyToken=7cec85d7bea7798e],[System.Boolean, System.Private.CoreLib, Version=10.0.0.0, Culture=neutral, PublicKeyToken=7cec85d7bea7798e]], LmsPortal.API, Version=1.0.0.0, Culture=neutral, PublicKeyToken=null],[System.String, System.Private.CoreLib, Version=10.0.0.0, Culture=neutral, PublicKeyToken=7cec85d7bea7798e]]'.
2026-08-03 15:52:46.169 +05:30 [INF] Executed action LmsPortal.API.Controllers.EmployeesController.UpsertEmployee (LmsPortal.API) in 31.3186ms
2026-08-03 15:52:46.169 +05:30 [INF] Executed endpoint 'LmsPortal.API.Controllers.EmployeesController.UpsertEmployee (LmsPortal.API)'
2026-08-03 15:52:46.170 +05:30 [INF] HTTP POST /api/employees responded 200 in 39.4817 ms
2026-08-03 15:52:46.171 +05:30 [INF] Request finished HTTP/1.1 POST http://localhost:5000/api/employees - 200 null application/json; charset=utf-8 41.2236ms
2026-08-03 15:52:46.917 +05:30 [INF] Request starting HTTP/1.1 GET http://localhost:5000/api/employees?page=1&pageSize=10 - null null
2026-08-03 15:52:46.926 +05:30 [INF] Executing endpoint 'LmsPortal.API.Controllers.EmployeesController.GetEmployees (LmsPortal.API)'
2026-08-03 15:52:46.941 +05:30 [INF] Route matched with {action = "GetEmployees", controller = "Employees"}. Executing controller action with signature System.Threading.Tasks.Task`1[Microsoft.AspNetCore.Mvc.IActionResult] GetEmployees(System.String, System.Nullable`1[System.Guid], System.String, Int32, Int32) on controller LmsPortal.API.Controllers.EmployeesController (LmsPortal.API).
2026-08-03 15:52:46.990 +05:30 [INF] Executed DbCommand (4ms) [Parameters=[], CommandType='"Text"', CommandTimeout='30']
SELECT COUNT(*)
FROM [emp].[Employees] AS [e]
WHERE [e].[IsDeleted] = CAST(0 AS bit)
2026-08-03 15:52:47.054 +05:30 [INF] Executed DbCommand (13ms) [Parameters=[@__p_0='?' (DbType = Int32), @__p_1='?' (DbType = Int32)], CommandType='"Text"', CommandTimeout='30']
SELECT [e0].[Id], [e0].[CreatedAt], [e0].[CreatedBy], [e0].[DepartmentId], [e0].[DesignationId], [e0].[EmployeeCode], [e0].[EmploymentStatus], [e0].[FirstName], [e0].[IsDeleted], [e0].[IsMasterTester], [e0].[JoiningDate], [e0].[LastName], [e0].[MiddleName], [e0].[OfficeId], [e0].[OfficialEmail], [e0].[RowVersion], [e0].[UpdatedAt], [e0].[UpdatedBy], [e0].[UserId], [d0].[Id], [d0].[CreatedAt], [d0].[CreatedBy], [d0].[DepartmentCode], [d0].[DepartmentName], [d0].[Description], [d0].[IsActive], [d0].[IsDeleted], [d0].[RowVersion], [d0].[UpdatedAt], [d0].[UpdatedBy], [d2].[Id], [d2].[CreatedAt], [d2].[CreatedBy], [d2].[DesignationCode], [d2].[GradeLevel], [d2].[IsActive], [d2].[IsDeleted], [d2].[RowVersion], [d2].[Title], [d2].[UpdatedAt], [d2].[UpdatedBy], [o0].[Id], [o0].[City], [o0].[Country], [o0].[CreatedAt], [o0].[CreatedBy], [o0].[IsActive], [o0].[IsDeleted], [o0].[OfficeCode], [o0].[OfficeName], [o0].[RowVersion], [o0].[State], [o0].[UpdatedAt], [o0].[UpdatedBy]
FROM (
    SELECT [e].[Id], [e].[CreatedAt], [e].[CreatedBy], [e].[DepartmentId], [e].[DesignationId], [e].[EmployeeCode], [e].[EmploymentStatus], [e].[FirstName], [e].[IsDeleted], [e].[IsMasterTester], [e].[JoiningDate], [e].[LastName], [e].[MiddleName], [e].[OfficeId], [e].[OfficialEmail], [e].[RowVersion], [e].[UpdatedAt], [e].[UpdatedBy], [e].[UserId]
    FROM [emp].[Employees] AS [e]
    WHERE [e].[IsDeleted] = CAST(0 AS bit)
    ORDER BY [e].[CreatedAt] DESC
    OFFSET @__p_0 ROWS FETCH NEXT @__p_1 ROWS ONLY
) AS [e0]
INNER JOIN (
    SELECT [d].[Id], [d].[CreatedAt], [d].[CreatedBy], [d].[DepartmentCode], [d].[DepartmentName], [d].[Description], [d].[IsActive], [d].[IsDeleted], [d].[RowVersion], [d].[UpdatedAt], [d].[UpdatedBy]
    FROM [org].[Departments] AS [d]
    WHERE [d].[IsDeleted] = CAST(0 AS bit)
) AS [d0] ON [e0].[DepartmentId] = [d0].[Id]
INNER JOIN (
    SELECT [d1].[Id], [d1].[CreatedAt], [d1].[CreatedBy], [d1].[DesignationCode], [d1].[GradeLevel], [d1].[IsActive], [d1].[IsDeleted], [d1].[RowVersion], [d1].[Title], [d1].[UpdatedAt], [d1].[UpdatedBy]
    FROM [org].[Designations] AS [d1]
    WHERE [d1].[IsDeleted] = CAST(0 AS bit)
) AS [d2] ON [e0].[DesignationId] = [d2].[Id]
INNER JOIN (
    SELECT [o].[Id], [o].[City], [o].[Country], [o].[CreatedAt], [o].[CreatedBy], [o].[IsActive], [o].[IsDeleted], [o].[OfficeCode], [o].[OfficeName], [o].[RowVersion], [o].[State], [o].[UpdatedAt], [o].[UpdatedBy]
    FROM [org].[Offices] AS [o]
    WHERE [o].[IsDeleted] = CAST(0 AS bit)
) AS [o0] ON [e0].[OfficeId] = [o0].[Id]
ORDER BY [e0].[CreatedAt] DESC
2026-08-03 15:52:47.058 +05:30 [INF] Executing OkObjectResult, writing value of type '<>f__AnonymousType12`6[[System.Boolean, System.Private.CoreLib, Version=10.0.0.0, Culture=neutral, PublicKeyToken=7cec85d7bea7798e],[System.Collections.Generic.List`1[[LmsPortal.Core.Entities.Employee, LmsPortal.Core, Version=1.0.0.0, Culture=neutral, PublicKeyToken=null]], System.Private.CoreLib, Version=10.0.0.0, Culture=neutral, PublicKeyToken=7cec85d7bea7798e],[System.Int32, System.Private.CoreLib, Version=10.0.0.0, Culture=neutral, PublicKeyToken=7cec85d7bea7798e],[System.Int32, System.Private.CoreLib, Version=10.0.0.0, Culture=neutral, PublicKeyToken=7cec85d7bea7798e],[System.Int32, System.Private.CoreLib, Version=10.0.0.0, Culture=neutral, PublicKeyToken=7cec85d7bea7798e],[System.Int32, System.Private.CoreLib, Version=10.0.0.0, Culture=neutral, PublicKeyToken=7cec85d7bea7798e]]'.
2026-08-03 15:52:47.135 +05:30 [INF] Executed action LmsPortal.API.Controllers.EmployeesController.GetEmployees (LmsPortal.API) in 193.2798ms
2026-08-03 15:52:47.135 +05:30 [INF] Executed endpoint 'LmsPortal.API.Controllers.EmployeesController.GetEmployees (LmsPortal.API)'
2026-08-03 15:52:47.136 +05:30 [INF] HTTP GET /api/employees responded 200 in 211.9039 ms
2026-08-03 15:52:47.136 +05:30 [INF] Request finished HTTP/1.1 GET http://localhost:5000/api/employees?page=1&pageSize=10 - 200 null application/json; charset=utf-8 219.0677ms
2026-08-03 15:53:19.883 +05:30 [INF] Request starting HTTP/1.1 POST http://localhost:5000/api/employees - application/json 408
2026-08-03 15:53:19.885 +05:30 [INF] Executing endpoint 'LmsPortal.API.Controllers.EmployeesController.UpsertEmployee (LmsPortal.API)'
2026-08-03 15:53:19.885 +05:30 [INF] Route matched with {action = "UpsertEmployee", controller = "Employees"}. Executing controller action with signature System.Threading.Tasks.Task`1[Microsoft.AspNetCore.Mvc.IActionResult] UpsertEmployee(UpsertEmployeeDto) on controller LmsPortal.API.Controllers.EmployeesController (LmsPortal.API).
2026-08-03 15:53:19.900 +05:30 [INF] Executed DbCommand (1ms) [Parameters=[@p0='?' (DbType = Guid), @p1='?' (Size = 4000), @p2='?' (DbType = DateTime2), @p3='?' (Size = 4000), @p4='?' (Size = 4000), @p5='?' (DbType = Boolean), @p6='?' (DbType = Boolean), @p7='?' (DbType = Boolean), @p8='?' (Size = 4000), @p9='?' (Size = 4000), @p10='?' (Size = 4000), @p11='?' (Size = 4000), @p12='?' (DbType = Guid), @p13='?' (Size = 4000), @p14='?' (DbType = DateTime2), @p15='?' (Size = 4000), @p16='?' (Size = 4000), @p17='?' (DbType = Guid), @p18='?' (DbType = DateTime2), @p19='?' (Size = 4000), @p20='?' (DbType = Guid), @p21='?' (DbType = Guid), @p22='?' (Size = 4000), @p23='?' (Size = 4000), @p24='?' (Size = 4000), @p25='?' (DbType = Boolean), @p26='?' (DbType = Boolean), @p27='?' (DbType = DateTime2), @p28='?' (Size = 4000), @p29='?' (Size = 4000), @p30='?' (DbType = Guid), @p31='?' (Size = 4000), @p32='?' (DbType = DateTime2), @p33='?' (Size = 4000), @p34='?' (DbType = Guid)], CommandType='"Text"', CommandTimeout='30']
SET NOCOUNT ON;
INSERT INTO [sec].[Users] ([Id], [ConcurrencyStamp], [CreatedAt], [CreatedBy], [Email], [IsActive], [IsDeleted], [IsEmailConfirmed], [NormalizedEmail], [NormalizedUsername], [PasswordHash], [PhoneNumber], [RoleId], [SecurityStamp], [UpdatedAt], [UpdatedBy], [Username])
OUTPUT INSERTED.[RowVersion]
VALUES (@p0, @p1, @p2, @p3, @p4, @p5, @p6, @p7, @p8, @p9, @p10, @p11, @p12, @p13, @p14, @p15, @p16);
INSERT INTO [emp].[Employees] ([Id], [CreatedAt], [CreatedBy], [DepartmentId], [DesignationId], [EmployeeCode], [EmploymentStatus], [FirstName], [IsDeleted], [IsMasterTester], [JoiningDate], [LastName], [MiddleName], [OfficeId], [OfficialEmail], [UpdatedAt], [UpdatedBy], [UserId])
OUTPUT INSERTED.[RowVersion]
VALUES (@p17, @p18, @p19, @p20, @p21, @p22, @p23, @p24, @p25, @p26, @p27, @p28, @p29, @p30, @p31, @p32, @p33, @p34);
2026-08-03 15:53:19.903 +05:30 [INF] Executing OkObjectResult, writing value of type '<>f__AnonymousType11`3[[System.Boolean, System.Private.CoreLib, Version=10.0.0.0, Culture=neutral, PublicKeyToken=7cec85d7bea7798e],[<>f__AnonymousType13`11[[System.Guid, System.Private.CoreLib, Version=10.0.0.0, Culture=neutral, PublicKeyToken=7cec85d7bea7798e],[System.String, System.Private.CoreLib, Version=10.0.0.0, Culture=neutral, PublicKeyToken=7cec85d7bea7798e],[System.String, System.Private.CoreLib, Version=10.0.0.0, Culture=neutral, PublicKeyToken=7cec85d7bea7798e],[System.String, System.Private.CoreLib, Version=10.0.0.0, Culture=neutral, PublicKeyToken=7cec85d7bea7798e],[System.String, System.Private.CoreLib, Version=10.0.0.0, Culture=neutral, PublicKeyToken=7cec85d7bea7798e],[System.Guid, System.Private.CoreLib, Version=10.0.0.0, Culture=neutral, PublicKeyToken=7cec85d7bea7798e],[System.Guid, System.Private.CoreLib, Version=10.0.0.0, Culture=neutral, PublicKeyToken=7cec85d7bea7798e],[System.Guid, System.Private.CoreLib, Version=10.0.0.0, Culture=neutral, PublicKeyToken=7cec85d7bea7798e],[System.DateTime, System.Private.CoreLib, Version=10.0.0.0, Culture=neutral, PublicKeyToken=7cec85d7bea7798e],[System.String, System.Private.CoreLib, Version=10.0.0.0, Culture=neutral, PublicKeyToken=7cec85d7bea7798e],[System.Boolean, System.Private.CoreLib, Version=10.0.0.0, Culture=neutral, PublicKeyToken=7cec85d7bea7798e]], LmsPortal.API, Version=1.0.0.0, Culture=neutral, PublicKeyToken=null],[System.String, System.Private.CoreLib, Version=10.0.0.0, Culture=neutral, PublicKeyToken=7cec85d7bea7798e]]'.
2026-08-03 15:53:19.904 +05:30 [INF] Executed action LmsPortal.API.Controllers.EmployeesController.UpsertEmployee (LmsPortal.API) in 19.4009ms
2026-08-03 15:53:19.905 +05:30 [INF] Executed endpoint 'LmsPortal.API.Controllers.EmployeesController.UpsertEmployee (LmsPortal.API)'
2026-08-03 15:53:19.905 +05:30 [INF] HTTP POST /api/employees responded 200 in 21.5050 ms
2026-08-03 15:53:19.905 +05:30 [INF] Request finished HTTP/1.1 POST http://localhost:5000/api/employees - 200 null application/json; charset=utf-8 22.7367ms
2026-08-03 15:53:20.224 +05:30 [INF] Request starting HTTP/1.1 GET http://localhost:5000/api/employees?page=1&pageSize=10 - null null
2026-08-03 15:53:20.226 +05:30 [INF] Executing endpoint 'LmsPortal.API.Controllers.EmployeesController.GetEmployees (LmsPortal.API)'
2026-08-03 15:53:20.226 +05:30 [INF] Route matched with {action = "GetEmployees", controller = "Employees"}. Executing controller action with signature System.Threading.Tasks.Task`1[Microsoft.AspNetCore.Mvc.IActionResult] GetEmployees(System.String, System.Nullable`1[System.Guid], System.String, Int32, Int32) on controller LmsPortal.API.Controllers.EmployeesController (LmsPortal.API).
2026-08-03 15:53:20.235 +05:30 [INF] Executed DbCommand (1ms) [Parameters=[], CommandType='"Text"', CommandTimeout='30']
SELECT COUNT(*)
FROM [emp].[Employees] AS [e]
WHERE [e].[IsDeleted] = CAST(0 AS bit)
2026-08-03 15:53:20.240 +05:30 [INF] Executed DbCommand (2ms) [Parameters=[@__p_0='?' (DbType = Int32), @__p_1='?' (DbType = Int32)], CommandType='"Text"', CommandTimeout='30']
SELECT [e0].[Id], [e0].[CreatedAt], [e0].[CreatedBy], [e0].[DepartmentId], [e0].[DesignationId], [e0].[EmployeeCode], [e0].[EmploymentStatus], [e0].[FirstName], [e0].[IsDeleted], [e0].[IsMasterTester], [e0].[JoiningDate], [e0].[LastName], [e0].[MiddleName], [e0].[OfficeId], [e0].[OfficialEmail], [e0].[RowVersion], [e0].[UpdatedAt], [e0].[UpdatedBy], [e0].[UserId], [d0].[Id], [d0].[CreatedAt], [d0].[CreatedBy], [d0].[DepartmentCode], [d0].[DepartmentName], [d0].[Description], [d0].[IsActive], [d0].[IsDeleted], [d0].[RowVersion], [d0].[UpdatedAt], [d0].[UpdatedBy], [d2].[Id], [d2].[CreatedAt], [d2].[CreatedBy], [d2].[DesignationCode], [d2].[GradeLevel], [d2].[IsActive], [d2].[IsDeleted], [d2].[RowVersion], [d2].[Title], [d2].[UpdatedAt], [d2].[UpdatedBy], [o0].[Id], [o0].[City], [o0].[Country], [o0].[CreatedAt], [o0].[CreatedBy], [o0].[IsActive], [o0].[IsDeleted], [o0].[OfficeCode], [o0].[OfficeName], [o0].[RowVersion], [o0].[State], [o0].[UpdatedAt], [o0].[UpdatedBy]
FROM (
    SELECT [e].[Id], [e].[CreatedAt], [e].[CreatedBy], [e].[DepartmentId], [e].[DesignationId], [e].[EmployeeCode], [e].[EmploymentStatus], [e].[FirstName], [e].[IsDeleted], [e].[IsMasterTester], [e].[JoiningDate], [e].[LastName], [e].[MiddleName], [e].[OfficeId], [e].[OfficialEmail], [e].[RowVersion], [e].[UpdatedAt], [e].[UpdatedBy], [e].[UserId]
    FROM [emp].[Employees] AS [e]
    WHERE [e].[IsDeleted] = CAST(0 AS bit)
    ORDER BY [e].[CreatedAt] DESC
    OFFSET @__p_0 ROWS FETCH NEXT @__p_1 ROWS ONLY
) AS [e0]
INNER JOIN (
    SELECT [d].[Id], [d].[CreatedAt], [d].[CreatedBy], [d].[DepartmentCode], [d].[DepartmentName], [d].[Description], [d].[IsActive], [d].[IsDeleted], [d].[RowVersion], [d].[UpdatedAt], [d].[UpdatedBy]
    FROM [org].[Departments] AS [d]
    WHERE [d].[IsDeleted] = CAST(0 AS bit)
) AS [d0] ON [e0].[DepartmentId] = [d0].[Id]
INNER JOIN (
    SELECT [d1].[Id], [d1].[CreatedAt], [d1].[CreatedBy], [d1].[DesignationCode], [d1].[GradeLevel], [d1].[IsActive], [d1].[IsDeleted], [d1].[RowVersion], [d1].[Title], [d1].[UpdatedAt], [d1].[UpdatedBy]
    FROM [org].[Designations] AS [d1]
    WHERE [d1].[IsDeleted] = CAST(0 AS bit)
) AS [d2] ON [e0].[DesignationId] = [d2].[Id]
INNER JOIN (
    SELECT [o].[Id], [o].[City], [o].[Country], [o].[CreatedAt], [o].[CreatedBy], [o].[IsActive], [o].[IsDeleted], [o].[OfficeCode], [o].[OfficeName], [o].[RowVersion], [o].[State], [o].[UpdatedAt], [o].[UpdatedBy]
    FROM [org].[Offices] AS [o]
    WHERE [o].[IsDeleted] = CAST(0 AS bit)
) AS [o0] ON [e0].[OfficeId] = [o0].[Id]
ORDER BY [e0].[CreatedAt] DESC
2026-08-03 15:53:20.242 +05:30 [INF] Executing OkObjectResult, writing value of type '<>f__AnonymousType12`6[[System.Boolean, System.Private.CoreLib, Version=10.0.0.0, Culture=neutral, PublicKeyToken=7cec85d7bea7798e],[System.Collections.Generic.List`1[[LmsPortal.Core.Entities.Employee, LmsPortal.Core, Version=1.0.0.0, Culture=neutral, PublicKeyToken=null]], System.Private.CoreLib, Version=10.0.0.0, Culture=neutral, PublicKeyToken=7cec85d7bea7798e],[System.Int32, System.Private.CoreLib, Version=10.0.0.0, Culture=neutral, PublicKeyToken=7cec85d7bea7798e],[System.Int32, System.Private.CoreLib, Version=10.0.0.0, Culture=neutral, PublicKeyToken=7cec85d7bea7798e],[System.Int32, System.Private.CoreLib, Version=10.0.0.0, Culture=neutral, PublicKeyToken=7cec85d7bea7798e],[System.Int32, System.Private.CoreLib, Version=10.0.0.0, Culture=neutral, PublicKeyToken=7cec85d7bea7798e]]'.
2026-08-03 15:53:20.342 +05:30 [INF] Executed action LmsPortal.API.Controllers.EmployeesController.GetEmployees (LmsPortal.API) in 116.0741ms
2026-08-03 15:53:20.343 +05:30 [INF] Executed endpoint 'LmsPortal.API.Controllers.EmployeesController.GetEmployees (LmsPortal.API)'
2026-08-03 15:53:20.343 +05:30 [INF] HTTP GET /api/employees responded 200 in 117.6220 ms
2026-08-03 15:53:20.343 +05:30 [INF] Request finished HTTP/1.1 GET http://localhost:5000/api/employees?page=1&pageSize=10 - 200 null application/json; charset=utf-8 119.1033ms
2026-08-03 15:53:34.576 +05:30 [INF] Request starting HTTP/1.1 POST http://localhost:5000/api/auth/login/employee - application/json 24
2026-08-03 15:53:34.577 +05:30 [INF] Executing endpoint 'LmsPortal.API.Controllers.AuthController.LoginEmployee (LmsPortal.API)'
2026-08-03 15:53:34.577 +05:30 [INF] Route matched with {action = "LoginEmployee", controller = "Auth"}. Executing controller action with signature System.Threading.Tasks.Task`1[Microsoft.AspNetCore.Mvc.IActionResult] LoginEmployee(EmployeeLoginDto) on controller LmsPortal.API.Controllers.AuthController (LmsPortal.API).
2026-08-03 15:53:34.583 +05:30 [INF] Executed DbCommand (3ms) [Parameters=[@__ToUpper_0='?' (Size = 4000)], CommandType='"Text"', CommandTimeout='30']
SELECT TOP(1) [e].[Id], [e].[CreatedAt], [e].[CreatedBy], [e].[DepartmentId], [e].[DesignationId], [e].[EmployeeCode], [e].[EmploymentStatus], [e].[FirstName], [e].[IsDeleted], [e].[IsMasterTester], [e].[JoiningDate], [e].[LastName], [e].[MiddleName], [e].[OfficeId], [e].[OfficialEmail], [e].[RowVersion], [e].[UpdatedAt], [e].[UpdatedBy], [e].[UserId], [d0].[Id], [d0].[CreatedAt], [d0].[CreatedBy], [d0].[DepartmentCode], [d0].[DepartmentName], [d0].[Description], [d0].[IsActive], [d0].[IsDeleted], [d0].[RowVersion], [d0].[UpdatedAt], [d0].[UpdatedBy], [d2].[Id], [d2].[CreatedAt], [d2].[CreatedBy], [d2].[DesignationCode], [d2].[GradeLevel], [d2].[IsActive], [d2].[IsDeleted], [d2].[RowVersion], [d2].[Title], [d2].[UpdatedAt], [d2].[UpdatedBy], [o0].[Id], [o0].[City], [o0].[Country], [o0].[CreatedAt], [o0].[CreatedBy], [o0].[IsActive], [o0].[IsDeleted], [o0].[OfficeCode], [o0].[OfficeName], [o0].[RowVersion], [o0].[State], [o0].[UpdatedAt], [o0].[UpdatedBy], [u0].[Id], [u0].[ConcurrencyStamp], [u0].[CreatedAt], [u0].[CreatedBy], [u0].[Email], [u0].[IsActive], [u0].[IsDeleted], [u0].[IsEmailConfirmed], [u0].[NormalizedEmail], [u0].[NormalizedUsername], [u0].[PasswordHash], [u0].[PhoneNumber], [u0].[RoleId], [u0].[RowVersion], [u0].[SecurityStamp], [u0].[UpdatedAt], [u0].[UpdatedBy], [u0].[Username]
FROM [emp].[Employees] AS [e]
INNER JOIN (
    SELECT [d].[Id], [d].[CreatedAt], [d].[CreatedBy], [d].[DepartmentCode], [d].[DepartmentName], [d].[Description], [d].[IsActive], [d].[IsDeleted], [d].[RowVersion], [d].[UpdatedAt], [d].[UpdatedBy]
    FROM [org].[Departments] AS [d]
    WHERE [d].[IsDeleted] = CAST(0 AS bit)
) AS [d0] ON [e].[DepartmentId] = [d0].[Id]
INNER JOIN (
    SELECT [d1].[Id], [d1].[CreatedAt], [d1].[CreatedBy], [d1].[DesignationCode], [d1].[GradeLevel], [d1].[IsActive], [d1].[IsDeleted], [d1].[RowVersion], [d1].[Title], [d1].[UpdatedAt], [d1].[UpdatedBy]
    FROM [org].[Designations] AS [d1]
    WHERE [d1].[IsDeleted] = CAST(0 AS bit)
) AS [d2] ON [e].[DesignationId] = [d2].[Id]
INNER JOIN (
    SELECT [o].[Id], [o].[City], [o].[Country], [o].[CreatedAt], [o].[CreatedBy], [o].[IsActive], [o].[IsDeleted], [o].[OfficeCode], [o].[OfficeName], [o].[RowVersion], [o].[State], [o].[UpdatedAt], [o].[UpdatedBy]
    FROM [org].[Offices] AS [o]
    WHERE [o].[IsDeleted] = CAST(0 AS bit)
) AS [o0] ON [e].[OfficeId] = [o0].[Id]
INNER JOIN (
    SELECT [u].[Id], [u].[ConcurrencyStamp], [u].[CreatedAt], [u].[CreatedBy], [u].[Email], [u].[IsActive], [u].[IsDeleted], [u].[IsEmailConfirmed], [u].[NormalizedEmail], [u].[NormalizedUsername], [u].[PasswordHash], [u].[PhoneNumber], [u].[RoleId], [u].[RowVersion], [u].[SecurityStamp], [u].[UpdatedAt], [u].[UpdatedBy], [u].[Username]
    FROM [sec].[Users] AS [u]
    WHERE [u].[IsDeleted] = CAST(0 AS bit)
) AS [u0] ON [e].[UserId] = [u0].[Id]
WHERE [e].[IsDeleted] = CAST(0 AS bit) AND UPPER([e].[EmployeeCode]) = @__ToUpper_0 AND [e].[IsDeleted] = CAST(0 AS bit)
2026-08-03 15:53:34.586 +05:30 [INF] Executed DbCommand (2ms) [Parameters=[@p0='?' (DbType = Guid), @p1='?' (Size = 4000), @p2='?' (DbType = DateTime2), @p3='?' (Size = 4000), @p4='?' (Size = 4000), @p5='?' (Size = 4000), @p6='?' (Size = 4000), @p7='?' (DbType = Guid)], CommandType='"Text"', CommandTimeout='30']
SET IMPLICIT_TRANSACTIONS OFF;
SET NOCOUNT ON;
INSERT INTO [adm].[ActivityLogs] ([Id], [Action], [CreatedAt], [Details], [IpAddress], [Role], [UserAgent], [UserId])
VALUES (@p0, @p1, @p2, @p3, @p4, @p5, @p6, @p7);
2026-08-03 15:53:34.587 +05:30 [INF] Executing OkObjectResult, writing value of type '<>f__AnonymousType3`4[[System.Boolean, System.Private.CoreLib, Version=10.0.0.0, Culture=neutral, PublicKeyToken=7cec85d7bea7798e],[System.String, System.Private.CoreLib, Version=10.0.0.0, Culture=neutral, PublicKeyToken=7cec85d7bea7798e],[<>f__AnonymousType4`7[[System.Guid, System.Private.CoreLib, Version=10.0.0.0, Culture=neutral, PublicKeyToken=7cec85d7bea7798e],[System.String, System.Private.CoreLib, Version=10.0.0.0, Culture=neutral, PublicKeyToken=7cec85d7bea7798e],[System.String, System.Private.CoreLib, Version=10.0.0.0, Culture=neutral, PublicKeyToken=7cec85d7bea7798e],[System.String, System.Private.CoreLib, Version=10.0.0.0, Culture=neutral, PublicKeyToken=7cec85d7bea7798e],[System.String, System.Private.CoreLib, Version=10.0.0.0, Culture=neutral, PublicKeyToken=7cec85d7bea7798e],[System.String, System.Private.CoreLib, Version=10.0.0.0, Culture=neutral, PublicKeyToken=7cec85d7bea7798e],[System.String, System.Private.CoreLib, Version=10.0.0.0, Culture=neutral, PublicKeyToken=7cec85d7bea7798e]], LmsPortal.API, Version=1.0.0.0, Culture=neutral, PublicKeyToken=null],[System.String, System.Private.CoreLib, Version=10.0.0.0, Culture=neutral, PublicKeyToken=7cec85d7bea7798e]]'.
2026-08-03 15:53:34.587 +05:30 [INF] Executed action LmsPortal.API.Controllers.AuthController.LoginEmployee (LmsPortal.API) in 9.9136ms
2026-08-03 15:53:34.587 +05:30 [INF] Executed endpoint 'LmsPortal.API.Controllers.AuthController.LoginEmployee (LmsPortal.API)'
2026-08-03 15:53:34.587 +05:30 [INF] HTTP POST /api/auth/login/employee responded 200 in 10.5073 ms
2026-08-03 15:53:34.587 +05:30 [INF] Request finished HTTP/1.1 POST http://localhost:5000/api/auth/login/employee - 200 null application/json; charset=utf-8 11.0761ms
2026-08-03 15:53:42.507 +05:30 [INF] Request starting HTTP/1.1 GET http://localhost:5000/api/employees?page=1&pageSize=10 - null null
2026-08-03 15:53:42.509 +05:30 [INF] Executing endpoint 'LmsPortal.API.Controllers.EmployeesController.GetEmployees (LmsPortal.API)'
2026-08-03 15:53:42.509 +05:30 [INF] Route matched with {action = "GetEmployees", controller = "Employees"}. Executing controller action with signature System.Threading.Tasks.Task`1[Microsoft.AspNetCore.Mvc.IActionResult] GetEmployees(System.String, System.Nullable`1[System.Guid], System.String, Int32, Int32) on controller LmsPortal.API.Controllers.EmployeesController (LmsPortal.API).
2026-08-03 15:53:42.514 +05:30 [INF] Executed DbCommand (2ms) [Parameters=[], CommandType='"Text"', CommandTimeout='30']
SELECT COUNT(*)
FROM [emp].[Employees] AS [e]
WHERE [e].[IsDeleted] = CAST(0 AS bit)
2026-08-03 15:53:42.529 +05:30 [INF] Executed DbCommand (5ms) [Parameters=[@__p_0='?' (DbType = Int32), @__p_1='?' (DbType = Int32)], CommandType='"Text"', CommandTimeout='30']
SELECT [e0].[Id], [e0].[CreatedAt], [e0].[CreatedBy], [e0].[DepartmentId], [e0].[DesignationId], [e0].[EmployeeCode], [e0].[EmploymentStatus], [e0].[FirstName], [e0].[IsDeleted], [e0].[IsMasterTester], [e0].[JoiningDate], [e0].[LastName], [e0].[MiddleName], [e0].[OfficeId], [e0].[OfficialEmail], [e0].[RowVersion], [e0].[UpdatedAt], [e0].[UpdatedBy], [e0].[UserId], [d0].[Id], [d0].[CreatedAt], [d0].[CreatedBy], [d0].[DepartmentCode], [d0].[DepartmentName], [d0].[Description], [d0].[IsActive], [d0].[IsDeleted], [d0].[RowVersion], [d0].[UpdatedAt], [d0].[UpdatedBy], [d2].[Id], [d2].[CreatedAt], [d2].[CreatedBy], [d2].[DesignationCode], [d2].[GradeLevel], [d2].[IsActive], [d2].[IsDeleted], [d2].[RowVersion], [d2].[Title], [d2].[UpdatedAt], [d2].[UpdatedBy], [o0].[Id], [o0].[City], [o0].[Country], [o0].[CreatedAt], [o0].[CreatedBy], [o0].[IsActive], [o0].[IsDeleted], [o0].[OfficeCode], [o0].[OfficeName], [o0].[RowVersion], [o0].[State], [o0].[UpdatedAt], [o0].[UpdatedBy]
FROM (
    SELECT [e].[Id], [e].[CreatedAt], [e].[CreatedBy], [e].[DepartmentId], [e].[DesignationId], [e].[EmployeeCode], [e].[EmploymentStatus], [e].[FirstName], [e].[IsDeleted], [e].[IsMasterTester], [e].[JoiningDate], [e].[LastName], [e].[MiddleName], [e].[OfficeId], [e].[OfficialEmail], [e].[RowVersion], [e].[UpdatedAt], [e].[UpdatedBy], [e].[UserId]
    FROM [emp].[Employees] AS [e]
    WHERE [e].[IsDeleted] = CAST(0 AS bit)
    ORDER BY [e].[CreatedAt] DESC
    OFFSET @__p_0 ROWS FETCH NEXT @__p_1 ROWS ONLY
) AS [e0]
INNER JOIN (
    SELECT [d].[Id], [d].[CreatedAt], [d].[CreatedBy], [d].[DepartmentCode], [d].[DepartmentName], [d].[Description], [d].[IsActive], [d].[IsDeleted], [d].[RowVersion], [d].[UpdatedAt], [d].[UpdatedBy]
    FROM [org].[Departments] AS [d]
    WHERE [d].[IsDeleted] = CAST(0 AS bit)
) AS [d0] ON [e0].[DepartmentId] = [d0].[Id]
INNER JOIN (
    SELECT [d1].[Id], [d1].[CreatedAt], [d1].[CreatedBy], [d1].[DesignationCode], [d1].[GradeLevel], [d1].[IsActive], [d1].[IsDeleted], [d1].[RowVersion], [d1].[Title], [d1].[UpdatedAt], [d1].[UpdatedBy]
    FROM [org].[Designations] AS [d1]
    WHERE [d1].[IsDeleted] = CAST(0 AS bit)
) AS [d2] ON [e0].[DesignationId] = [d2].[Id]
INNER JOIN (
    SELECT [o].[Id], [o].[City], [o].[Country], [o].[CreatedAt], [o].[CreatedBy], [o].[IsActive], [o].[IsDeleted], [o].[OfficeCode], [o].[OfficeName], [o].[RowVersion], [o].[State], [o].[UpdatedAt], [o].[UpdatedBy]
    FROM [org].[Offices] AS [o]
    WHERE [o].[IsDeleted] = CAST(0 AS bit)
) AS [o0] ON [e0].[OfficeId] = [o0].[Id]
ORDER BY [e0].[CreatedAt] DESC
2026-08-03 15:53:42.532 +05:30 [INF] Executing OkObjectResult, writing value of type '<>f__AnonymousType12`6[[System.Boolean, System.Private.CoreLib, Version=10.0.0.0, Culture=neutral, PublicKeyToken=7cec85d7bea7798e],[System.Collections.Generic.List`1[[LmsPortal.Core.Entities.Employee, LmsPortal.Core, Version=1.0.0.0, Culture=neutral, PublicKeyToken=null]], System.Private.CoreLib, Version=10.0.0.0, Culture=neutral, PublicKeyToken=7cec85d7bea7798e],[System.Int32, System.Private.CoreLib, Version=10.0.0.0, Culture=neutral, PublicKeyToken=7cec85d7bea7798e],[System.Int32, System.Private.CoreLib, Version=10.0.0.0, Culture=neutral, PublicKeyToken=7cec85d7bea7798e],[System.Int32, System.Private.CoreLib, Version=10.0.0.0, Culture=neutral, PublicKeyToken=7cec85d7bea7798e],[System.Int32, System.Private.CoreLib, Version=10.0.0.0, Culture=neutral, PublicKeyToken=7cec85d7bea7798e]]'.
2026-08-03 15:53:42.600 +05:30 [INF] Executed action LmsPortal.API.Controllers.EmployeesController.GetEmployees (LmsPortal.API) in 89.4004ms
2026-08-03 15:53:42.600 +05:30 [INF] Executed endpoint 'LmsPortal.API.Controllers.EmployeesController.GetEmployees (LmsPortal.API)'
2026-08-03 15:53:42.600 +05:30 [INF] HTTP GET /api/employees responded 200 in 92.1691 ms
2026-08-03 15:53:42.606 +05:30 [INF] Request finished HTTP/1.1 GET http://localhost:5000/api/employees?page=1&pageSize=10 - 200 null application/json; charset=utf-8 98.3682ms
2026-08-03 16:01:18.498 +05:30 [INF] User profile is available. Using 'C:\Users\kaustubh.bhatlawande\AppData\Local\ASP.NET\DataProtection-Keys' as key repository and Windows DPAPI to encrypt keys at rest.
2026-08-03 16:01:18.604 +05:30 [INF] Now listening on: http://localhost:5000
2026-08-03 16:01:18.605 +05:30 [INF] Application started. Press Ctrl+C to shut down.
2026-08-03 16:01:18.606 +05:30 [INF] Hosting environment: Development
2026-08-03 16:01:18.606 +05:30 [INF] Content root path: C:\Users\kaustubh.bhatlawande\Desktop\LMS Portal - Copy\backend\LmsPortal.API
2026-08-03 16:02:11.400 +05:30 [INF] Request starting HTTP/1.1 POST http://localhost:5000/api/auth/login/hr - application/json 42
2026-08-03 16:02:11.451 +05:30 [INF] Executing endpoint 'LmsPortal.API.Controllers.AuthController.LoginHR (LmsPortal.API)'
2026-08-03 16:02:11.467 +05:30 [INF] Route matched with {action = "LoginHR", controller = "Auth"}. Executing controller action with signature System.Threading.Tasks.Task`1[Microsoft.AspNetCore.Mvc.IActionResult] LoginHR(LoginDto) on controller LmsPortal.API.Controllers.AuthController (LmsPortal.API).
2026-08-03 16:02:12.258 +05:30 [WRN] Entity 'AssessmentAttempt' has a global query filter defined and is the required end of a relationship with the entity 'AssessmentAnswer'. This may lead to unexpected results when the required entity is filtered out. Either configure the navigation as optional, or define matching query filters for both entities in the navigation. See https://go.microsoft.com/fwlink/?linkid=2131316 for more information.
2026-08-03 16:02:12.258 +05:30 [WRN] Entity 'Certificate' has a global query filter defined and is the required end of a relationship with the entity 'CertificateVerificationLog'. This may lead to unexpected results when the required entity is filtered out. Either configure the navigation as optional, or define matching query filters for both entities in the navigation. See https://go.microsoft.com/fwlink/?linkid=2131316 for more information.
2026-08-03 16:02:12.258 +05:30 [WRN] Entity 'Permission' has a global query filter defined and is the required end of a relationship with the entity 'RolePermission'. This may lead to unexpected results when the required entity is filtered out. Either configure the navigation as optional, or define matching query filters for both entities in the navigation. See https://go.microsoft.com/fwlink/?linkid=2131316 for more information.
2026-08-03 16:02:12.346 +05:30 [WRN] No store type was specified for the decimal property 'PassingScorePercentage' on entity type 'Assessment'. This will cause values to be silently truncated if they do not fit in the default precision and scale. Explicitly specify the SQL server column type that can accommodate all the values in 'OnModelCreating' using 'HasColumnType', specify precision and scale using 'HasPrecision', or configure a value converter using 'HasConversion'.
2026-08-03 16:02:12.347 +05:30 [WRN] No store type was specified for the decimal property 'PointsAwarded' on entity type 'AssessmentAnswer'. This will cause values to be silently truncated if they do not fit in the default precision and scale. Explicitly specify the SQL server column type that can accommodate all the values in 'OnModelCreating' using 'HasColumnType', specify precision and scale using 'HasPrecision', or configure a value converter using 'HasConversion'.
2026-08-03 16:02:12.347 +05:30 [WRN] No store type was specified for the decimal property 'ScorePercentage' on entity type 'AssessmentAttempt'. This will cause values to be silently truncated if they do not fit in the default precision and scale. Explicitly specify the SQL server column type that can accommodate all the values in 'OnModelCreating' using 'HasColumnType', specify precision and scale using 'HasPrecision', or configure a value converter using 'HasConversion'.
2026-08-03 16:02:12.347 +05:30 [WRN] No store type was specified for the decimal property 'Points' on entity type 'AssessmentQuestion'. This will cause values to be silently truncated if they do not fit in the default precision and scale. Explicitly specify the SQL server column type that can accommodate all the values in 'OnModelCreating' using 'HasColumnType', specify precision and scale using 'HasPrecision', or configure a value converter using 'HasConversion'.
2026-08-03 16:02:12.347 +05:30 [WRN] No store type was specified for the decimal property 'PassingScorePercentage' on entity type 'Course'. This will cause values to be silently truncated if they do not fit in the default precision and scale. Explicitly specify the SQL server column type that can accommodate all the values in 'OnModelCreating' using 'HasColumnType', specify precision and scale using 'HasPrecision', or configure a value converter using 'HasConversion'.
2026-08-03 16:02:12.347 +05:30 [WRN] No store type was specified for the decimal property 'TotalSeconds' on entity type 'LessonProgress'. This will cause values to be silently truncated if they do not fit in the default precision and scale. Explicitly specify the SQL server column type that can accommodate all the values in 'OnModelCreating' using 'HasColumnType', specify precision and scale using 'HasPrecision', or configure a value converter using 'HasConversion'.
2026-08-03 16:02:12.347 +05:30 [WRN] No store type was specified for the decimal property 'WatchedSeconds' on entity type 'LessonProgress'. This will cause values to be silently truncated if they do not fit in the default precision and scale. Explicitly specify the SQL server column type that can accommodate all the values in 'OnModelCreating' using 'HasColumnType', specify precision and scale using 'HasPrecision', or configure a value converter using 'HasConversion'.
2026-08-03 16:02:13.058 +05:30 [INF] Executed DbCommand (33ms) [Parameters=[@__ToUpper_0='?' (Size = 4000)], CommandType='"Text"', CommandTimeout='30']
SELECT TOP(1) [u].[Id], [u].[ConcurrencyStamp], [u].[CreatedAt], [u].[CreatedBy], [u].[Email], [u].[IsActive], [u].[IsDeleted], [u].[IsEmailConfirmed], [u].[NormalizedEmail], [u].[NormalizedUsername], [u].[PasswordHash], [u].[PhoneNumber], [u].[RoleId], [u].[RowVersion], [u].[SecurityStamp], [u].[UpdatedAt], [u].[UpdatedBy], [u].[Username], [r0].[Id], [r0].[CreatedAt], [r0].[CreatedBy], [r0].[Description], [r0].[IsDeleted], [r0].[NormalizedRoleName], [r0].[RoleName], [r0].[RowVersion], [r0].[UpdatedAt], [r0].[UpdatedBy]
FROM [sec].[Users] AS [u]
INNER JOIN (
    SELECT [r].[Id], [r].[CreatedAt], [r].[CreatedBy], [r].[Description], [r].[IsDeleted], [r].[NormalizedRoleName], [r].[RoleName], [r].[RowVersion], [r].[UpdatedAt], [r].[UpdatedBy]
    FROM [sec].[Roles] AS [r]
    WHERE [r].[IsDeleted] = CAST(0 AS bit)
) AS [r0] ON [u].[RoleId] = [r0].[Id]
WHERE [u].[IsDeleted] = CAST(0 AS bit) AND [u].[NormalizedUsername] = @__ToUpper_0 AND [u].[IsDeleted] = CAST(0 AS bit)
2026-08-03 16:02:13.692 +05:30 [INF] Executed DbCommand (5ms) [Parameters=[@p0='?' (DbType = Guid), @p1='?' (Size = 4000), @p2='?' (DbType = DateTime2), @p3='?' (Size = 4000), @p4='?' (Size = 4000), @p5='?' (Size = 4000), @p6='?' (Size = 4000), @p7='?' (DbType = Guid)], CommandType='"Text"', CommandTimeout='30']
SET IMPLICIT_TRANSACTIONS OFF;
SET NOCOUNT ON;
INSERT INTO [adm].[ActivityLogs] ([Id], [Action], [CreatedAt], [Details], [IpAddress], [Role], [UserAgent], [UserId])
VALUES (@p0, @p1, @p2, @p3, @p4, @p5, @p6, @p7);
2026-08-03 16:02:13.706 +05:30 [INF] Executing OkObjectResult, writing value of type '<>f__AnonymousType1`4[[System.Boolean, System.Private.CoreLib, Version=10.0.0.0, Culture=neutral, PublicKeyToken=7cec85d7bea7798e],[System.String, System.Private.CoreLib, Version=10.0.0.0, Culture=neutral, PublicKeyToken=7cec85d7bea7798e],[<>f__AnonymousType2`5[[System.Guid, System.Private.CoreLib, Version=10.0.0.0, Culture=neutral, PublicKeyToken=7cec85d7bea7798e],[System.String, System.Private.CoreLib, Version=10.0.0.0, Culture=neutral, PublicKeyToken=7cec85d7bea7798e],[System.String, System.Private.CoreLib, Version=10.0.0.0, Culture=neutral, PublicKeyToken=7cec85d7bea7798e],[System.String, System.Private.CoreLib, Version=10.0.0.0, Culture=neutral, PublicKeyToken=7cec85d7bea7798e],[System.String, System.Private.CoreLib, Version=10.0.0.0, Culture=neutral, PublicKeyToken=7cec85d7bea7798e]], LmsPortal.API, Version=1.0.0.0, Culture=neutral, PublicKeyToken=null],[System.String, System.Private.CoreLib, Version=10.0.0.0, Culture=neutral, PublicKeyToken=7cec85d7bea7798e]]'.
2026-08-03 16:02:13.729 +05:30 [INF] Executed action LmsPortal.API.Controllers.AuthController.LoginHR (LmsPortal.API) in 2258.5535ms
2026-08-03 16:02:13.730 +05:30 [INF] Executed endpoint 'LmsPortal.API.Controllers.AuthController.LoginHR (LmsPortal.API)'
2026-08-03 16:02:13.735 +05:30 [INF] HTTP POST /api/auth/login/hr responded 200 in 2303.6290 ms
2026-08-03 16:02:13.744 +05:30 [INF] Request finished HTTP/1.1 POST http://localhost:5000/api/auth/login/hr - 200 null application/json; charset=utf-8 2345.0091ms
2026-08-03 16:02:13.745 +05:30 [INF] Request starting HTTP/1.1 POST http://localhost:5000/api/employees - application/json 363
2026-08-03 16:02:13.788 +05:30 [INF] Executing endpoint 'LmsPortal.API.Controllers.EmployeesController.UpsertEmployee (LmsPortal.API)'
2026-08-03 16:02:13.796 +05:30 [INF] Route matched with {action = "UpsertEmployee", controller = "Employees"}. Executing controller action with signature System.Threading.Tasks.Task`1[Microsoft.AspNetCore.Mvc.IActionResult] UpsertEmployee(UpsertEmployeeDto) on controller LmsPortal.API.Controllers.EmployeesController (LmsPortal.API).
2026-08-03 16:02:13.910 +05:30 [INF] Executed DbCommand (5ms) [Parameters=[@__cleanEmpCode_0='?' (Size = 4000)], CommandType='"Text"', CommandTimeout='30']
SELECT CASE
    WHEN EXISTS (
        SELECT 1
        FROM [emp].[Employees] AS [e]
        WHERE [e].[IsDeleted] = CAST(0 AS bit) AND [e].[IsDeleted] = CAST(0 AS bit) AND UPPER([e].[EmployeeCode]) = @__cleanEmpCode_0) THEN CAST(1 AS bit)
    ELSE CAST(0 AS bit)
END
2026-08-03 16:02:13.912 +05:30 [INF] Executing ObjectResult, writing value of type '<>f__AnonymousType0`2[[System.Boolean, System.Private.CoreLib, Version=10.0.0.0, Culture=neutral, PublicKeyToken=7cec85d7bea7798e],[System.String, System.Private.CoreLib, Version=10.0.0.0, Culture=neutral, PublicKeyToken=7cec85d7bea7798e]]'.
2026-08-03 16:02:13.915 +05:30 [INF] Executed action LmsPortal.API.Controllers.EmployeesController.UpsertEmployee (LmsPortal.API) in 118.6696ms
2026-08-03 16:02:13.915 +05:30 [INF] Executed endpoint 'LmsPortal.API.Controllers.EmployeesController.UpsertEmployee (LmsPortal.API)'
2026-08-03 16:02:13.915 +05:30 [INF] HTTP POST /api/employees responded 409 in 167.0946 ms
2026-08-03 16:02:13.916 +05:30 [INF] Request finished HTTP/1.1 POST http://localhost:5000/api/employees - 409 null application/json; charset=utf-8 170.2608ms
2026-08-03 16:02:50.574 +05:30 [INF] Request starting HTTP/1.1 POST http://localhost:5000/api/auth/login/hr - application/json 42
2026-08-03 16:02:50.579 +05:30 [INF] Executing endpoint 'LmsPortal.API.Controllers.AuthController.LoginHR (LmsPortal.API)'
2026-08-03 16:02:50.579 +05:30 [INF] Route matched with {action = "LoginHR", controller = "Auth"}. Executing controller action with signature System.Threading.Tasks.Task`1[Microsoft.AspNetCore.Mvc.IActionResult] LoginHR(LoginDto) on controller LmsPortal.API.Controllers.AuthController (LmsPortal.API).
2026-08-03 16:02:50.610 +05:30 [INF] Executed DbCommand (3ms) [Parameters=[@__ToUpper_0='?' (Size = 4000)], CommandType='"Text"', CommandTimeout='30']
SELECT TOP(1) [u].[Id], [u].[ConcurrencyStamp], [u].[CreatedAt], [u].[CreatedBy], [u].[Email], [u].[IsActive], [u].[IsDeleted], [u].[IsEmailConfirmed], [u].[NormalizedEmail], [u].[NormalizedUsername], [u].[PasswordHash], [u].[PhoneNumber], [u].[RoleId], [u].[RowVersion], [u].[SecurityStamp], [u].[UpdatedAt], [u].[UpdatedBy], [u].[Username], [r0].[Id], [r0].[CreatedAt], [r0].[CreatedBy], [r0].[Description], [r0].[IsDeleted], [r0].[NormalizedRoleName], [r0].[RoleName], [r0].[RowVersion], [r0].[UpdatedAt], [r0].[UpdatedBy]
FROM [sec].[Users] AS [u]
INNER JOIN (
    SELECT [r].[Id], [r].[CreatedAt], [r].[CreatedBy], [r].[Description], [r].[IsDeleted], [r].[NormalizedRoleName], [r].[RoleName], [r].[RowVersion], [r].[UpdatedAt], [r].[UpdatedBy]
    FROM [sec].[Roles] AS [r]
    WHERE [r].[IsDeleted] = CAST(0 AS bit)
) AS [r0] ON [u].[RoleId] = [r0].[Id]
WHERE [u].[IsDeleted] = CAST(0 AS bit) AND [u].[NormalizedUsername] = @__ToUpper_0 AND [u].[IsDeleted] = CAST(0 AS bit)
2026-08-03 16:02:50.992 +05:30 [INF] Executed DbCommand (2ms) [Parameters=[@p0='?' (DbType = Guid), @p1='?' (Size = 4000), @p2='?' (DbType = DateTime2), @p3='?' (Size = 4000), @p4='?' (Size = 4000), @p5='?' (Size = 4000), @p6='?' (Size = 4000), @p7='?' (DbType = Guid)], CommandType='"Text"', CommandTimeout='30']
SET IMPLICIT_TRANSACTIONS OFF;
SET NOCOUNT ON;
INSERT INTO [adm].[ActivityLogs] ([Id], [Action], [CreatedAt], [Details], [IpAddress], [Role], [UserAgent], [UserId])
VALUES (@p0, @p1, @p2, @p3, @p4, @p5, @p6, @p7);
2026-08-03 16:02:50.993 +05:30 [INF] Executing OkObjectResult, writing value of type '<>f__AnonymousType1`4[[System.Boolean, System.Private.CoreLib, Version=10.0.0.0, Culture=neutral, PublicKeyToken=7cec85d7bea7798e],[System.String, System.Private.CoreLib, Version=10.0.0.0, Culture=neutral, PublicKeyToken=7cec85d7bea7798e],[<>f__AnonymousType2`5[[System.Guid, System.Private.CoreLib, Version=10.0.0.0, Culture=neutral, PublicKeyToken=7cec85d7bea7798e],[System.String, System.Private.CoreLib, Version=10.0.0.0, Culture=neutral, PublicKeyToken=7cec85d7bea7798e],[System.String, System.Private.CoreLib, Version=10.0.0.0, Culture=neutral, PublicKeyToken=7cec85d7bea7798e],[System.String, System.Private.CoreLib, Version=10.0.0.0, Culture=neutral, PublicKeyToken=7cec85d7bea7798e],[System.String, System.Private.CoreLib, Version=10.0.0.0, Culture=neutral, PublicKeyToken=7cec85d7bea7798e]], LmsPortal.API, Version=1.0.0.0, Culture=neutral, PublicKeyToken=null],[System.String, System.Private.CoreLib, Version=10.0.0.0, Culture=neutral, PublicKeyToken=7cec85d7bea7798e]]'.
2026-08-03 16:02:50.993 +05:30 [INF] Executed action LmsPortal.API.Controllers.AuthController.LoginHR (LmsPortal.API) in 413.3979ms
2026-08-03 16:02:50.993 +05:30 [INF] Executed endpoint 'LmsPortal.API.Controllers.AuthController.LoginHR (LmsPortal.API)'
2026-08-03 16:02:50.993 +05:30 [INF] HTTP POST /api/auth/login/hr responded 200 in 416.1203 ms
2026-08-03 16:02:50.993 +05:30 [INF] Request finished HTTP/1.1 POST http://localhost:5000/api/auth/login/hr - 200 null application/json; charset=utf-8 419.32ms
2026-08-03 16:02:51.006 +05:30 [INF] Request starting HTTP/1.1 POST http://localhost:5000/api/employees - application/json 360
2026-08-03 16:02:51.008 +05:30 [INF] Executing endpoint 'LmsPortal.API.Controllers.EmployeesController.UpsertEmployee (LmsPortal.API)'
2026-08-03 16:02:51.008 +05:30 [INF] Route matched with {action = "UpsertEmployee", controller = "Employees"}. Executing controller action with signature System.Threading.Tasks.Task`1[Microsoft.AspNetCore.Mvc.IActionResult] UpsertEmployee(UpsertEmployeeDto) on controller LmsPortal.API.Controllers.EmployeesController (LmsPortal.API).
2026-08-03 16:02:51.012 +05:30 [INF] Executed DbCommand (2ms) [Parameters=[@__cleanEmpCode_0='?' (Size = 4000)], CommandType='"Text"', CommandTimeout='30']
SELECT CASE
    WHEN EXISTS (
        SELECT 1
        FROM [emp].[Employees] AS [e]
        WHERE [e].[IsDeleted] = CAST(0 AS bit) AND [e].[IsDeleted] = CAST(0 AS bit) AND UPPER([e].[EmployeeCode]) = @__cleanEmpCode_0) THEN CAST(1 AS bit)
    ELSE CAST(0 AS bit)
END
2026-08-03 16:02:51.033 +05:30 [INF] Executed DbCommand (10ms) [Parameters=[@__cleanEmail_0='?' (Size = 4000)], CommandType='"Text"', CommandTimeout='30']
SELECT CASE
    WHEN EXISTS (
        SELECT 1
        FROM [emp].[Employees] AS [e]
        WHERE [e].[IsDeleted] = CAST(0 AS bit) AND [e].[IsDeleted] = CAST(0 AS bit) AND LOWER([e].[OfficialEmail]) = @__cleanEmail_0) THEN CAST(1 AS bit)
    ELSE CAST(0 AS bit)
END
2026-08-03 16:02:51.034 +05:30 [INF] Executing ObjectResult, writing value of type '<>f__AnonymousType0`2[[System.Boolean, System.Private.CoreLib, Version=10.0.0.0, Culture=neutral, PublicKeyToken=7cec85d7bea7798e],[System.String, System.Private.CoreLib, Version=10.0.0.0, Culture=neutral, PublicKeyToken=7cec85d7bea7798e]]'.
2026-08-03 16:02:51.035 +05:30 [INF] Executed action LmsPortal.API.Controllers.EmployeesController.UpsertEmployee (LmsPortal.API) in 26.4825ms
2026-08-03 16:02:51.035 +05:30 [INF] Executed endpoint 'LmsPortal.API.Controllers.EmployeesController.UpsertEmployee (LmsPortal.API)'
2026-08-03 16:02:51.035 +05:30 [INF] HTTP POST /api/employees responded 409 in 29.3046 ms
2026-08-03 16:02:51.035 +05:30 [INF] Request finished HTTP/1.1 POST http://localhost:5000/api/employees - 409 null application/json; charset=utf-8 29.7409ms
2026-08-03 16:02:57.438 +05:30 [INF] Request starting HTTP/1.1 POST http://localhost:5000/api/auth/login/hr - application/json 42
2026-08-03 16:02:57.438 +05:30 [INF] Executing endpoint 'LmsPortal.API.Controllers.AuthController.LoginHR (LmsPortal.API)'
2026-08-03 16:02:57.438 +05:30 [INF] Route matched with {action = "LoginHR", controller = "Auth"}. Executing controller action with signature System.Threading.Tasks.Task`1[Microsoft.AspNetCore.Mvc.IActionResult] LoginHR(LoginDto) on controller LmsPortal.API.Controllers.AuthController (LmsPortal.API).
2026-08-03 16:02:57.442 +05:30 [INF] Executed DbCommand (2ms) [Parameters=[@__ToUpper_0='?' (Size = 4000)], CommandType='"Text"', CommandTimeout='30']
SELECT TOP(1) [u].[Id], [u].[ConcurrencyStamp], [u].[CreatedAt], [u].[CreatedBy], [u].[Email], [u].[IsActive], [u].[IsDeleted], [u].[IsEmailConfirmed], [u].[NormalizedEmail], [u].[NormalizedUsername], [u].[PasswordHash], [u].[PhoneNumber], [u].[RoleId], [u].[RowVersion], [u].[SecurityStamp], [u].[UpdatedAt], [u].[UpdatedBy], [u].[Username], [r0].[Id], [r0].[CreatedAt], [r0].[CreatedBy], [r0].[Description], [r0].[IsDeleted], [r0].[NormalizedRoleName], [r0].[RoleName], [r0].[RowVersion], [r0].[UpdatedAt], [r0].[UpdatedBy]
FROM [sec].[Users] AS [u]
INNER JOIN (
    SELECT [r].[Id], [r].[CreatedAt], [r].[CreatedBy], [r].[Description], [r].[IsDeleted], [r].[NormalizedRoleName], [r].[RoleName], [r].[RowVersion], [r].[UpdatedAt], [r].[UpdatedBy]
    FROM [sec].[Roles] AS [r]
    WHERE [r].[IsDeleted] = CAST(0 AS bit)
) AS [r0] ON [u].[RoleId] = [r0].[Id]
WHERE [u].[IsDeleted] = CAST(0 AS bit) AND [u].[NormalizedUsername] = @__ToUpper_0 AND [u].[IsDeleted] = CAST(0 AS bit)
2026-08-03 16:02:57.582 +05:30 [INF] Executed DbCommand (1ms) [Parameters=[@p0='?' (DbType = Guid), @p1='?' (Size = 4000), @p2='?' (DbType = DateTime2), @p3='?' (Size = 4000), @p4='?' (Size = 4000), @p5='?' (Size = 4000), @p6='?' (Size = 4000), @p7='?' (DbType = Guid)], CommandType='"Text"', CommandTimeout='30']
SET IMPLICIT_TRANSACTIONS OFF;
SET NOCOUNT ON;
INSERT INTO [adm].[ActivityLogs] ([Id], [Action], [CreatedAt], [Details], [IpAddress], [Role], [UserAgent], [UserId])
VALUES (@p0, @p1, @p2, @p3, @p4, @p5, @p6, @p7);
2026-08-03 16:02:57.583 +05:30 [INF] Executing OkObjectResult, writing value of type '<>f__AnonymousType1`4[[System.Boolean, System.Private.CoreLib, Version=10.0.0.0, Culture=neutral, PublicKeyToken=7cec85d7bea7798e],[System.String, System.Private.CoreLib, Version=10.0.0.0, Culture=neutral, PublicKeyToken=7cec85d7bea7798e],[<>f__AnonymousType2`5[[System.Guid, System.Private.CoreLib, Version=10.0.0.0, Culture=neutral, PublicKeyToken=7cec85d7bea7798e],[System.String, System.Private.CoreLib, Version=10.0.0.0, Culture=neutral, PublicKeyToken=7cec85d7bea7798e],[System.String, System.Private.CoreLib, Version=10.0.0.0, Culture=neutral, PublicKeyToken=7cec85d7bea7798e],[System.String, System.Private.CoreLib, Version=10.0.0.0, Culture=neutral, PublicKeyToken=7cec85d7bea7798e],[System.String, System.Private.CoreLib, Version=10.0.0.0, Culture=neutral, PublicKeyToken=7cec85d7bea7798e]], LmsPortal.API, Version=1.0.0.0, Culture=neutral, PublicKeyToken=null],[System.String, System.Private.CoreLib, Version=10.0.0.0, Culture=neutral, PublicKeyToken=7cec85d7bea7798e]]'.
2026-08-03 16:02:57.583 +05:30 [INF] Executed action LmsPortal.API.Controllers.AuthController.LoginHR (LmsPortal.API) in 144.7911ms
2026-08-03 16:02:57.583 +05:30 [INF] Executed endpoint 'LmsPortal.API.Controllers.AuthController.LoginHR (LmsPortal.API)'
2026-08-03 16:02:57.583 +05:30 [INF] HTTP POST /api/auth/login/hr responded 200 in 145.1845 ms
2026-08-03 16:02:57.583 +05:30 [INF] Request finished HTTP/1.1 POST http://localhost:5000/api/auth/login/hr - 200 null application/json; charset=utf-8 145.6278ms
2026-08-03 16:02:57.597 +05:30 [INF] Request starting HTTP/1.1 POST http://localhost:5000/api/employees - application/json 360
2026-08-03 16:02:57.599 +05:30 [INF] Executing endpoint 'LmsPortal.API.Controllers.EmployeesController.UpsertEmployee (LmsPortal.API)'
2026-08-03 16:02:57.599 +05:30 [INF] Route matched with {action = "UpsertEmployee", controller = "Employees"}. Executing controller action with signature System.Threading.Tasks.Task`1[Microsoft.AspNetCore.Mvc.IActionResult] UpsertEmployee(UpsertEmployeeDto) on controller LmsPortal.API.Controllers.EmployeesController (LmsPortal.API).
2026-08-03 16:02:57.602 +05:30 [INF] Executed DbCommand (1ms) [Parameters=[@__cleanEmpCode_0='?' (Size = 4000)], CommandType='"Text"', CommandTimeout='30']
SELECT CASE
    WHEN EXISTS (
        SELECT 1
        FROM [emp].[Employees] AS [e]
        WHERE [e].[IsDeleted] = CAST(0 AS bit) AND [e].[IsDeleted] = CAST(0 AS bit) AND UPPER([e].[EmployeeCode]) = @__cleanEmpCode_0) THEN CAST(1 AS bit)
    ELSE CAST(0 AS bit)
END
2026-08-03 16:02:57.604 +05:30 [INF] Executed DbCommand (1ms) [Parameters=[@__cleanEmail_0='?' (Size = 4000)], CommandType='"Text"', CommandTimeout='30']
SELECT CASE
    WHEN EXISTS (
        SELECT 1
        FROM [emp].[Employees] AS [e]
        WHERE [e].[IsDeleted] = CAST(0 AS bit) AND [e].[IsDeleted] = CAST(0 AS bit) AND LOWER([e].[OfficialEmail]) = @__cleanEmail_0) THEN CAST(1 AS bit)
    ELSE CAST(0 AS bit)
END
2026-08-03 16:02:57.619 +05:30 [INF] Executed DbCommand (4ms) [Parameters=[@__dto_DepartmentId_0='?' (DbType = Guid)], CommandType='"Text"', CommandTimeout='30']
SELECT CASE
    WHEN EXISTS (
        SELECT 1
        FROM [org].[Departments] AS [d]
        WHERE [d].[IsDeleted] = CAST(0 AS bit) AND [d].[Id] = @__dto_DepartmentId_0 AND [d].[IsDeleted] = CAST(0 AS bit)) THEN CAST(1 AS bit)
    ELSE CAST(0 AS bit)
END
2026-08-03 16:02:57.619 +05:30 [INF] Executing NotFoundObjectResult, writing value of type '<>f__AnonymousType0`2[[System.Boolean, System.Private.CoreLib, Version=10.0.0.0, Culture=neutral, PublicKeyToken=7cec85d7bea7798e],[System.String, System.Private.CoreLib, Version=10.0.0.0, Culture=neutral, PublicKeyToken=7cec85d7bea7798e]]'.
2026-08-03 16:02:57.620 +05:30 [INF] Executed action LmsPortal.API.Controllers.EmployeesController.UpsertEmployee (LmsPortal.API) in 20.7555ms
2026-08-03 16:02:57.620 +05:30 [INF] Executed endpoint 'LmsPortal.API.Controllers.EmployeesController.UpsertEmployee (LmsPortal.API)'
2026-08-03 16:02:57.620 +05:30 [INF] HTTP POST /api/employees responded 404 in 22.6480 ms
2026-08-03 16:02:57.620 +05:30 [INF] Request finished HTTP/1.1 POST http://localhost:5000/api/employees - 404 null application/json; charset=utf-8 22.9453ms
2026-08-03 16:03:27.874 +05:30 [INF] Request starting HTTP/1.1 POST http://localhost:5000/api/employees - application/json 408
2026-08-03 16:03:27.876 +05:30 [INF] Executing endpoint 'LmsPortal.API.Controllers.EmployeesController.UpsertEmployee (LmsPortal.API)'
2026-08-03 16:03:27.877 +05:30 [INF] Route matched with {action = "UpsertEmployee", controller = "Employees"}. Executing controller action with signature System.Threading.Tasks.Task`1[Microsoft.AspNetCore.Mvc.IActionResult] UpsertEmployee(UpsertEmployeeDto) on controller LmsPortal.API.Controllers.EmployeesController (LmsPortal.API).
2026-08-03 16:03:27.905 +05:30 [INF] Executed DbCommand (11ms) [Parameters=[@__cleanEmpCode_0='?' (Size = 4000)], CommandType='"Text"', CommandTimeout='30']
SELECT CASE
    WHEN EXISTS (
        SELECT 1
        FROM [emp].[Employees] AS [e]
        WHERE [e].[IsDeleted] = CAST(0 AS bit) AND [e].[IsDeleted] = CAST(0 AS bit) AND UPPER([e].[EmployeeCode]) = @__cleanEmpCode_0) THEN CAST(1 AS bit)
    ELSE CAST(0 AS bit)
END
2026-08-03 16:03:27.905 +05:30 [INF] Executing ObjectResult, writing value of type '<>f__AnonymousType0`2[[System.Boolean, System.Private.CoreLib, Version=10.0.0.0, Culture=neutral, PublicKeyToken=7cec85d7bea7798e],[System.String, System.Private.CoreLib, Version=10.0.0.0, Culture=neutral, PublicKeyToken=7cec85d7bea7798e]]'.
2026-08-03 16:03:27.906 +05:30 [INF] Executed action LmsPortal.API.Controllers.EmployeesController.UpsertEmployee (LmsPortal.API) in 29.0511ms
2026-08-03 16:03:27.906 +05:30 [INF] Executed endpoint 'LmsPortal.API.Controllers.EmployeesController.UpsertEmployee (LmsPortal.API)'
2026-08-03 16:03:27.906 +05:30 [INF] HTTP POST /api/employees responded 409 in 31.1449 ms
2026-08-03 16:03:27.906 +05:30 [INF] Request finished HTTP/1.1 POST http://localhost:5000/api/employees - 409 null application/json; charset=utf-8 31.853ms
2026-08-03 16:03:36.151 +05:30 [INF] Request starting HTTP/1.1 POST http://localhost:5000/api/employees - application/json 408
2026-08-03 16:03:36.153 +05:30 [INF] Executing endpoint 'LmsPortal.API.Controllers.EmployeesController.UpsertEmployee (LmsPortal.API)'
2026-08-03 16:03:36.153 +05:30 [INF] Route matched with {action = "UpsertEmployee", controller = "Employees"}. Executing controller action with signature System.Threading.Tasks.Task`1[Microsoft.AspNetCore.Mvc.IActionResult] UpsertEmployee(UpsertEmployeeDto) on controller LmsPortal.API.Controllers.EmployeesController (LmsPortal.API).
2026-08-03 16:03:36.168 +05:30 [INF] Executed DbCommand (8ms) [Parameters=[@__cleanEmpCode_0='?' (Size = 4000)], CommandType='"Text"', CommandTimeout='30']
SELECT CASE
    WHEN EXISTS (
        SELECT 1
        FROM [emp].[Employees] AS [e]
        WHERE [e].[IsDeleted] = CAST(0 AS bit) AND [e].[IsDeleted] = CAST(0 AS bit) AND UPPER([e].[EmployeeCode]) = @__cleanEmpCode_0) THEN CAST(1 AS bit)
    ELSE CAST(0 AS bit)
END
2026-08-03 16:03:36.179 +05:30 [INF] Executed DbCommand (8ms) [Parameters=[@__cleanEmail_0='?' (Size = 4000)], CommandType='"Text"', CommandTimeout='30']
SELECT CASE
    WHEN EXISTS (
        SELECT 1
        FROM [emp].[Employees] AS [e]
        WHERE [e].[IsDeleted] = CAST(0 AS bit) AND [e].[IsDeleted] = CAST(0 AS bit) AND LOWER([e].[OfficialEmail]) = @__cleanEmail_0) THEN CAST(1 AS bit)
    ELSE CAST(0 AS bit)
END
2026-08-03 16:03:36.182 +05:30 [INF] Executing ObjectResult, writing value of type '<>f__AnonymousType0`2[[System.Boolean, System.Private.CoreLib, Version=10.0.0.0, Culture=neutral, PublicKeyToken=7cec85d7bea7798e],[System.String, System.Private.CoreLib, Version=10.0.0.0, Culture=neutral, PublicKeyToken=7cec85d7bea7798e]]'.
2026-08-03 16:03:36.182 +05:30 [INF] Executed action LmsPortal.API.Controllers.EmployeesController.UpsertEmployee (LmsPortal.API) in 29.0715ms
2026-08-03 16:03:36.182 +05:30 [INF] Executed endpoint 'LmsPortal.API.Controllers.EmployeesController.UpsertEmployee (LmsPortal.API)'
2026-08-03 16:03:36.182 +05:30 [INF] HTTP POST /api/employees responded 409 in 30.4295 ms
2026-08-03 16:03:36.183 +05:30 [INF] Request finished HTTP/1.1 POST http://localhost:5000/api/employees - 409 null application/json; charset=utf-8 31.9151ms
2026-08-03 16:03:54.191 +05:30 [INF] Request starting HTTP/1.1 POST http://localhost:5000/api/employees - application/json 372
2026-08-03 16:03:54.192 +05:30 [INF] Executing endpoint 'LmsPortal.API.Controllers.EmployeesController.UpsertEmployee (LmsPortal.API)'
2026-08-03 16:03:54.193 +05:30 [INF] Route matched with {action = "UpsertEmployee", controller = "Employees"}. Executing controller action with signature System.Threading.Tasks.Task`1[Microsoft.AspNetCore.Mvc.IActionResult] UpsertEmployee(UpsertEmployeeDto) on controller LmsPortal.API.Controllers.EmployeesController (LmsPortal.API).
2026-08-03 16:03:54.201 +05:30 [INF] Executed DbCommand (3ms) [Parameters=[@__cleanEmpCode_0='?' (Size = 4000)], CommandType='"Text"', CommandTimeout='30']
SELECT CASE
    WHEN EXISTS (
        SELECT 1
        FROM [emp].[Employees] AS [e]
        WHERE [e].[IsDeleted] = CAST(0 AS bit) AND [e].[IsDeleted] = CAST(0 AS bit) AND UPPER([e].[EmployeeCode]) = @__cleanEmpCode_0) THEN CAST(1 AS bit)
    ELSE CAST(0 AS bit)
END
2026-08-03 16:03:54.205 +05:30 [INF] Executed DbCommand (3ms) [Parameters=[@__cleanEmail_0='?' (Size = 4000)], CommandType='"Text"', CommandTimeout='30']
SELECT CASE
    WHEN EXISTS (
        SELECT 1
        FROM [emp].[Employees] AS [e]
        WHERE [e].[IsDeleted] = CAST(0 AS bit) AND [e].[IsDeleted] = CAST(0 AS bit) AND LOWER([e].[OfficialEmail]) = @__cleanEmail_0) THEN CAST(1 AS bit)
    ELSE CAST(0 AS bit)
END
2026-08-03 16:03:54.213 +05:30 [INF] Executed DbCommand (3ms) [Parameters=[@__dto_DepartmentId_0='?' (DbType = Guid)], CommandType='"Text"', CommandTimeout='30']
SELECT CASE
    WHEN EXISTS (
        SELECT 1
        FROM [org].[Departments] AS [d]
        WHERE [d].[IsDeleted] = CAST(0 AS bit) AND [d].[Id] = @__dto_DepartmentId_0 AND [d].[IsDeleted] = CAST(0 AS bit)) THEN CAST(1 AS bit)
    ELSE CAST(0 AS bit)
END
2026-08-03 16:03:54.266 +05:30 [INF] Executed DbCommand (6ms) [Parameters=[@__dto_DesignationId_0='?' (DbType = Guid)], CommandType='"Text"', CommandTimeout='30']
SELECT CASE
    WHEN EXISTS (
        SELECT 1
        FROM [org].[Designations] AS [d]
        WHERE [d].[IsDeleted] = CAST(0 AS bit) AND [d].[Id] = @__dto_DesignationId_0 AND [d].[IsDeleted] = CAST(0 AS bit)) THEN CAST(1 AS bit)
    ELSE CAST(0 AS bit)
END
2026-08-03 16:03:54.289 +05:30 [INF] Executed DbCommand (5ms) [Parameters=[@__dto_OfficeId_0='?' (DbType = Guid)], CommandType='"Text"', CommandTimeout='30']
SELECT CASE
    WHEN EXISTS (
        SELECT 1
        FROM [org].[Offices] AS [o]
        WHERE [o].[IsDeleted] = CAST(0 AS bit) AND [o].[Id] = @__dto_OfficeId_0 AND [o].[IsDeleted] = CAST(0 AS bit)) THEN CAST(1 AS bit)
    ELSE CAST(0 AS bit)
END
2026-08-03 16:03:54.523 +05:30 [INF] Executed DbCommand (6ms) [Parameters=[@p0='?' (DbType = Guid), @p1='?' (Size = 4000), @p2='?' (DbType = DateTime2), @p3='?' (Size = 4000), @p4='?' (Size = 4000), @p5='?' (DbType = Boolean), @p6='?' (DbType = Boolean), @p7='?' (DbType = Boolean), @p8='?' (Size = 4000), @p9='?' (Size = 4000), @p10='?' (Size = 4000), @p11='?' (Size = 4000), @p12='?' (DbType = Guid), @p13='?' (Size = 4000), @p14='?' (DbType = DateTime2), @p15='?' (Size = 4000), @p16='?' (Size = 4000), @p17='?' (DbType = Guid), @p18='?' (DbType = DateTime2), @p19='?' (Size = 4000), @p20='?' (DbType = Guid), @p21='?' (DbType = Guid), @p22='?' (Size = 4000), @p23='?' (Size = 4000), @p24='?' (Size = 4000), @p25='?' (DbType = Boolean), @p26='?' (DbType = Boolean), @p27='?' (DbType = DateTime2), @p28='?' (Size = 4000), @p29='?' (Size = 4000), @p30='?' (DbType = Guid), @p31='?' (Size = 4000), @p32='?' (DbType = DateTime2), @p33='?' (Size = 4000), @p34='?' (DbType = Guid)], CommandType='"Text"', CommandTimeout='30']
SET NOCOUNT ON;
INSERT INTO [sec].[Users] ([Id], [ConcurrencyStamp], [CreatedAt], [CreatedBy], [Email], [IsActive], [IsDeleted], [IsEmailConfirmed], [NormalizedEmail], [NormalizedUsername], [PasswordHash], [PhoneNumber], [RoleId], [SecurityStamp], [UpdatedAt], [UpdatedBy], [Username])
OUTPUT INSERTED.[RowVersion]
VALUES (@p0, @p1, @p2, @p3, @p4, @p5, @p6, @p7, @p8, @p9, @p10, @p11, @p12, @p13, @p14, @p15, @p16);
INSERT INTO [emp].[Employees] ([Id], [CreatedAt], [CreatedBy], [DepartmentId], [DesignationId], [EmployeeCode], [EmploymentStatus], [FirstName], [IsDeleted], [IsMasterTester], [JoiningDate], [LastName], [MiddleName], [OfficeId], [OfficialEmail], [UpdatedAt], [UpdatedBy], [UserId])
OUTPUT INSERTED.[RowVersion]
VALUES (@p17, @p18, @p19, @p20, @p21, @p22, @p23, @p24, @p25, @p26, @p27, @p28, @p29, @p30, @p31, @p32, @p33, @p34);
2026-08-03 16:03:54.579 +05:30 [INF] Executing OkObjectResult, writing value of type '<>f__AnonymousType11`3[[System.Boolean, System.Private.CoreLib, Version=10.0.0.0, Culture=neutral, PublicKeyToken=7cec85d7bea7798e],[<>f__AnonymousType13`11[[System.Guid, System.Private.CoreLib, Version=10.0.0.0, Culture=neutral, PublicKeyToken=7cec85d7bea7798e],[System.String, System.Private.CoreLib, Version=10.0.0.0, Culture=neutral, PublicKeyToken=7cec85d7bea7798e],[System.String, System.Private.CoreLib, Version=10.0.0.0, Culture=neutral, PublicKeyToken=7cec85d7bea7798e],[System.String, System.Private.CoreLib, Version=10.0.0.0, Culture=neutral, PublicKeyToken=7cec85d7bea7798e],[System.String, System.Private.CoreLib, Version=10.0.0.0, Culture=neutral, PublicKeyToken=7cec85d7bea7798e],[System.Guid, System.Private.CoreLib, Version=10.0.0.0, Culture=neutral, PublicKeyToken=7cec85d7bea7798e],[System.Guid, System.Private.CoreLib, Version=10.0.0.0, Culture=neutral, PublicKeyToken=7cec85d7bea7798e],[System.Guid, System.Private.CoreLib, Version=10.0.0.0, Culture=neutral, PublicKeyToken=7cec85d7bea7798e],[System.DateTime, System.Private.CoreLib, Version=10.0.0.0, Culture=neutral, PublicKeyToken=7cec85d7bea7798e],[System.String, System.Private.CoreLib, Version=10.0.0.0, Culture=neutral, PublicKeyToken=7cec85d7bea7798e],[System.Boolean, System.Private.CoreLib, Version=10.0.0.0, Culture=neutral, PublicKeyToken=7cec85d7bea7798e]], LmsPortal.API, Version=1.0.0.0, Culture=neutral, PublicKeyToken=null],[System.String, System.Private.CoreLib, Version=10.0.0.0, Culture=neutral, PublicKeyToken=7cec85d7bea7798e]]'.
2026-08-03 16:03:54.597 +05:30 [INF] Executed action LmsPortal.API.Controllers.EmployeesController.UpsertEmployee (LmsPortal.API) in 403.8311ms
2026-08-03 16:03:54.597 +05:30 [INF] Executed endpoint 'LmsPortal.API.Controllers.EmployeesController.UpsertEmployee (LmsPortal.API)'
2026-08-03 16:03:54.597 +05:30 [INF] HTTP POST /api/employees responded 200 in 405.3724 ms
2026-08-03 16:03:54.597 +05:30 [INF] Request finished HTTP/1.1 POST http://localhost:5000/api/employees - 200 null application/json; charset=utf-8 406.231ms
2026-08-03 16:03:55.257 +05:30 [INF] Request starting HTTP/1.1 GET http://localhost:5000/api/employees?page=1&pageSize=10 - null null
2026-08-03 16:03:55.262 +05:30 [INF] Executing endpoint 'LmsPortal.API.Controllers.EmployeesController.GetEmployees (LmsPortal.API)'
2026-08-03 16:03:55.274 +05:30 [INF] Route matched with {action = "GetEmployees", controller = "Employees"}. Executing controller action with signature System.Threading.Tasks.Task`1[Microsoft.AspNetCore.Mvc.IActionResult] GetEmployees(System.String, System.Nullable`1[System.Guid], System.String, Int32, Int32) on controller LmsPortal.API.Controllers.EmployeesController (LmsPortal.API).
2026-08-03 16:03:55.341 +05:30 [INF] Executed DbCommand (10ms) [Parameters=[], CommandType='"Text"', CommandTimeout='30']
SELECT COUNT(*)
FROM [emp].[Employees] AS [e]
WHERE [e].[IsDeleted] = CAST(0 AS bit)
2026-08-03 16:03:55.469 +05:30 [INF] Executed DbCommand (16ms) [Parameters=[@__p_0='?' (DbType = Int32), @__p_1='?' (DbType = Int32)], CommandType='"Text"', CommandTimeout='30']
SELECT [e0].[Id], [e0].[CreatedAt], [e0].[CreatedBy], [e0].[DepartmentId], [e0].[DesignationId], [e0].[EmployeeCode], [e0].[EmploymentStatus], [e0].[FirstName], [e0].[IsDeleted], [e0].[IsMasterTester], [e0].[JoiningDate], [e0].[LastName], [e0].[MiddleName], [e0].[OfficeId], [e0].[OfficialEmail], [e0].[RowVersion], [e0].[UpdatedAt], [e0].[UpdatedBy], [e0].[UserId], [d0].[Id], [d0].[CreatedAt], [d0].[CreatedBy], [d0].[DepartmentCode], [d0].[DepartmentName], [d0].[Description], [d0].[IsActive], [d0].[IsDeleted], [d0].[RowVersion], [d0].[UpdatedAt], [d0].[UpdatedBy], [d2].[Id], [d2].[CreatedAt], [d2].[CreatedBy], [d2].[DesignationCode], [d2].[GradeLevel], [d2].[IsActive], [d2].[IsDeleted], [d2].[RowVersion], [d2].[Title], [d2].[UpdatedAt], [d2].[UpdatedBy], [o0].[Id], [o0].[City], [o0].[Country], [o0].[CreatedAt], [o0].[CreatedBy], [o0].[IsActive], [o0].[IsDeleted], [o0].[OfficeCode], [o0].[OfficeName], [o0].[RowVersion], [o0].[State], [o0].[UpdatedAt], [o0].[UpdatedBy]
FROM (
    SELECT [e].[Id], [e].[CreatedAt], [e].[CreatedBy], [e].[DepartmentId], [e].[DesignationId], [e].[EmployeeCode], [e].[EmploymentStatus], [e].[FirstName], [e].[IsDeleted], [e].[IsMasterTester], [e].[JoiningDate], [e].[LastName], [e].[MiddleName], [e].[OfficeId], [e].[OfficialEmail], [e].[RowVersion], [e].[UpdatedAt], [e].[UpdatedBy], [e].[UserId]
    FROM [emp].[Employees] AS [e]
    WHERE [e].[IsDeleted] = CAST(0 AS bit)
    ORDER BY [e].[CreatedAt] DESC
    OFFSET @__p_0 ROWS FETCH NEXT @__p_1 ROWS ONLY
) AS [e0]
INNER JOIN (
    SELECT [d].[Id], [d].[CreatedAt], [d].[CreatedBy], [d].[DepartmentCode], [d].[DepartmentName], [d].[Description], [d].[IsActive], [d].[IsDeleted], [d].[RowVersion], [d].[UpdatedAt], [d].[UpdatedBy]
    FROM [org].[Departments] AS [d]
    WHERE [d].[IsDeleted] = CAST(0 AS bit)
) AS [d0] ON [e0].[DepartmentId] = [d0].[Id]
INNER JOIN (
    SELECT [d1].[Id], [d1].[CreatedAt], [d1].[CreatedBy], [d1].[DesignationCode], [d1].[GradeLevel], [d1].[IsActive], [d1].[IsDeleted], [d1].[RowVersion], [d1].[Title], [d1].[UpdatedAt], [d1].[UpdatedBy]
    FROM [org].[Designations] AS [d1]
    WHERE [d1].[IsDeleted] = CAST(0 AS bit)
) AS [d2] ON [e0].[DesignationId] = [d2].[Id]
INNER JOIN (
    SELECT [o].[Id], [o].[City], [o].[Country], [o].[CreatedAt], [o].[CreatedBy], [o].[IsActive], [o].[IsDeleted], [o].[OfficeCode], [o].[OfficeName], [o].[RowVersion], [o].[State], [o].[UpdatedAt], [o].[UpdatedBy]
    FROM [org].[Offices] AS [o]
    WHERE [o].[IsDeleted] = CAST(0 AS bit)
) AS [o0] ON [e0].[OfficeId] = [o0].[Id]
ORDER BY [e0].[CreatedAt] DESC
2026-08-03 16:03:55.611 +05:30 [INF] Executing OkObjectResult, writing value of type '<>f__AnonymousType12`6[[System.Boolean, System.Private.CoreLib, Version=10.0.0.0, Culture=neutral, PublicKeyToken=7cec85d7bea7798e],[System.Collections.Generic.List`1[[LmsPortal.Core.Entities.Employee, LmsPortal.Core, Version=1.0.0.0, Culture=neutral, PublicKeyToken=null]], System.Private.CoreLib, Version=10.0.0.0, Culture=neutral, PublicKeyToken=7cec85d7bea7798e],[System.Int32, System.Private.CoreLib, Version=10.0.0.0, Culture=neutral, PublicKeyToken=7cec85d7bea7798e],[System.Int32, System.Private.CoreLib, Version=10.0.0.0, Culture=neutral, PublicKeyToken=7cec85d7bea7798e],[System.Int32, System.Private.CoreLib, Version=10.0.0.0, Culture=neutral, PublicKeyToken=7cec85d7bea7798e],[System.Int32, System.Private.CoreLib, Version=10.0.0.0, Culture=neutral, PublicKeyToken=7cec85d7bea7798e]]'.
2026-08-03 16:03:55.978 +05:30 [INF] Executed action LmsPortal.API.Controllers.EmployeesController.GetEmployees (LmsPortal.API) in 703.4469ms
2026-08-03 16:03:55.978 +05:30 [INF] Executed endpoint 'LmsPortal.API.Controllers.EmployeesController.GetEmployees (LmsPortal.API)'
2026-08-03 16:03:55.978 +05:30 [INF] HTTP GET /api/employees responded 200 in 716.9366 ms
2026-08-03 16:03:55.978 +05:30 [INF] Request finished HTTP/1.1 GET http://localhost:5000/api/employees?page=1&pageSize=10 - 200 null application/json; charset=utf-8 721.3497ms
2026-08-03 16:04:14.644 +05:30 [INF] Request starting HTTP/1.1 POST http://localhost:5000/api/auth/login/employee - application/json 24
2026-08-03 16:04:14.644 +05:30 [INF] Executing endpoint 'LmsPortal.API.Controllers.AuthController.LoginEmployee (LmsPortal.API)'
2026-08-03 16:04:14.649 +05:30 [INF] Route matched with {action = "LoginEmployee", controller = "Auth"}. Executing controller action with signature System.Threading.Tasks.Task`1[Microsoft.AspNetCore.Mvc.IActionResult] LoginEmployee(EmployeeLoginDto) on controller LmsPortal.API.Controllers.AuthController (LmsPortal.API).
2026-08-03 16:04:14.718 +05:30 [INF] Executed DbCommand (9ms) [Parameters=[@__ToUpper_0='?' (Size = 4000)], CommandType='"Text"', CommandTimeout='30']
SELECT TOP(1) [e].[Id], [e].[CreatedAt], [e].[CreatedBy], [e].[DepartmentId], [e].[DesignationId], [e].[EmployeeCode], [e].[EmploymentStatus], [e].[FirstName], [e].[IsDeleted], [e].[IsMasterTester], [e].[JoiningDate], [e].[LastName], [e].[MiddleName], [e].[OfficeId], [e].[OfficialEmail], [e].[RowVersion], [e].[UpdatedAt], [e].[UpdatedBy], [e].[UserId], [d0].[Id], [d0].[CreatedAt], [d0].[CreatedBy], [d0].[DepartmentCode], [d0].[DepartmentName], [d0].[Description], [d0].[IsActive], [d0].[IsDeleted], [d0].[RowVersion], [d0].[UpdatedAt], [d0].[UpdatedBy], [d2].[Id], [d2].[CreatedAt], [d2].[CreatedBy], [d2].[DesignationCode], [d2].[GradeLevel], [d2].[IsActive], [d2].[IsDeleted], [d2].[RowVersion], [d2].[Title], [d2].[UpdatedAt], [d2].[UpdatedBy], [o0].[Id], [o0].[City], [o0].[Country], [o0].[CreatedAt], [o0].[CreatedBy], [o0].[IsActive], [o0].[IsDeleted], [o0].[OfficeCode], [o0].[OfficeName], [o0].[RowVersion], [o0].[State], [o0].[UpdatedAt], [o0].[UpdatedBy], [u0].[Id], [u0].[ConcurrencyStamp], [u0].[CreatedAt], [u0].[CreatedBy], [u0].[Email], [u0].[IsActive], [u0].[IsDeleted], [u0].[IsEmailConfirmed], [u0].[NormalizedEmail], [u0].[NormalizedUsername], [u0].[PasswordHash], [u0].[PhoneNumber], [u0].[RoleId], [u0].[RowVersion], [u0].[SecurityStamp], [u0].[UpdatedAt], [u0].[UpdatedBy], [u0].[Username]
FROM [emp].[Employees] AS [e]
INNER JOIN (
    SELECT [d].[Id], [d].[CreatedAt], [d].[CreatedBy], [d].[DepartmentCode], [d].[DepartmentName], [d].[Description], [d].[IsActive], [d].[IsDeleted], [d].[RowVersion], [d].[UpdatedAt], [d].[UpdatedBy]
    FROM [org].[Departments] AS [d]
    WHERE [d].[IsDeleted] = CAST(0 AS bit)
) AS [d0] ON [e].[DepartmentId] = [d0].[Id]
INNER JOIN (
    SELECT [d1].[Id], [d1].[CreatedAt], [d1].[CreatedBy], [d1].[DesignationCode], [d1].[GradeLevel], [d1].[IsActive], [d1].[IsDeleted], [d1].[RowVersion], [d1].[Title], [d1].[UpdatedAt], [d1].[UpdatedBy]
    FROM [org].[Designations] AS [d1]
    WHERE [d1].[IsDeleted] = CAST(0 AS bit)
) AS [d2] ON [e].[DesignationId] = [d2].[Id]
INNER JOIN (
    SELECT [o].[Id], [o].[City], [o].[Country], [o].[CreatedAt], [o].[CreatedBy], [o].[IsActive], [o].[IsDeleted], [o].[OfficeCode], [o].[OfficeName], [o].[RowVersion], [o].[State], [o].[UpdatedAt], [o].[UpdatedBy]
    FROM [org].[Offices] AS [o]
    WHERE [o].[IsDeleted] = CAST(0 AS bit)
) AS [o0] ON [e].[OfficeId] = [o0].[Id]
INNER JOIN (
    SELECT [u].[Id], [u].[ConcurrencyStamp], [u].[CreatedAt], [u].[CreatedBy], [u].[Email], [u].[IsActive], [u].[IsDeleted], [u].[IsEmailConfirmed], [u].[NormalizedEmail], [u].[NormalizedUsername], [u].[PasswordHash], [u].[PhoneNumber], [u].[RoleId], [u].[RowVersion], [u].[SecurityStamp], [u].[UpdatedAt], [u].[UpdatedBy], [u].[Username]
    FROM [sec].[Users] AS [u]
    WHERE [u].[IsDeleted] = CAST(0 AS bit)
) AS [u0] ON [e].[UserId] = [u0].[Id]
WHERE [e].[IsDeleted] = CAST(0 AS bit) AND UPPER([e].[EmployeeCode]) = @__ToUpper_0 AND [e].[IsDeleted] = CAST(0 AS bit)
2026-08-03 16:04:14.747 +05:30 [INF] Executed DbCommand (1ms) [Parameters=[@p0='?' (DbType = Guid), @p1='?' (Size = 4000), @p2='?' (DbType = DateTime2), @p3='?' (Size = 4000), @p4='?' (Size = 4000), @p5='?' (Size = 4000), @p6='?' (Size = 4000), @p7='?' (DbType = Guid)], CommandType='"Text"', CommandTimeout='30']
SET IMPLICIT_TRANSACTIONS OFF;
SET NOCOUNT ON;
INSERT INTO [adm].[ActivityLogs] ([Id], [Action], [CreatedAt], [Details], [IpAddress], [Role], [UserAgent], [UserId])
VALUES (@p0, @p1, @p2, @p3, @p4, @p5, @p6, @p7);
2026-08-03 16:04:14.748 +05:30 [INF] Executing OkObjectResult, writing value of type '<>f__AnonymousType3`4[[System.Boolean, System.Private.CoreLib, Version=10.0.0.0, Culture=neutral, PublicKeyToken=7cec85d7bea7798e],[System.String, System.Private.CoreLib, Version=10.0.0.0, Culture=neutral, PublicKeyToken=7cec85d7bea7798e],[<>f__AnonymousType4`7[[System.Guid, System.Private.CoreLib, Version=10.0.0.0, Culture=neutral, PublicKeyToken=7cec85d7bea7798e],[System.String, System.Private.CoreLib, Version=10.0.0.0, Culture=neutral, PublicKeyToken=7cec85d7bea7798e],[System.String, System.Private.CoreLib, Version=10.0.0.0, Culture=neutral, PublicKeyToken=7cec85d7bea7798e],[System.String, System.Private.CoreLib, Version=10.0.0.0, Culture=neutral, PublicKeyToken=7cec85d7bea7798e],[System.String, System.Private.CoreLib, Version=10.0.0.0, Culture=neutral, PublicKeyToken=7cec85d7bea7798e],[System.String, System.Private.CoreLib, Version=10.0.0.0, Culture=neutral, PublicKeyToken=7cec85d7bea7798e],[System.String, System.Private.CoreLib, Version=10.0.0.0, Culture=neutral, PublicKeyToken=7cec85d7bea7798e]], LmsPortal.API, Version=1.0.0.0, Culture=neutral, PublicKeyToken=null],[System.String, System.Private.CoreLib, Version=10.0.0.0, Culture=neutral, PublicKeyToken=7cec85d7bea7798e]]'.
2026-08-03 16:04:14.751 +05:30 [INF] Executed action LmsPortal.API.Controllers.AuthController.LoginEmployee (LmsPortal.API) in 102.2806ms
2026-08-03 16:04:14.752 +05:30 [INF] Executed endpoint 'LmsPortal.API.Controllers.AuthController.LoginEmployee (LmsPortal.API)'
2026-08-03 16:04:14.752 +05:30 [INF] HTTP POST /api/auth/login/employee responded 200 in 107.7337 ms
2026-08-03 16:04:14.752 +05:30 [INF] Request finished HTTP/1.1 POST http://localhost:5000/api/auth/login/employee - 200 null application/json; charset=utf-8 108.0184ms
2026-08-03 16:04:22.741 +05:30 [INF] Request starting HTTP/1.1 GET http://localhost:5000/api/employees?page=1&pageSize=10 - null null
2026-08-03 16:04:22.742 +05:30 [INF] Executing endpoint 'LmsPortal.API.Controllers.EmployeesController.GetEmployees (LmsPortal.API)'
2026-08-03 16:04:22.742 +05:30 [INF] Route matched with {action = "GetEmployees", controller = "Employees"}. Executing controller action with signature System.Threading.Tasks.Task`1[Microsoft.AspNetCore.Mvc.IActionResult] GetEmployees(System.String, System.Nullable`1[System.Guid], System.String, Int32, Int32) on controller LmsPortal.API.Controllers.EmployeesController (LmsPortal.API).
2026-08-03 16:04:22.758 +05:30 [INF] Executed DbCommand (1ms) [Parameters=[], CommandType='"Text"', CommandTimeout='30']
SELECT COUNT(*)
FROM [emp].[Employees] AS [e]
WHERE [e].[IsDeleted] = CAST(0 AS bit)
2026-08-03 16:04:22.772 +05:30 [INF] Executed DbCommand (3ms) [Parameters=[@__p_0='?' (DbType = Int32), @__p_1='?' (DbType = Int32)], CommandType='"Text"', CommandTimeout='30']
SELECT [e0].[Id], [e0].[CreatedAt], [e0].[CreatedBy], [e0].[DepartmentId], [e0].[DesignationId], [e0].[EmployeeCode], [e0].[EmploymentStatus], [e0].[FirstName], [e0].[IsDeleted], [e0].[IsMasterTester], [e0].[JoiningDate], [e0].[LastName], [e0].[MiddleName], [e0].[OfficeId], [e0].[OfficialEmail], [e0].[RowVersion], [e0].[UpdatedAt], [e0].[UpdatedBy], [e0].[UserId], [d0].[Id], [d0].[CreatedAt], [d0].[CreatedBy], [d0].[DepartmentCode], [d0].[DepartmentName], [d0].[Description], [d0].[IsActive], [d0].[IsDeleted], [d0].[RowVersion], [d0].[UpdatedAt], [d0].[UpdatedBy], [d2].[Id], [d2].[CreatedAt], [d2].[CreatedBy], [d2].[DesignationCode], [d2].[GradeLevel], [d2].[IsActive], [d2].[IsDeleted], [d2].[RowVersion], [d2].[Title], [d2].[UpdatedAt], [d2].[UpdatedBy], [o0].[Id], [o0].[City], [o0].[Country], [o0].[CreatedAt], [o0].[CreatedBy], [o0].[IsActive], [o0].[IsDeleted], [o0].[OfficeCode], [o0].[OfficeName], [o0].[RowVersion], [o0].[State], [o0].[UpdatedAt], [o0].[UpdatedBy]
FROM (
    SELECT [e].[Id], [e].[CreatedAt], [e].[CreatedBy], [e].[DepartmentId], [e].[DesignationId], [e].[EmployeeCode], [e].[EmploymentStatus], [e].[FirstName], [e].[IsDeleted], [e].[IsMasterTester], [e].[JoiningDate], [e].[LastName], [e].[MiddleName], [e].[OfficeId], [e].[OfficialEmail], [e].[RowVersion], [e].[UpdatedAt], [e].[UpdatedBy], [e].[UserId]
    FROM [emp].[Employees] AS [e]
    WHERE [e].[IsDeleted] = CAST(0 AS bit)
    ORDER BY [e].[CreatedAt] DESC
    OFFSET @__p_0 ROWS FETCH NEXT @__p_1 ROWS ONLY
) AS [e0]
INNER JOIN (
    SELECT [d].[Id], [d].[CreatedAt], [d].[CreatedBy], [d].[DepartmentCode], [d].[DepartmentName], [d].[Description], [d].[IsActive], [d].[IsDeleted], [d].[RowVersion], [d].[UpdatedAt], [d].[UpdatedBy]
    FROM [org].[Departments] AS [d]
    WHERE [d].[IsDeleted] = CAST(0 AS bit)
) AS [d0] ON [e0].[DepartmentId] = [d0].[Id]
INNER JOIN (
    SELECT [d1].[Id], [d1].[CreatedAt], [d1].[CreatedBy], [d1].[DesignationCode], [d1].[GradeLevel], [d1].[IsActive], [d1].[IsDeleted], [d1].[RowVersion], [d1].[Title], [d1].[UpdatedAt], [d1].[UpdatedBy]
    FROM [org].[Designations] AS [d1]
    WHERE [d1].[IsDeleted] = CAST(0 AS bit)
) AS [d2] ON [e0].[DesignationId] = [d2].[Id]
INNER JOIN (
    SELECT [o].[Id], [o].[City], [o].[Country], [o].[CreatedAt], [o].[CreatedBy], [o].[IsActive], [o].[IsDeleted], [o].[OfficeCode], [o].[OfficeName], [o].[RowVersion], [o].[State], [o].[UpdatedAt], [o].[UpdatedBy]
    FROM [org].[Offices] AS [o]
    WHERE [o].[IsDeleted] = CAST(0 AS bit)
) AS [o0] ON [e0].[OfficeId] = [o0].[Id]
ORDER BY [e0].[CreatedAt] DESC
2026-08-03 16:04:22.775 +05:30 [INF] Executing OkObjectResult, writing value of type '<>f__AnonymousType12`6[[System.Boolean, System.Private.CoreLib, Version=10.0.0.0, Culture=neutral, PublicKeyToken=7cec85d7bea7798e],[System.Collections.Generic.List`1[[LmsPortal.Core.Entities.Employee, LmsPortal.Core, Version=1.0.0.0, Culture=neutral, PublicKeyToken=null]], System.Private.CoreLib, Version=10.0.0.0, Culture=neutral, PublicKeyToken=7cec85d7bea7798e],[System.Int32, System.Private.CoreLib, Version=10.0.0.0, Culture=neutral, PublicKeyToken=7cec85d7bea7798e],[System.Int32, System.Private.CoreLib, Version=10.0.0.0, Culture=neutral, PublicKeyToken=7cec85d7bea7798e],[System.Int32, System.Private.CoreLib, Version=10.0.0.0, Culture=neutral, PublicKeyToken=7cec85d7bea7798e],[System.Int32, System.Private.CoreLib, Version=10.0.0.0, Culture=neutral, PublicKeyToken=7cec85d7bea7798e]]'.
2026-08-03 16:04:22.998 +05:30 [INF] Executed action LmsPortal.API.Controllers.EmployeesController.GetEmployees (LmsPortal.API) in 256.0748ms
2026-08-03 16:04:22.998 +05:30 [INF] Executed endpoint 'LmsPortal.API.Controllers.EmployeesController.GetEmployees (LmsPortal.API)'
2026-08-03 16:04:22.999 +05:30 [INF] HTTP GET /api/employees responded 200 in 257.2183 ms
2026-08-03 16:04:22.999 +05:30 [INF] Request finished HTTP/1.1 GET http://localhost:5000/api/employees?page=1&pageSize=10 - 200 null application/json; charset=utf-8 258.2976ms
2026-08-03 16:09:42.000 +05:30 [INF] User profile is available. Using 'C:\Users\kaustubh.bhatlawande\AppData\Local\ASP.NET\DataProtection-Keys' as key repository and Windows DPAPI to encrypt keys at rest.
2026-08-03 16:09:42.103 +05:30 [INF] Now listening on: http://localhost:5000
2026-08-03 16:09:42.104 +05:30 [INF] Application started. Press Ctrl+C to shut down.
2026-08-03 16:09:42.104 +05:30 [INF] Hosting environment: Development
2026-08-03 16:09:42.104 +05:30 [INF] Content root path: C:\Users\kaustubh.bhatlawande\Desktop\LMS Portal - Copy\backend\LmsPortal.API
2026-08-03 16:11:27.472 +05:30 [INF] Request starting HTTP/1.1 GET http://localhost:5000/api/employees - null null
2026-08-03 16:11:27.526 +05:30 [INF] Authorization failed. These requirements were not met:
DenyAnonymousAuthorizationRequirement: Requires an authenticated user.
2026-08-03 16:11:27.530 +05:30 [INF] AuthenticationScheme: Bearer was challenged.
2026-08-03 16:11:27.532 +05:30 [INF] HTTP GET /api/employees responded 401 in 26.6477 ms
2026-08-03 16:11:27.536 +05:30 [INF] Request finished HTTP/1.1 GET http://localhost:5000/api/employees - 401 0 null 66.0915ms
2026-08-03 16:11:35.412 +05:30 [INF] Request starting HTTP/1.1 POST http://localhost:5000/api/auth/login/hr - application/json 42
2026-08-03 16:11:35.417 +05:30 [INF] Executing endpoint 'LmsPortal.API.Controllers.AuthController.LoginHR (LmsPortal.API)'
2026-08-03 16:11:35.434 +05:30 [INF] Route matched with {action = "LoginHR", controller = "Auth"}. Executing controller action with signature System.Threading.Tasks.Task`1[Microsoft.AspNetCore.Mvc.IActionResult] LoginHR(LoginDto) on controller LmsPortal.API.Controllers.AuthController (LmsPortal.API).
2026-08-03 16:11:36.063 +05:30 [WRN] Entity 'AssessmentAttempt' has a global query filter defined and is the required end of a relationship with the entity 'AssessmentAnswer'. This may lead to unexpected results when the required entity is filtered out. Either configure the navigation as optional, or define matching query filters for both entities in the navigation. See https://go.microsoft.com/fwlink/?linkid=2131316 for more information.
2026-08-03 16:11:36.064 +05:30 [WRN] Entity 'Certificate' has a global query filter defined and is the required end of a relationship with the entity 'CertificateVerificationLog'. This may lead to unexpected results when the required entity is filtered out. Either configure the navigation as optional, or define matching query filters for both entities in the navigation. See https://go.microsoft.com/fwlink/?linkid=2131316 for more information.
2026-08-03 16:11:36.064 +05:30 [WRN] Entity 'Permission' has a global query filter defined and is the required end of a relationship with the entity 'RolePermission'. This may lead to unexpected results when the required entity is filtered out. Either configure the navigation as optional, or define matching query filters for both entities in the navigation. See https://go.microsoft.com/fwlink/?linkid=2131316 for more information.
2026-08-03 16:11:36.148 +05:30 [WRN] No store type was specified for the decimal property 'PassingScorePercentage' on entity type 'Assessment'. This will cause values to be silently truncated if they do not fit in the default precision and scale. Explicitly specify the SQL server column type that can accommodate all the values in 'OnModelCreating' using 'HasColumnType', specify precision and scale using 'HasPrecision', or configure a value converter using 'HasConversion'.
2026-08-03 16:11:36.148 +05:30 [WRN] No store type was specified for the decimal property 'PointsAwarded' on entity type 'AssessmentAnswer'. This will cause values to be silently truncated if they do not fit in the default precision and scale. Explicitly specify the SQL server column type that can accommodate all the values in 'OnModelCreating' using 'HasColumnType', specify precision and scale using 'HasPrecision', or configure a value converter using 'HasConversion'.
2026-08-03 16:11:36.148 +05:30 [WRN] No store type was specified for the decimal property 'ScorePercentage' on entity type 'AssessmentAttempt'. This will cause values to be silently truncated if they do not fit in the default precision and scale. Explicitly specify the SQL server column type that can accommodate all the values in 'OnModelCreating' using 'HasColumnType', specify precision and scale using 'HasPrecision', or configure a value converter using 'HasConversion'.
2026-08-03 16:11:36.148 +05:30 [WRN] No store type was specified for the decimal property 'Points' on entity type 'AssessmentQuestion'. This will cause values to be silently truncated if they do not fit in the default precision and scale. Explicitly specify the SQL server column type that can accommodate all the values in 'OnModelCreating' using 'HasColumnType', specify precision and scale using 'HasPrecision', or configure a value converter using 'HasConversion'.
2026-08-03 16:11:36.148 +05:30 [WRN] No store type was specified for the decimal property 'PassingScorePercentage' on entity type 'Course'. This will cause values to be silently truncated if they do not fit in the default precision and scale. Explicitly specify the SQL server column type that can accommodate all the values in 'OnModelCreating' using 'HasColumnType', specify precision and scale using 'HasPrecision', or configure a value converter using 'HasConversion'.
2026-08-03 16:11:36.148 +05:30 [WRN] No store type was specified for the decimal property 'TotalSeconds' on entity type 'LessonProgress'. This will cause values to be silently truncated if they do not fit in the default precision and scale. Explicitly specify the SQL server column type that can accommodate all the values in 'OnModelCreating' using 'HasColumnType', specify precision and scale using 'HasPrecision', or configure a value converter using 'HasConversion'.
2026-08-03 16:11:36.148 +05:30 [WRN] No store type was specified for the decimal property 'WatchedSeconds' on entity type 'LessonProgress'. This will cause values to be silently truncated if they do not fit in the default precision and scale. Explicitly specify the SQL server column type that can accommodate all the values in 'OnModelCreating' using 'HasColumnType', specify precision and scale using 'HasPrecision', or configure a value converter using 'HasConversion'.
2026-08-03 16:11:36.830 +05:30 [INF] Executed DbCommand (44ms) [Parameters=[@__ToUpper_0='?' (Size = 4000)], CommandType='"Text"', CommandTimeout='30']
SELECT TOP(1) [u].[Id], [u].[ConcurrencyStamp], [u].[CreatedAt], [u].[CreatedBy], [u].[Email], [u].[IsActive], [u].[IsDeleted], [u].[IsEmailConfirmed], [u].[NormalizedEmail], [u].[NormalizedUsername], [u].[PasswordHash], [u].[PhoneNumber], [u].[RoleId], [u].[RowVersion], [u].[SecurityStamp], [u].[UpdatedAt], [u].[UpdatedBy], [u].[Username], [r0].[Id], [r0].[CreatedAt], [r0].[CreatedBy], [r0].[Description], [r0].[IsDeleted], [r0].[NormalizedRoleName], [r0].[RoleName], [r0].[RowVersion], [r0].[UpdatedAt], [r0].[UpdatedBy]
FROM [sec].[Users] AS [u]
INNER JOIN (
    SELECT [r].[Id], [r].[CreatedAt], [r].[CreatedBy], [r].[Description], [r].[IsDeleted], [r].[NormalizedRoleName], [r].[RoleName], [r].[RowVersion], [r].[UpdatedAt], [r].[UpdatedBy]
    FROM [sec].[Roles] AS [r]
    WHERE [r].[IsDeleted] = CAST(0 AS bit)
) AS [r0] ON [u].[RoleId] = [r0].[Id]
WHERE [u].[IsDeleted] = CAST(0 AS bit) AND [u].[NormalizedUsername] = @__ToUpper_0 AND [u].[IsDeleted] = CAST(0 AS bit)
2026-08-03 16:11:37.283 +05:30 [INF] Executing UnauthorizedObjectResult, writing value of type '<>f__AnonymousType0`2[[System.Boolean, System.Private.CoreLib, Version=10.0.0.0, Culture=neutral, PublicKeyToken=7cec85d7bea7798e],[System.String, System.Private.CoreLib, Version=10.0.0.0, Culture=neutral, PublicKeyToken=7cec85d7bea7798e]]'.
2026-08-03 16:11:37.296 +05:30 [INF] Executed action LmsPortal.API.Controllers.AuthController.LoginHR (LmsPortal.API) in 1858.1645ms
2026-08-03 16:11:37.296 +05:30 [INF] Executed endpoint 'LmsPortal.API.Controllers.AuthController.LoginHR (LmsPortal.API)'
2026-08-03 16:11:37.297 +05:30 [INF] HTTP POST /api/auth/login/hr responded 401 in 1883.3447 ms
2026-08-03 16:11:37.305 +05:30 [INF] Request starting HTTP/1.1 GET http://localhost:5000/api/employees - null null
2026-08-03 16:11:37.305 +05:30 [INF] Request finished HTTP/1.1 POST http://localhost:5000/api/auth/login/hr - 401 null application/json; charset=utf-8 1893.7816ms
2026-08-03 16:11:37.318 +05:30 [INF] Failed to validate the token.
Microsoft.IdentityModel.Tokens.SecurityTokenMalformedException: IDX14100: JWT is not well formed, there are no dots (.).
The token needs to be in JWS or JWE Compact Serialization Format. (JWS): 'EncodedHeader.EncodedPayload.EncodedSignature'. (JWE): 'EncodedProtectedHeader.EncodedEncryptedKey.EncodedInitializationVector.EncodedCiphertext.EncodedAuthenticationTag'.
   at Microsoft.IdentityModel.JsonWebTokens.JsonWebToken.ReadToken(ReadOnlyMemory`1 encodedTokenMemory)
   at Microsoft.IdentityModel.JsonWebTokens.JsonWebToken..ctor(String jwtEncodedString)
   at Microsoft.IdentityModel.JsonWebTokens.JsonWebTokenHandler.ReadToken(String token, TokenValidationParameters validationParameters)
2026-08-03 16:11:37.322 +05:30 [INF] Bearer was not authenticated. Failure message: IDX14100: JWT is not well formed, there are no dots (.).
The token needs to be in JWS or JWE Compact Serialization Format. (JWS): 'EncodedHeader.EncodedPayload.EncodedSignature'. (JWE): 'EncodedProtectedHeader.EncodedEncryptedKey.EncodedInitializationVector.EncodedCiphertext.EncodedAuthenticationTag'.
2026-08-03 16:11:37.324 +05:30 [INF] Authorization failed. These requirements were not met:
DenyAnonymousAuthorizationRequirement: Requires an authenticated user.
2026-08-03 16:11:37.326 +05:30 [INF] AuthenticationScheme: Bearer was challenged.
2026-08-03 16:11:37.326 +05:30 [INF] HTTP GET /api/employees responded 401 in 19.1725 ms
2026-08-03 16:11:37.326 +05:30 [INF] Request finished HTTP/1.1 GET http://localhost:5000/api/employees - 401 0 null 20.8414ms
2026-08-03 16:11:45.014 +05:30 [INF] Request starting HTTP/1.1 POST http://localhost:5000/api/auth/login/hr - application/json 42
2026-08-03 16:11:45.016 +05:30 [INF] Executing endpoint 'LmsPortal.API.Controllers.AuthController.LoginHR (LmsPortal.API)'
2026-08-03 16:11:45.017 +05:30 [INF] Route matched with {action = "LoginHR", controller = "Auth"}. Executing controller action with signature System.Threading.Tasks.Task`1[Microsoft.AspNetCore.Mvc.IActionResult] LoginHR(LoginDto) on controller LmsPortal.API.Controllers.AuthController (LmsPortal.API).
2026-08-03 16:11:45.083 +05:30 [INF] Executed DbCommand (3ms) [Parameters=[@__ToUpper_0='?' (Size = 4000)], CommandType='"Text"', CommandTimeout='30']
SELECT TOP(1) [u].[Id], [u].[ConcurrencyStamp], [u].[CreatedAt], [u].[CreatedBy], [u].[Email], [u].[IsActive], [u].[IsDeleted], [u].[IsEmailConfirmed], [u].[NormalizedEmail], [u].[NormalizedUsername], [u].[PasswordHash], [u].[PhoneNumber], [u].[RoleId], [u].[RowVersion], [u].[SecurityStamp], [u].[UpdatedAt], [u].[UpdatedBy], [u].[Username], [r0].[Id], [r0].[CreatedAt], [r0].[CreatedBy], [r0].[Description], [r0].[IsDeleted], [r0].[NormalizedRoleName], [r0].[RoleName], [r0].[RowVersion], [r0].[UpdatedAt], [r0].[UpdatedBy]
FROM [sec].[Users] AS [u]
INNER JOIN (
    SELECT [r].[Id], [r].[CreatedAt], [r].[CreatedBy], [r].[Description], [r].[IsDeleted], [r].[NormalizedRoleName], [r].[RoleName], [r].[RowVersion], [r].[UpdatedAt], [r].[UpdatedBy]
    FROM [sec].[Roles] AS [r]
    WHERE [r].[IsDeleted] = CAST(0 AS bit)
) AS [r0] ON [u].[RoleId] = [r0].[Id]
WHERE [u].[IsDeleted] = CAST(0 AS bit) AND [u].[NormalizedUsername] = @__ToUpper_0 AND [u].[IsDeleted] = CAST(0 AS bit)
2026-08-03 16:11:45.369 +05:30 [INF] Executing UnauthorizedObjectResult, writing value of type '<>f__AnonymousType0`2[[System.Boolean, System.Private.CoreLib, Version=10.0.0.0, Culture=neutral, PublicKeyToken=7cec85d7bea7798e],[System.String, System.Private.CoreLib, Version=10.0.0.0, Culture=neutral, PublicKeyToken=7cec85d7bea7798e]]'.
2026-08-03 16:11:45.370 +05:30 [INF] Executed action LmsPortal.API.Controllers.AuthController.LoginHR (LmsPortal.API) in 353.0977ms
2026-08-03 16:11:45.370 +05:30 [INF] Executed endpoint 'LmsPortal.API.Controllers.AuthController.LoginHR (LmsPortal.API)'
2026-08-03 16:11:45.370 +05:30 [INF] HTTP POST /api/auth/login/hr responded 401 in 354.2944 ms
2026-08-03 16:11:45.371 +05:30 [INF] Request finished HTTP/1.1 POST http://localhost:5000/api/auth/login/hr - 401 null application/json; charset=utf-8 356.3925ms
2026-08-03 16:12:11.222 +05:30 [INF] User profile is available. Using 'C:\Users\kaustubh.bhatlawande\AppData\Local\ASP.NET\DataProtection-Keys' as key repository and Windows DPAPI to encrypt keys at rest.
2026-08-03 16:12:11.326 +05:30 [INF] Now listening on: http://localhost:5000
2026-08-03 16:12:11.327 +05:30 [INF] Application started. Press Ctrl+C to shut down.
2026-08-03 16:12:11.327 +05:30 [INF] Hosting environment: Development
2026-08-03 16:12:11.327 +05:30 [INF] Content root path: C:\Users\kaustubh.bhatlawande\Desktop\LMS Portal - Copy\backend\LmsPortal.API
2026-08-03 16:14:50.651 +05:30 [INF] Request starting HTTP/1.1 POST http://localhost:5000/api/auth/login/hr - application/json 42
2026-08-03 16:14:50.700 +05:30 [INF] Executing endpoint 'LmsPortal.API.Controllers.AuthController.LoginHR (LmsPortal.API)'
2026-08-03 16:14:50.714 +05:30 [INF] Route matched with {action = "LoginHR", controller = "Auth"}. Executing controller action with signature System.Threading.Tasks.Task`1[Microsoft.AspNetCore.Mvc.IActionResult] LoginHR(LoginDto) on controller LmsPortal.API.Controllers.AuthController (LmsPortal.API).
2026-08-03 16:14:51.313 +05:30 [WRN] Entity 'AssessmentAttempt' has a global query filter defined and is the required end of a relationship with the entity 'AssessmentAnswer'. This may lead to unexpected results when the required entity is filtered out. Either configure the navigation as optional, or define matching query filters for both entities in the navigation. See https://go.microsoft.com/fwlink/?linkid=2131316 for more information.
2026-08-03 16:14:51.313 +05:30 [WRN] Entity 'Certificate' has a global query filter defined and is the required end of a relationship with the entity 'CertificateVerificationLog'. This may lead to unexpected results when the required entity is filtered out. Either configure the navigation as optional, or define matching query filters for both entities in the navigation. See https://go.microsoft.com/fwlink/?linkid=2131316 for more information.
2026-08-03 16:14:51.313 +05:30 [WRN] Entity 'Permission' has a global query filter defined and is the required end of a relationship with the entity 'RolePermission'. This may lead to unexpected results when the required entity is filtered out. Either configure the navigation as optional, or define matching query filters for both entities in the navigation. See https://go.microsoft.com/fwlink/?linkid=2131316 for more information.
2026-08-03 16:14:51.393 +05:30 [WRN] No store type was specified for the decimal property 'PassingScorePercentage' on entity type 'Assessment'. This will cause values to be silently truncated if they do not fit in the default precision and scale. Explicitly specify the SQL server column type that can accommodate all the values in 'OnModelCreating' using 'HasColumnType', specify precision and scale using 'HasPrecision', or configure a value converter using 'HasConversion'.
2026-08-03 16:14:51.394 +05:30 [WRN] No store type was specified for the decimal property 'PointsAwarded' on entity type 'AssessmentAnswer'. This will cause values to be silently truncated if they do not fit in the default precision and scale. Explicitly specify the SQL server column type that can accommodate all the values in 'OnModelCreating' using 'HasColumnType', specify precision and scale using 'HasPrecision', or configure a value converter using 'HasConversion'.
2026-08-03 16:14:51.394 +05:30 [WRN] No store type was specified for the decimal property 'ScorePercentage' on entity type 'AssessmentAttempt'. This will cause values to be silently truncated if they do not fit in the default precision and scale. Explicitly specify the SQL server column type that can accommodate all the values in 'OnModelCreating' using 'HasColumnType', specify precision and scale using 'HasPrecision', or configure a value converter using 'HasConversion'.
2026-08-03 16:14:51.394 +05:30 [WRN] No store type was specified for the decimal property 'Points' on entity type 'AssessmentQuestion'. This will cause values to be silently truncated if they do not fit in the default precision and scale. Explicitly specify the SQL server column type that can accommodate all the values in 'OnModelCreating' using 'HasColumnType', specify precision and scale using 'HasPrecision', or configure a value converter using 'HasConversion'.
2026-08-03 16:14:51.394 +05:30 [WRN] No store type was specified for the decimal property 'PassingScorePercentage' on entity type 'Course'. This will cause values to be silently truncated if they do not fit in the default precision and scale. Explicitly specify the SQL server column type that can accommodate all the values in 'OnModelCreating' using 'HasColumnType', specify precision and scale using 'HasPrecision', or configure a value converter using 'HasConversion'.
2026-08-03 16:14:51.394 +05:30 [WRN] No store type was specified for the decimal property 'TotalSeconds' on entity type 'LessonProgress'. This will cause values to be silently truncated if they do not fit in the default precision and scale. Explicitly specify the SQL server column type that can accommodate all the values in 'OnModelCreating' using 'HasColumnType', specify precision and scale using 'HasPrecision', or configure a value converter using 'HasConversion'.
2026-08-03 16:14:51.394 +05:30 [WRN] No store type was specified for the decimal property 'WatchedSeconds' on entity type 'LessonProgress'. This will cause values to be silently truncated if they do not fit in the default precision and scale. Explicitly specify the SQL server column type that can accommodate all the values in 'OnModelCreating' using 'HasColumnType', specify precision and scale using 'HasPrecision', or configure a value converter using 'HasConversion'.
2026-08-03 16:14:52.029 +05:30 [INF] Executed DbCommand (31ms) [Parameters=[@__ToUpper_0='?' (Size = 4000)], CommandType='"Text"', CommandTimeout='30']
SELECT TOP(1) [u].[Id], [u].[ConcurrencyStamp], [u].[CreatedAt], [u].[CreatedBy], [u].[Email], [u].[IsActive], [u].[IsDeleted], [u].[IsEmailConfirmed], [u].[NormalizedEmail], [u].[NormalizedUsername], [u].[PasswordHash], [u].[PhoneNumber], [u].[RoleId], [u].[RowVersion], [u].[SecurityStamp], [u].[UpdatedAt], [u].[UpdatedBy], [u].[Username], [r0].[Id], [r0].[CreatedAt], [r0].[CreatedBy], [r0].[Description], [r0].[IsDeleted], [r0].[NormalizedRoleName], [r0].[RoleName], [r0].[RowVersion], [r0].[UpdatedAt], [r0].[UpdatedBy]
FROM [sec].[Users] AS [u]
INNER JOIN (
    SELECT [r].[Id], [r].[CreatedAt], [r].[CreatedBy], [r].[Description], [r].[IsDeleted], [r].[NormalizedRoleName], [r].[RoleName], [r].[RowVersion], [r].[UpdatedAt], [r].[UpdatedBy]
    FROM [sec].[Roles] AS [r]
    WHERE [r].[IsDeleted] = CAST(0 AS bit)
) AS [r0] ON [u].[RoleId] = [r0].[Id]
WHERE [u].[IsDeleted] = CAST(0 AS bit) AND [u].[NormalizedUsername] = @__ToUpper_0 AND [u].[IsDeleted] = CAST(0 AS bit)
2026-08-03 16:14:52.929 +05:30 [INF] Executed DbCommand (9ms) [Parameters=[@p1='?' (DbType = Int32), @p0='?' (Size = 4000), @p2='?' (Size = 8) (DbType = Binary)], CommandType='"Text"', CommandTimeout='30']
SET IMPLICIT_TRANSACTIONS OFF;
SET NOCOUNT ON;
UPDATE [sec].[Users] SET [PasswordHash] = @p0
OUTPUT INSERTED.[RowVersion]
WHERE [Id] = @p1 AND [RowVersion] = @p2;
2026-08-03 16:14:53.008 +05:30 [INF] Executed DbCommand (6ms) [Parameters=[@p0='?' (Size = 4000), @p1='?' (DbType = DateTime2), @p2='?' (Size = 4000), @p3='?' (Size = 4000), @p4='?' (Size = 4000), @p5='?' (Size = 4000), @p6='?' (DbType = Int32)], CommandType='"Text"', CommandTimeout='30']
SET IMPLICIT_TRANSACTIONS OFF;
SET NOCOUNT ON;
INSERT INTO [adm].[ActivityLogs] ([Action], [CreatedAt], [Details], [IpAddress], [Role], [UserAgent], [UserId])
OUTPUT INSERTED.[Id]
VALUES (@p0, @p1, @p2, @p3, @p4, @p5, @p6);
2026-08-03 16:14:53.018 +05:30 [INF] Executing OkObjectResult, writing value of type '<>f__AnonymousType1`4[[System.Boolean, System.Private.CoreLib, Version=10.0.0.0, Culture=neutral, PublicKeyToken=7cec85d7bea7798e],[System.String, System.Private.CoreLib, Version=10.0.0.0, Culture=neutral, PublicKeyToken=7cec85d7bea7798e],[<>f__AnonymousType2`5[[System.Int32, System.Private.CoreLib, Version=10.0.0.0, Culture=neutral, PublicKeyToken=7cec85d7bea7798e],[System.String, System.Private.CoreLib, Version=10.0.0.0, Culture=neutral, PublicKeyToken=7cec85d7bea7798e],[System.String, System.Private.CoreLib, Version=10.0.0.0, Culture=neutral, PublicKeyToken=7cec85d7bea7798e],[System.String, System.Private.CoreLib, Version=10.0.0.0, Culture=neutral, PublicKeyToken=7cec85d7bea7798e],[System.String, System.Private.CoreLib, Version=10.0.0.0, Culture=neutral, PublicKeyToken=7cec85d7bea7798e]], LmsPortal.API, Version=1.0.0.0, Culture=neutral, PublicKeyToken=null],[System.String, System.Private.CoreLib, Version=10.0.0.0, Culture=neutral, PublicKeyToken=7cec85d7bea7798e]]'.
2026-08-03 16:14:53.035 +05:30 [INF] Executed action LmsPortal.API.Controllers.AuthController.LoginHR (LmsPortal.API) in 2317.8108ms
2026-08-03 16:14:53.036 +05:30 [INF] Executed endpoint 'LmsPortal.API.Controllers.AuthController.LoginHR (LmsPortal.API)'
2026-08-03 16:14:53.039 +05:30 [INF] HTTP POST /api/auth/login/hr responded 200 in 2357.5394 ms
2026-08-03 16:14:53.049 +05:30 [INF] Request finished HTTP/1.1 POST http://localhost:5000/api/auth/login/hr - 200 null application/json; charset=utf-8 2398.1501ms
2026-08-03 16:14:53.049 +05:30 [INF] Request starting HTTP/1.1 GET http://localhost:5000/api/employees - null null
2026-08-03 16:14:53.089 +05:30 [INF] Executing endpoint 'LmsPortal.API.Controllers.EmployeesController.GetEmployees (LmsPortal.API)'
2026-08-03 16:14:53.096 +05:30 [INF] Route matched with {action = "GetEmployees", controller = "Employees"}. Executing controller action with signature System.Threading.Tasks.Task`1[Microsoft.AspNetCore.Mvc.IActionResult] GetEmployees(System.String, System.Nullable`1[System.Int32], System.String, Int32, Int32) on controller LmsPortal.API.Controllers.EmployeesController (LmsPortal.API).
2026-08-03 16:14:53.186 +05:30 [INF] Executed DbCommand (8ms) [Parameters=[], CommandType='"Text"', CommandTimeout='30']
SELECT COUNT(*)
FROM [emp].[Employees] AS [e]
WHERE [e].[IsDeleted] = CAST(0 AS bit)
2026-08-03 16:14:53.321 +05:30 [INF] Executed DbCommand (79ms) [Parameters=[@__p_0='?' (DbType = Int32), @__p_1='?' (DbType = Int32)], CommandType='"Text"', CommandTimeout='30']
SELECT [e0].[Id], [e0].[CreatedAt], [e0].[CreatedBy], [e0].[DepartmentId], [e0].[DesignationId], [e0].[EmployeeCode], [e0].[EmploymentStatus], [e0].[FirstName], [e0].[IsDeleted], [e0].[IsMasterTester], [e0].[JoiningDate], [e0].[LastName], [e0].[MiddleName], [e0].[OfficeId], [e0].[OfficialEmail], [e0].[RowVersion], [e0].[UpdatedAt], [e0].[UpdatedBy], [e0].[UserId], [d0].[Id], [d0].[CreatedAt], [d0].[CreatedBy], [d0].[DepartmentCode], [d0].[DepartmentName], [d0].[Description], [d0].[IsActive], [d0].[IsDeleted], [d0].[RowVersion], [d0].[UpdatedAt], [d0].[UpdatedBy], [d2].[Id], [d2].[CreatedAt], [d2].[CreatedBy], [d2].[DesignationCode], [d2].[GradeLevel], [d2].[IsActive], [d2].[IsDeleted], [d2].[RowVersion], [d2].[Title], [d2].[UpdatedAt], [d2].[UpdatedBy], [o0].[Id], [o0].[City], [o0].[Country], [o0].[CreatedAt], [o0].[CreatedBy], [o0].[IsActive], [o0].[IsDeleted], [o0].[OfficeCode], [o0].[OfficeName], [o0].[RowVersion], [o0].[State], [o0].[UpdatedAt], [o0].[UpdatedBy]
FROM (
    SELECT [e].[Id], [e].[CreatedAt], [e].[CreatedBy], [e].[DepartmentId], [e].[DesignationId], [e].[EmployeeCode], [e].[EmploymentStatus], [e].[FirstName], [e].[IsDeleted], [e].[IsMasterTester], [e].[JoiningDate], [e].[LastName], [e].[MiddleName], [e].[OfficeId], [e].[OfficialEmail], [e].[RowVersion], [e].[UpdatedAt], [e].[UpdatedBy], [e].[UserId]
    FROM [emp].[Employees] AS [e]
    WHERE [e].[IsDeleted] = CAST(0 AS bit)
    ORDER BY [e].[CreatedAt] DESC
    OFFSET @__p_0 ROWS FETCH NEXT @__p_1 ROWS ONLY
) AS [e0]
INNER JOIN (
    SELECT [d].[Id], [d].[CreatedAt], [d].[CreatedBy], [d].[DepartmentCode], [d].[DepartmentName], [d].[Description], [d].[IsActive], [d].[IsDeleted], [d].[RowVersion], [d].[UpdatedAt], [d].[UpdatedBy]
    FROM [org].[Departments] AS [d]
    WHERE [d].[IsDeleted] = CAST(0 AS bit)
) AS [d0] ON [e0].[DepartmentId] = [d0].[Id]
INNER JOIN (
    SELECT [d1].[Id], [d1].[CreatedAt], [d1].[CreatedBy], [d1].[DesignationCode], [d1].[GradeLevel], [d1].[IsActive], [d1].[IsDeleted], [d1].[RowVersion], [d1].[Title], [d1].[UpdatedAt], [d1].[UpdatedBy]
    FROM [org].[Designations] AS [d1]
    WHERE [d1].[IsDeleted] = CAST(0 AS bit)
) AS [d2] ON [e0].[DesignationId] = [d2].[Id]
INNER JOIN (
    SELECT [o].[Id], [o].[City], [o].[Country], [o].[CreatedAt], [o].[CreatedBy], [o].[IsActive], [o].[IsDeleted], [o].[OfficeCode], [o].[OfficeName], [o].[RowVersion], [o].[State], [o].[UpdatedAt], [o].[UpdatedBy]
    FROM [org].[Offices] AS [o]
    WHERE [o].[IsDeleted] = CAST(0 AS bit)
) AS [o0] ON [e0].[OfficeId] = [o0].[Id]
ORDER BY [e0].[CreatedAt] DESC
2026-08-03 16:14:53.426 +05:30 [INF] Executing OkObjectResult, writing value of type '<>f__AnonymousType12`6[[System.Boolean, System.Private.CoreLib, Version=10.0.0.0, Culture=neutral, PublicKeyToken=7cec85d7bea7798e],[System.Collections.Generic.List`1[[LmsPortal.Core.Entities.Employee, LmsPortal.Core, Version=1.0.0.0, Culture=neutral, PublicKeyToken=null]], System.Private.CoreLib, Version=10.0.0.0, Culture=neutral, PublicKeyToken=7cec85d7bea7798e],[System.Int32, System.Private.CoreLib, Version=10.0.0.0, Culture=neutral, PublicKeyToken=7cec85d7bea7798e],[System.Int32, System.Private.CoreLib, Version=10.0.0.0, Culture=neutral, PublicKeyToken=7cec85d7bea7798e],[System.Int32, System.Private.CoreLib, Version=10.0.0.0, Culture=neutral, PublicKeyToken=7cec85d7bea7798e],[System.Int32, System.Private.CoreLib, Version=10.0.0.0, Culture=neutral, PublicKeyToken=7cec85d7bea7798e]]'.
2026-08-03 16:14:53.468 +05:30 [INF] Executed action LmsPortal.API.Controllers.EmployeesController.GetEmployees (LmsPortal.API) in 372.1638ms
2026-08-03 16:14:53.468 +05:30 [INF] Executed endpoint 'LmsPortal.API.Controllers.EmployeesController.GetEmployees (LmsPortal.API)'
2026-08-03 16:14:53.468 +05:30 [INF] HTTP GET /api/employees responded 200 in 415.0575 ms
2026-08-03 16:14:53.469 +05:30 [INF] Request finished HTTP/1.1 GET http://localhost:5000/api/employees - 200 null application/json; charset=utf-8 419.9709ms
2026-08-03 16:15:37.568 +05:30 [INF] Request starting HTTP/1.1 POST http://localhost:5000/api/auth/login/hr - application/json 42
2026-08-03 16:15:37.573 +05:30 [INF] Executing endpoint 'LmsPortal.API.Controllers.AuthController.LoginHR (LmsPortal.API)'
2026-08-03 16:15:37.573 +05:30 [INF] Route matched with {action = "LoginHR", controller = "Auth"}. Executing controller action with signature System.Threading.Tasks.Task`1[Microsoft.AspNetCore.Mvc.IActionResult] LoginHR(LoginDto) on controller LmsPortal.API.Controllers.AuthController (LmsPortal.API).
2026-08-03 16:15:37.603 +05:30 [INF] Executed DbCommand (2ms) [Parameters=[@__ToUpper_0='?' (Size = 4000)], CommandType='"Text"', CommandTimeout='30']
SELECT TOP(1) [u].[Id], [u].[ConcurrencyStamp], [u].[CreatedAt], [u].[CreatedBy], [u].[Email], [u].[IsActive], [u].[IsDeleted], [u].[IsEmailConfirmed], [u].[NormalizedEmail], [u].[NormalizedUsername], [u].[PasswordHash], [u].[PhoneNumber], [u].[RoleId], [u].[RowVersion], [u].[SecurityStamp], [u].[UpdatedAt], [u].[UpdatedBy], [u].[Username], [r0].[Id], [r0].[CreatedAt], [r0].[CreatedBy], [r0].[Description], [r0].[IsDeleted], [r0].[NormalizedRoleName], [r0].[RoleName], [r0].[RowVersion], [r0].[UpdatedAt], [r0].[UpdatedBy]
FROM [sec].[Users] AS [u]
INNER JOIN (
    SELECT [r].[Id], [r].[CreatedAt], [r].[CreatedBy], [r].[Description], [r].[IsDeleted], [r].[NormalizedRoleName], [r].[RoleName], [r].[RowVersion], [r].[UpdatedAt], [r].[UpdatedBy]
    FROM [sec].[Roles] AS [r]
    WHERE [r].[IsDeleted] = CAST(0 AS bit)
) AS [r0] ON [u].[RoleId] = [r0].[Id]
WHERE [u].[IsDeleted] = CAST(0 AS bit) AND [u].[NormalizedUsername] = @__ToUpper_0 AND [u].[IsDeleted] = CAST(0 AS bit)
2026-08-03 16:15:37.910 +05:30 [INF] Executed DbCommand (2ms) [Parameters=[@p0='?' (Size = 4000), @p1='?' (DbType = DateTime2), @p2='?' (Size = 4000), @p3='?' (Size = 4000), @p4='?' (Size = 4000), @p5='?' (Size = 4000), @p6='?' (DbType = Int32)], CommandType='"Text"', CommandTimeout='30']
SET IMPLICIT_TRANSACTIONS OFF;
SET NOCOUNT ON;
INSERT INTO [adm].[ActivityLogs] ([Action], [CreatedAt], [Details], [IpAddress], [Role], [UserAgent], [UserId])
OUTPUT INSERTED.[Id]
VALUES (@p0, @p1, @p2, @p3, @p4, @p5, @p6);
2026-08-03 16:15:37.910 +05:30 [INF] Executing OkObjectResult, writing value of type '<>f__AnonymousType1`4[[System.Boolean, System.Private.CoreLib, Version=10.0.0.0, Culture=neutral, PublicKeyToken=7cec85d7bea7798e],[System.String, System.Private.CoreLib, Version=10.0.0.0, Culture=neutral, PublicKeyToken=7cec85d7bea7798e],[<>f__AnonymousType2`5[[System.Int32, System.Private.CoreLib, Version=10.0.0.0, Culture=neutral, PublicKeyToken=7cec85d7bea7798e],[System.String, System.Private.CoreLib, Version=10.0.0.0, Culture=neutral, PublicKeyToken=7cec85d7bea7798e],[System.String, System.Private.CoreLib, Version=10.0.0.0, Culture=neutral, PublicKeyToken=7cec85d7bea7798e],[System.String, System.Private.CoreLib, Version=10.0.0.0, Culture=neutral, PublicKeyToken=7cec85d7bea7798e],[System.String, System.Private.CoreLib, Version=10.0.0.0, Culture=neutral, PublicKeyToken=7cec85d7bea7798e]], LmsPortal.API, Version=1.0.0.0, Culture=neutral, PublicKeyToken=null],[System.String, System.Private.CoreLib, Version=10.0.0.0, Culture=neutral, PublicKeyToken=7cec85d7bea7798e]]'.
2026-08-03 16:15:37.910 +05:30 [INF] Executed action LmsPortal.API.Controllers.AuthController.LoginHR (LmsPortal.API) in 337.2821ms
2026-08-03 16:15:37.910 +05:30 [INF] Executed endpoint 'LmsPortal.API.Controllers.AuthController.LoginHR (LmsPortal.API)'
2026-08-03 16:15:37.911 +05:30 [INF] HTTP POST /api/auth/login/hr responded 200 in 340.2347 ms
2026-08-03 16:15:37.911 +05:30 [INF] Request finished HTTP/1.1 POST http://localhost:5000/api/auth/login/hr - 200 null application/json; charset=utf-8 342.8789ms
2026-08-03 16:15:37.923 +05:30 [INF] Request starting HTTP/1.1 POST http://localhost:5000/api/employees - application/json 247
2026-08-03 16:15:37.927 +05:30 [INF] Executing endpoint 'LmsPortal.API.Controllers.EmployeesController.UpsertEmployee (LmsPortal.API)'
2026-08-03 16:15:37.935 +05:30 [INF] Route matched with {action = "UpsertEmployee", controller = "Employees"}. Executing controller action with signature System.Threading.Tasks.Task`1[Microsoft.AspNetCore.Mvc.IActionResult] UpsertEmployee(UpsertEmployeeDto) on controller LmsPortal.API.Controllers.EmployeesController (LmsPortal.API).
2026-08-03 16:15:37.974 +05:30 [INF] Executed DbCommand (6ms) [Parameters=[@__cleanEmpCode_0='?' (Size = 4000)], CommandType='"Text"', CommandTimeout='30']
SELECT CASE
    WHEN EXISTS (
        SELECT 1
        FROM [emp].[Employees] AS [e]
        WHERE [e].[IsDeleted] = CAST(0 AS bit) AND [e].[IsDeleted] = CAST(0 AS bit) AND UPPER([e].[EmployeeCode]) = @__cleanEmpCode_0) THEN CAST(1 AS bit)
    ELSE CAST(0 AS bit)
END
2026-08-03 16:15:37.990 +05:30 [INF] Executed DbCommand (4ms) [Parameters=[@__cleanEmail_0='?' (Size = 4000)], CommandType='"Text"', CommandTimeout='30']
SELECT CASE
    WHEN EXISTS (
        SELECT 1
        FROM [emp].[Employees] AS [e]
        WHERE [e].[IsDeleted] = CAST(0 AS bit) AND [e].[IsDeleted] = CAST(0 AS bit) AND LOWER([e].[OfficialEmail]) = @__cleanEmail_0) THEN CAST(1 AS bit)
    ELSE CAST(0 AS bit)
END
2026-08-03 16:15:38.003 +05:30 [INF] Executed DbCommand (4ms) [Parameters=[@__dto_DepartmentId_0='?' (DbType = Int32)], CommandType='"Text"', CommandTimeout='30']
SELECT CASE
    WHEN EXISTS (
        SELECT 1
        FROM [org].[Departments] AS [d]
        WHERE [d].[IsDeleted] = CAST(0 AS bit) AND [d].[Id] = @__dto_DepartmentId_0 AND [d].[IsDeleted] = CAST(0 AS bit)) THEN CAST(1 AS bit)
    ELSE CAST(0 AS bit)
END
2026-08-03 16:15:38.016 +05:30 [INF] Executed DbCommand (4ms) [Parameters=[@__dto_DesignationId_0='?' (DbType = Int32)], CommandType='"Text"', CommandTimeout='30']
SELECT CASE
    WHEN EXISTS (
        SELECT 1
        FROM [org].[Designations] AS [d]
        WHERE [d].[IsDeleted] = CAST(0 AS bit) AND [d].[Id] = @__dto_DesignationId_0 AND [d].[IsDeleted] = CAST(0 AS bit)) THEN CAST(1 AS bit)
    ELSE CAST(0 AS bit)
END
2026-08-03 16:15:38.029 +05:30 [INF] Executed DbCommand (4ms) [Parameters=[@__dto_OfficeId_0='?' (DbType = Int32)], CommandType='"Text"', CommandTimeout='30']
SELECT CASE
    WHEN EXISTS (
        SELECT 1
        FROM [org].[Offices] AS [o]
        WHERE [o].[IsDeleted] = CAST(0 AS bit) AND [o].[Id] = @__dto_OfficeId_0 AND [o].[IsDeleted] = CAST(0 AS bit)) THEN CAST(1 AS bit)
    ELSE CAST(0 AS bit)
END
2026-08-03 16:15:38.047 +05:30 [INF] Executed DbCommand (4ms) [Parameters=[], CommandType='"Text"', CommandTimeout='30']
SELECT TOP(1) [r].[Id], [r].[CreatedAt], [r].[CreatedBy], [r].[Description], [r].[IsDeleted], [r].[NormalizedRoleName], [r].[RoleName], [r].[RowVersion], [r].[UpdatedAt], [r].[UpdatedBy]
FROM [sec].[Roles] AS [r]
WHERE [r].[IsDeleted] = CAST(0 AS bit) AND [r].[NormalizedRoleName] = N'EMPLOYEE'
2026-08-03 16:15:38.066 +05:30 [INF] Executed DbCommand (11ms) [Parameters=[@p0='?' (Size = 4000), @p1='?' (DbType = DateTime2), @p2='?' (Size = 4000), @p3='?' (Size = 4000), @p4='?' (DbType = Boolean), @p5='?' (DbType = Boolean), @p6='?' (DbType = Boolean), @p7='?' (Size = 4000), @p8='?' (Size = 4000), @p9='?' (Size = 4000), @p10='?' (Size = 4000), @p11='?' (DbType = Int32), @p12='?' (Size = 4000), @p13='?' (DbType = DateTime2), @p14='?' (Size = 4000), @p15='?' (Size = 4000)], CommandType='"Text"', CommandTimeout='30']
SET IMPLICIT_TRANSACTIONS OFF;
SET NOCOUNT ON;
INSERT INTO [sec].[Users] ([ConcurrencyStamp], [CreatedAt], [CreatedBy], [Email], [IsActive], [IsDeleted], [IsEmailConfirmed], [NormalizedEmail], [NormalizedUsername], [PasswordHash], [PhoneNumber], [RoleId], [SecurityStamp], [UpdatedAt], [UpdatedBy], [Username])
OUTPUT INSERTED.[Id], INSERTED.[RowVersion]
VALUES (@p0, @p1, @p2, @p3, @p4, @p5, @p6, @p7, @p8, @p9, @p10, @p11, @p12, @p13, @p14, @p15);
2026-08-03 16:15:38.096 +05:30 [INF] Executed DbCommand (13ms) [Parameters=[@p0='?' (DbType = DateTime2), @p1='?' (Size = 4000), @p2='?' (DbType = Int32), @p3='?' (DbType = Int32), @p4='?' (Size = 4000), @p5='?' (Size = 4000), @p6='?' (Size = 4000), @p7='?' (DbType = Boolean), @p8='?' (DbType = Boolean), @p9='?' (DbType = DateTime2), @p10='?' (Size = 4000), @p11='?' (Size = 4000), @p12='?' (DbType = Int32), @p13='?' (Size = 4000), @p14='?' (DbType = DateTime2), @p15='?' (Size = 4000), @p16='?' (DbType = Int32)], CommandType='"Text"', CommandTimeout='30']
SET IMPLICIT_TRANSACTIONS OFF;
SET NOCOUNT ON;
INSERT INTO [emp].[Employees] ([CreatedAt], [CreatedBy], [DepartmentId], [DesignationId], [EmployeeCode], [EmploymentStatus], [FirstName], [IsDeleted], [IsMasterTester], [JoiningDate], [LastName], [MiddleName], [OfficeId], [OfficialEmail], [UpdatedAt], [UpdatedBy], [UserId])
OUTPUT INSERTED.[Id], INSERTED.[RowVersion]
VALUES (@p0, @p1, @p2, @p3, @p4, @p5, @p6, @p7, @p8, @p9, @p10, @p11, @p12, @p13, @p14, @p15, @p16);
2026-08-03 16:15:38.101 +05:30 [INF] Executing OkObjectResult, writing value of type '<>f__AnonymousType11`3[[System.Boolean, System.Private.CoreLib, Version=10.0.0.0, Culture=neutral, PublicKeyToken=7cec85d7bea7798e],[<>f__AnonymousType13`11[[System.Int32, System.Private.CoreLib, Version=10.0.0.0, Culture=neutral, PublicKeyToken=7cec85d7bea7798e],[System.String, System.Private.CoreLib, Version=10.0.0.0, Culture=neutral, PublicKeyToken=7cec85d7bea7798e],[System.String, System.Private.CoreLib, Version=10.0.0.0, Culture=neutral, PublicKeyToken=7cec85d7bea7798e],[System.String, System.Private.CoreLib, Version=10.0.0.0, Culture=neutral, PublicKeyToken=7cec85d7bea7798e],[System.String, System.Private.CoreLib, Version=10.0.0.0, Culture=neutral, PublicKeyToken=7cec85d7bea7798e],[System.Int32, System.Private.CoreLib, Version=10.0.0.0, Culture=neutral, PublicKeyToken=7cec85d7bea7798e],[System.Int32, System.Private.CoreLib, Version=10.0.0.0, Culture=neutral, PublicKeyToken=7cec85d7bea7798e],[System.Int32, System.Private.CoreLib, Version=10.0.0.0, Culture=neutral, PublicKeyToken=7cec85d7bea7798e],[System.DateTime, System.Private.CoreLib, Version=10.0.0.0, Culture=neutral, PublicKeyToken=7cec85d7bea7798e],[System.String, System.Private.CoreLib, Version=10.0.0.0, Culture=neutral, PublicKeyToken=7cec85d7bea7798e],[System.Boolean, System.Private.CoreLib, Version=10.0.0.0, Culture=neutral, PublicKeyToken=7cec85d7bea7798e]], LmsPortal.API, Version=1.0.0.0, Culture=neutral, PublicKeyToken=null],[System.String, System.Private.CoreLib, Version=10.0.0.0, Culture=neutral, PublicKeyToken=7cec85d7bea7798e]]'.
2026-08-03 16:15:38.105 +05:30 [INF] Executed action LmsPortal.API.Controllers.EmployeesController.UpsertEmployee (LmsPortal.API) in 169.7105ms
2026-08-03 16:15:38.105 +05:30 [INF] Executed endpoint 'LmsPortal.API.Controllers.EmployeesController.UpsertEmployee (LmsPortal.API)'
2026-08-03 16:15:38.105 +05:30 [INF] HTTP POST /api/employees responded 200 in 181.8500 ms
2026-08-03 16:15:38.105 +05:30 [INF] Request finished HTTP/1.1 POST http://localhost:5000/api/employees - 200 null application/json; charset=utf-8 182.341ms
2026-08-03 16:15:47.291 +05:30 [INF] Request starting HTTP/1.1 POST http://localhost:5000/api/auth/login/employee - application/json 24
2026-08-03 16:15:47.292 +05:30 [INF] Executing endpoint 'LmsPortal.API.Controllers.AuthController.LoginEmployee (LmsPortal.API)'
2026-08-03 16:15:47.297 +05:30 [INF] Route matched with {action = "LoginEmployee", controller = "Auth"}. Executing controller action with signature System.Threading.Tasks.Task`1[Microsoft.AspNetCore.Mvc.IActionResult] LoginEmployee(EmployeeLoginDto) on controller LmsPortal.API.Controllers.AuthController (LmsPortal.API).
2026-08-03 16:15:47.372 +05:30 [INF] Executed DbCommand (25ms) [Parameters=[@__ToUpper_0='?' (Size = 4000)], CommandType='"Text"', CommandTimeout='30']
SELECT TOP(1) [e].[Id], [e].[CreatedAt], [e].[CreatedBy], [e].[DepartmentId], [e].[DesignationId], [e].[EmployeeCode], [e].[EmploymentStatus], [e].[FirstName], [e].[IsDeleted], [e].[IsMasterTester], [e].[JoiningDate], [e].[LastName], [e].[MiddleName], [e].[OfficeId], [e].[OfficialEmail], [e].[RowVersion], [e].[UpdatedAt], [e].[UpdatedBy], [e].[UserId], [d0].[Id], [d0].[CreatedAt], [d0].[CreatedBy], [d0].[DepartmentCode], [d0].[DepartmentName], [d0].[Description], [d0].[IsActive], [d0].[IsDeleted], [d0].[RowVersion], [d0].[UpdatedAt], [d0].[UpdatedBy], [d2].[Id], [d2].[CreatedAt], [d2].[CreatedBy], [d2].[DesignationCode], [d2].[GradeLevel], [d2].[IsActive], [d2].[IsDeleted], [d2].[RowVersion], [d2].[Title], [d2].[UpdatedAt], [d2].[UpdatedBy], [o0].[Id], [o0].[City], [o0].[Country], [o0].[CreatedAt], [o0].[CreatedBy], [o0].[IsActive], [o0].[IsDeleted], [o0].[OfficeCode], [o0].[OfficeName], [o0].[RowVersion], [o0].[State], [o0].[UpdatedAt], [o0].[UpdatedBy], [u0].[Id], [u0].[ConcurrencyStamp], [u0].[CreatedAt], [u0].[CreatedBy], [u0].[Email], [u0].[IsActive], [u0].[IsDeleted], [u0].[IsEmailConfirmed], [u0].[NormalizedEmail], [u0].[NormalizedUsername], [u0].[PasswordHash], [u0].[PhoneNumber], [u0].[RoleId], [u0].[RowVersion], [u0].[SecurityStamp], [u0].[UpdatedAt], [u0].[UpdatedBy], [u0].[Username]
FROM [emp].[Employees] AS [e]
INNER JOIN (
    SELECT [d].[Id], [d].[CreatedAt], [d].[CreatedBy], [d].[DepartmentCode], [d].[DepartmentName], [d].[Description], [d].[IsActive], [d].[IsDeleted], [d].[RowVersion], [d].[UpdatedAt], [d].[UpdatedBy]
    FROM [org].[Departments] AS [d]
    WHERE [d].[IsDeleted] = CAST(0 AS bit)
) AS [d0] ON [e].[DepartmentId] = [d0].[Id]
INNER JOIN (
    SELECT [d1].[Id], [d1].[CreatedAt], [d1].[CreatedBy], [d1].[DesignationCode], [d1].[GradeLevel], [d1].[IsActive], [d1].[IsDeleted], [d1].[RowVersion], [d1].[Title], [d1].[UpdatedAt], [d1].[UpdatedBy]
    FROM [org].[Designations] AS [d1]
    WHERE [d1].[IsDeleted] = CAST(0 AS bit)
) AS [d2] ON [e].[DesignationId] = [d2].[Id]
INNER JOIN (
    SELECT [o].[Id], [o].[City], [o].[Country], [o].[CreatedAt], [o].[CreatedBy], [o].[IsActive], [o].[IsDeleted], [o].[OfficeCode], [o].[OfficeName], [o].[RowVersion], [o].[State], [o].[UpdatedAt], [o].[UpdatedBy]
    FROM [org].[Offices] AS [o]
    WHERE [o].[IsDeleted] = CAST(0 AS bit)
) AS [o0] ON [e].[OfficeId] = [o0].[Id]
INNER JOIN (
    SELECT [u].[Id], [u].[ConcurrencyStamp], [u].[CreatedAt], [u].[CreatedBy], [u].[Email], [u].[IsActive], [u].[IsDeleted], [u].[IsEmailConfirmed], [u].[NormalizedEmail], [u].[NormalizedUsername], [u].[PasswordHash], [u].[PhoneNumber], [u].[RoleId], [u].[RowVersion], [u].[SecurityStamp], [u].[UpdatedAt], [u].[UpdatedBy], [u].[Username]
    FROM [sec].[Users] AS [u]
    WHERE [u].[IsDeleted] = CAST(0 AS bit)
) AS [u0] ON [e].[UserId] = [u0].[Id]
WHERE [e].[IsDeleted] = CAST(0 AS bit) AND UPPER([e].[EmployeeCode]) = @__ToUpper_0 AND [e].[IsDeleted] = CAST(0 AS bit)
2026-08-03 16:15:47.400 +05:30 [INF] Executed DbCommand (2ms) [Parameters=[@p0='?' (Size = 4000), @p1='?' (DbType = DateTime2), @p2='?' (Size = 4000), @p3='?' (Size = 4000), @p4='?' (Size = 4000), @p5='?' (Size = 4000), @p6='?' (DbType = Int32)], CommandType='"Text"', CommandTimeout='30']
SET IMPLICIT_TRANSACTIONS OFF;
SET NOCOUNT ON;
INSERT INTO [adm].[ActivityLogs] ([Action], [CreatedAt], [Details], [IpAddress], [Role], [UserAgent], [UserId])
OUTPUT INSERTED.[Id]
VALUES (@p0, @p1, @p2, @p3, @p4, @p5, @p6);
2026-08-03 16:15:47.401 +05:30 [INF] Executing OkObjectResult, writing value of type '<>f__AnonymousType3`4[[System.Boolean, System.Private.CoreLib, Version=10.0.0.0, Culture=neutral, PublicKeyToken=7cec85d7bea7798e],[System.String, System.Private.CoreLib, Version=10.0.0.0, Culture=neutral, PublicKeyToken=7cec85d7bea7798e],[<>f__AnonymousType4`7[[System.Int32, System.Private.CoreLib, Version=10.0.0.0, Culture=neutral, PublicKeyToken=7cec85d7bea7798e],[System.String, System.Private.CoreLib, Version=10.0.0.0, Culture=neutral, PublicKeyToken=7cec85d7bea7798e],[System.String, System.Private.CoreLib, Version=10.0.0.0, Culture=neutral, PublicKeyToken=7cec85d7bea7798e],[System.String, System.Private.CoreLib, Version=10.0.0.0, Culture=neutral, PublicKeyToken=7cec85d7bea7798e],[System.String, System.Private.CoreLib, Version=10.0.0.0, Culture=neutral, PublicKeyToken=7cec85d7bea7798e],[System.String, System.Private.CoreLib, Version=10.0.0.0, Culture=neutral, PublicKeyToken=7cec85d7bea7798e],[System.String, System.Private.CoreLib, Version=10.0.0.0, Culture=neutral, PublicKeyToken=7cec85d7bea7798e]], LmsPortal.API, Version=1.0.0.0, Culture=neutral, PublicKeyToken=null],[System.String, System.Private.CoreLib, Version=10.0.0.0, Culture=neutral, PublicKeyToken=7cec85d7bea7798e]]'.
2026-08-03 16:15:47.403 +05:30 [INF] Executed action LmsPortal.API.Controllers.AuthController.LoginEmployee (LmsPortal.API) in 105.9942ms
2026-08-03 16:15:47.403 +05:30 [INF] Executed endpoint 'LmsPortal.API.Controllers.AuthController.LoginEmployee (LmsPortal.API)'
2026-08-03 16:15:47.404 +05:30 [INF] HTTP POST /api/auth/login/employee responded 200 in 111.6796 ms
2026-08-03 16:15:47.404 +05:30 [INF] Request finished HTTP/1.1 POST http://localhost:5000/api/auth/login/employee - 200 null application/json; charset=utf-8 112.2773ms
2026-08-03 16:15:55.954 +05:30 [INF] Request starting HTTP/1.1 POST http://localhost:5000/api/auth/login/hr - application/json 42
2026-08-03 16:15:55.954 +05:30 [INF] Executing endpoint 'LmsPortal.API.Controllers.AuthController.LoginHR (LmsPortal.API)'
2026-08-03 16:15:55.955 +05:30 [INF] Route matched with {action = "LoginHR", controller = "Auth"}. Executing controller action with signature System.Threading.Tasks.Task`1[Microsoft.AspNetCore.Mvc.IActionResult] LoginHR(LoginDto) on controller LmsPortal.API.Controllers.AuthController (LmsPortal.API).
2026-08-03 16:15:55.959 +05:30 [INF] Executed DbCommand (2ms) [Parameters=[@__ToUpper_0='?' (Size = 4000)], CommandType='"Text"', CommandTimeout='30']
SELECT TOP(1) [u].[Id], [u].[ConcurrencyStamp], [u].[CreatedAt], [u].[CreatedBy], [u].[Email], [u].[IsActive], [u].[IsDeleted], [u].[IsEmailConfirmed], [u].[NormalizedEmail], [u].[NormalizedUsername], [u].[PasswordHash], [u].[PhoneNumber], [u].[RoleId], [u].[RowVersion], [u].[SecurityStamp], [u].[UpdatedAt], [u].[UpdatedBy], [u].[Username], [r0].[Id], [r0].[CreatedAt], [r0].[CreatedBy], [r0].[Description], [r0].[IsDeleted], [r0].[NormalizedRoleName], [r0].[RoleName], [r0].[RowVersion], [r0].[UpdatedAt], [r0].[UpdatedBy]
FROM [sec].[Users] AS [u]
INNER JOIN (
    SELECT [r].[Id], [r].[CreatedAt], [r].[CreatedBy], [r].[Description], [r].[IsDeleted], [r].[NormalizedRoleName], [r].[RoleName], [r].[RowVersion], [r].[UpdatedAt], [r].[UpdatedBy]
    FROM [sec].[Roles] AS [r]
    WHERE [r].[IsDeleted] = CAST(0 AS bit)
) AS [r0] ON [u].[RoleId] = [r0].[Id]
WHERE [u].[IsDeleted] = CAST(0 AS bit) AND [u].[NormalizedUsername] = @__ToUpper_0 AND [u].[IsDeleted] = CAST(0 AS bit)
2026-08-03 16:15:56.098 +05:30 [INF] Executed DbCommand (2ms) [Parameters=[@p0='?' (Size = 4000), @p1='?' (DbType = DateTime2), @p2='?' (Size = 4000), @p3='?' (Size = 4000), @p4='?' (Size = 4000), @p5='?' (Size = 4000), @p6='?' (DbType = Int32)], CommandType='"Text"', CommandTimeout='30']
SET IMPLICIT_TRANSACTIONS OFF;
SET NOCOUNT ON;
INSERT INTO [adm].[ActivityLogs] ([Action], [CreatedAt], [Details], [IpAddress], [Role], [UserAgent], [UserId])
OUTPUT INSERTED.[Id]
VALUES (@p0, @p1, @p2, @p3, @p4, @p5, @p6);
2026-08-03 16:15:56.099 +05:30 [INF] Executing OkObjectResult, writing value of type '<>f__AnonymousType1`4[[System.Boolean, System.Private.CoreLib, Version=10.0.0.0, Culture=neutral, PublicKeyToken=7cec85d7bea7798e],[System.String, System.Private.CoreLib, Version=10.0.0.0, Culture=neutral, PublicKeyToken=7cec85d7bea7798e],[<>f__AnonymousType2`5[[System.Int32, System.Private.CoreLib, Version=10.0.0.0, Culture=neutral, PublicKeyToken=7cec85d7bea7798e],[System.String, System.Private.CoreLib, Version=10.0.0.0, Culture=neutral, PublicKeyToken=7cec85d7bea7798e],[System.String, System.Private.CoreLib, Version=10.0.0.0, Culture=neutral, PublicKeyToken=7cec85d7bea7798e],[System.String, System.Private.CoreLib, Version=10.0.0.0, Culture=neutral, PublicKeyToken=7cec85d7bea7798e],[System.String, System.Private.CoreLib, Version=10.0.0.0, Culture=neutral, PublicKeyToken=7cec85d7bea7798e]], LmsPortal.API, Version=1.0.0.0, Culture=neutral, PublicKeyToken=null],[System.String, System.Private.CoreLib, Version=10.0.0.0, Culture=neutral, PublicKeyToken=7cec85d7bea7798e]]'.
2026-08-03 16:15:56.099 +05:30 [INF] Executed action LmsPortal.API.Controllers.AuthController.LoginHR (LmsPortal.API) in 144.2592ms
2026-08-03 16:15:56.099 +05:30 [INF] Executed endpoint 'LmsPortal.API.Controllers.AuthController.LoginHR (LmsPortal.API)'
2026-08-03 16:15:56.099 +05:30 [INF] HTTP POST /api/auth/login/hr responded 200 in 144.8451 ms
2026-08-03 16:15:56.099 +05:30 [INF] Request finished HTTP/1.1 POST http://localhost:5000/api/auth/login/hr - 200 null application/json; charset=utf-8 145.3684ms
2026-08-03 16:15:56.112 +05:30 [INF] Request starting HTTP/1.1 POST http://localhost:5000/api/departments - application/json 116
2026-08-03 16:15:56.114 +05:30 [INF] Executing endpoint 'LmsPortal.API.Controllers.DepartmentsController.UpsertDepartment (LmsPortal.API)'
2026-08-03 16:15:56.120 +05:30 [INF] Route matched with {action = "UpsertDepartment", controller = "Departments"}. Executing controller action with signature System.Threading.Tasks.Task`1[Microsoft.AspNetCore.Mvc.IActionResult] UpsertDepartment(UpsertDepartmentDto) on controller LmsPortal.API.Controllers.DepartmentsController (LmsPortal.API).
2026-08-03 16:15:56.138 +05:30 [INF] Executed DbCommand (5ms) [Parameters=[@p0='?' (DbType = DateTime2), @p1='?' (Size = 4000), @p2='?' (Size = 4000), @p3='?' (Size = 4000), @p4='?' (Size = 4000), @p5='?' (DbType = Boolean), @p6='?' (DbType = Boolean), @p7='?' (DbType = DateTime2), @p8='?' (Size = 4000)], CommandType='"Text"', CommandTimeout='30']
SET IMPLICIT_TRANSACTIONS OFF;
SET NOCOUNT ON;
INSERT INTO [org].[Departments] ([CreatedAt], [CreatedBy], [DepartmentCode], [DepartmentName], [Description], [IsActive], [IsDeleted], [UpdatedAt], [UpdatedBy])
OUTPUT INSERTED.[Id], INSERTED.[RowVersion]
VALUES (@p0, @p1, @p2, @p3, @p4, @p5, @p6, @p7, @p8);
2026-08-03 16:15:56.149 +05:30 [INF] Executed DbCommand (6ms) [Parameters=[@p1='?' (DbType = Int32), @p0='?' (Size = 4000), @p2='?' (Size = 8) (DbType = Binary)], CommandType='"Text"', CommandTimeout='30']
SET IMPLICIT_TRANSACTIONS OFF;
SET NOCOUNT ON;
UPDATE [org].[Departments] SET [DepartmentCode] = @p0
OUTPUT INSERTED.[RowVersion]
WHERE [Id] = @p1 AND [RowVersion] = @p2;
2026-08-03 16:15:56.150 +05:30 [INF] Executing OkObjectResult, writing value of type '<>f__AnonymousType11`3[[System.Boolean, System.Private.CoreLib, Version=10.0.0.0, Culture=neutral, PublicKeyToken=7cec85d7bea7798e],[LmsPortal.Core.Entities.Department, LmsPortal.Core, Version=1.0.0.0, Culture=neutral, PublicKeyToken=null],[System.String, System.Private.CoreLib, Version=10.0.0.0, Culture=neutral, PublicKeyToken=7cec85d7bea7798e]]'.
2026-08-03 16:15:56.152 +05:30 [INF] Executed action LmsPortal.API.Controllers.DepartmentsController.UpsertDepartment (LmsPortal.API) in 31.4954ms
2026-08-03 16:15:56.152 +05:30 [INF] Executed endpoint 'LmsPortal.API.Controllers.DepartmentsController.UpsertDepartment (LmsPortal.API)'
2026-08-03 16:15:56.152 +05:30 [INF] HTTP POST /api/departments responded 200 in 40.1348 ms
2026-08-03 16:15:56.153 +05:30 [INF] Request finished HTTP/1.1 POST http://localhost:5000/api/departments - 200 null application/json; charset=utf-8 40.4742ms
2026-08-03 16:18:10.267 +05:30 [INF] Request starting HTTP/1.1 POST http://localhost:5000/api/employees - application/json 277
2026-08-03 16:18:10.270 +05:30 [INF] Executing endpoint 'LmsPortal.API.Controllers.EmployeesController.UpsertEmployee (LmsPortal.API)'
2026-08-03 16:18:10.270 +05:30 [INF] Route matched with {action = "UpsertEmployee", controller = "Employees"}. Executing controller action with signature System.Threading.Tasks.Task`1[Microsoft.AspNetCore.Mvc.IActionResult] UpsertEmployee(UpsertEmployeeDto) on controller LmsPortal.API.Controllers.EmployeesController (LmsPortal.API).
2026-08-03 16:18:10.289 +05:30 [INF] Executed DbCommand (8ms) [Parameters=[@__cleanEmpCode_0='?' (Size = 4000)], CommandType='"Text"', CommandTimeout='30']
SELECT CASE
    WHEN EXISTS (
        SELECT 1
        FROM [emp].[Employees] AS [e]
        WHERE [e].[IsDeleted] = CAST(0 AS bit) AND [e].[IsDeleted] = CAST(0 AS bit) AND UPPER([e].[EmployeeCode]) = @__cleanEmpCode_0) THEN CAST(1 AS bit)
    ELSE CAST(0 AS bit)
END
2026-08-03 16:18:10.298 +05:30 [INF] Executed DbCommand (5ms) [Parameters=[@__cleanEmail_0='?' (Size = 4000)], CommandType='"Text"', CommandTimeout='30']
SELECT CASE
    WHEN EXISTS (
        SELECT 1
        FROM [emp].[Employees] AS [e]
        WHERE [e].[IsDeleted] = CAST(0 AS bit) AND [e].[IsDeleted] = CAST(0 AS bit) AND LOWER([e].[OfficialEmail]) = @__cleanEmail_0) THEN CAST(1 AS bit)
    ELSE CAST(0 AS bit)
END
2026-08-03 16:18:10.302 +05:30 [INF] Executed DbCommand (2ms) [Parameters=[@__dto_DepartmentId_0='?' (DbType = Int32)], CommandType='"Text"', CommandTimeout='30']
SELECT CASE
    WHEN EXISTS (
        SELECT 1
        FROM [org].[Departments] AS [d]
        WHERE [d].[IsDeleted] = CAST(0 AS bit) AND [d].[Id] = @__dto_DepartmentId_0 AND [d].[IsDeleted] = CAST(0 AS bit)) THEN CAST(1 AS bit)
    ELSE CAST(0 AS bit)
END
2026-08-03 16:18:10.314 +05:30 [INF] Executed DbCommand (10ms) [Parameters=[@__dto_DesignationId_0='?' (DbType = Int32)], CommandType='"Text"', CommandTimeout='30']
SELECT CASE
    WHEN EXISTS (
        SELECT 1
        FROM [org].[Designations] AS [d]
        WHERE [d].[IsDeleted] = CAST(0 AS bit) AND [d].[Id] = @__dto_DesignationId_0 AND [d].[IsDeleted] = CAST(0 AS bit)) THEN CAST(1 AS bit)
    ELSE CAST(0 AS bit)
END
2026-08-03 16:18:10.320 +05:30 [INF] Executed DbCommand (2ms) [Parameters=[@__dto_OfficeId_0='?' (DbType = Int32)], CommandType='"Text"', CommandTimeout='30']
SELECT CASE
    WHEN EXISTS (
        SELECT 1
        FROM [org].[Offices] AS [o]
        WHERE [o].[IsDeleted] = CAST(0 AS bit) AND [o].[Id] = @__dto_OfficeId_0 AND [o].[IsDeleted] = CAST(0 AS bit)) THEN CAST(1 AS bit)
    ELSE CAST(0 AS bit)
END
2026-08-03 16:18:10.329 +05:30 [INF] Executed DbCommand (5ms) [Parameters=[], CommandType='"Text"', CommandTimeout='30']
SELECT TOP(1) [r].[Id], [r].[CreatedAt], [r].[CreatedBy], [r].[Description], [r].[IsDeleted], [r].[NormalizedRoleName], [r].[RoleName], [r].[RowVersion], [r].[UpdatedAt], [r].[UpdatedBy]
FROM [sec].[Roles] AS [r]
WHERE [r].[IsDeleted] = CAST(0 AS bit) AND [r].[NormalizedRoleName] = N'EMPLOYEE'
2026-08-03 16:18:10.357 +05:30 [INF] Executed DbCommand (19ms) [Parameters=[@p0='?' (Size = 4000), @p1='?' (DbType = DateTime2), @p2='?' (Size = 4000), @p3='?' (Size = 4000), @p4='?' (DbType = Boolean), @p5='?' (DbType = Boolean), @p6='?' (DbType = Boolean), @p7='?' (Size = 4000), @p8='?' (Size = 4000), @p9='?' (Size = 4000), @p10='?' (Size = 4000), @p11='?' (DbType = Int32), @p12='?' (Size = 4000), @p13='?' (DbType = DateTime2), @p14='?' (Size = 4000), @p15='?' (Size = 4000)], CommandType='"Text"', CommandTimeout='30']
SET IMPLICIT_TRANSACTIONS OFF;
SET NOCOUNT ON;
INSERT INTO [sec].[Users] ([ConcurrencyStamp], [CreatedAt], [CreatedBy], [Email], [IsActive], [IsDeleted], [IsEmailConfirmed], [NormalizedEmail], [NormalizedUsername], [PasswordHash], [PhoneNumber], [RoleId], [SecurityStamp], [UpdatedAt], [UpdatedBy], [Username])
OUTPUT INSERTED.[Id], INSERTED.[RowVersion]
VALUES (@p0, @p1, @p2, @p3, @p4, @p5, @p6, @p7, @p8, @p9, @p10, @p11, @p12, @p13, @p14, @p15);
2026-08-03 16:18:10.370 +05:30 [INF] Executed DbCommand (8ms) [Parameters=[@p0='?' (DbType = DateTime2), @p1='?' (Size = 4000), @p2='?' (DbType = Int32), @p3='?' (DbType = Int32), @p4='?' (Size = 4000), @p5='?' (Size = 4000), @p6='?' (Size = 4000), @p7='?' (DbType = Boolean), @p8='?' (DbType = Boolean), @p9='?' (DbType = DateTime2), @p10='?' (Size = 4000), @p11='?' (Size = 4000), @p12='?' (DbType = Int32), @p13='?' (Size = 4000), @p14='?' (DbType = DateTime2), @p15='?' (Size = 4000), @p16='?' (DbType = Int32)], CommandType='"Text"', CommandTimeout='30']
SET IMPLICIT_TRANSACTIONS OFF;
SET NOCOUNT ON;
INSERT INTO [emp].[Employees] ([CreatedAt], [CreatedBy], [DepartmentId], [DesignationId], [EmployeeCode], [EmploymentStatus], [FirstName], [IsDeleted], [IsMasterTester], [JoiningDate], [LastName], [MiddleName], [OfficeId], [OfficialEmail], [UpdatedAt], [UpdatedBy], [UserId])
OUTPUT INSERTED.[Id], INSERTED.[RowVersion]
VALUES (@p0, @p1, @p2, @p3, @p4, @p5, @p6, @p7, @p8, @p9, @p10, @p11, @p12, @p13, @p14, @p15, @p16);
2026-08-03 16:18:10.374 +05:30 [INF] Executing OkObjectResult, writing value of type '<>f__AnonymousType11`3[[System.Boolean, System.Private.CoreLib, Version=10.0.0.0, Culture=neutral, PublicKeyToken=7cec85d7bea7798e],[<>f__AnonymousType13`11[[System.Int32, System.Private.CoreLib, Version=10.0.0.0, Culture=neutral, PublicKeyToken=7cec85d7bea7798e],[System.String, System.Private.CoreLib, Version=10.0.0.0, Culture=neutral, PublicKeyToken=7cec85d7bea7798e],[System.String, System.Private.CoreLib, Version=10.0.0.0, Culture=neutral, PublicKeyToken=7cec85d7bea7798e],[System.String, System.Private.CoreLib, Version=10.0.0.0, Culture=neutral, PublicKeyToken=7cec85d7bea7798e],[System.String, System.Private.CoreLib, Version=10.0.0.0, Culture=neutral, PublicKeyToken=7cec85d7bea7798e],[System.Int32, System.Private.CoreLib, Version=10.0.0.0, Culture=neutral, PublicKeyToken=7cec85d7bea7798e],[System.Int32, System.Private.CoreLib, Version=10.0.0.0, Culture=neutral, PublicKeyToken=7cec85d7bea7798e],[System.Int32, System.Private.CoreLib, Version=10.0.0.0, Culture=neutral, PublicKeyToken=7cec85d7bea7798e],[System.DateTime, System.Private.CoreLib, Version=10.0.0.0, Culture=neutral, PublicKeyToken=7cec85d7bea7798e],[System.String, System.Private.CoreLib, Version=10.0.0.0, Culture=neutral, PublicKeyToken=7cec85d7bea7798e],[System.Boolean, System.Private.CoreLib, Version=10.0.0.0, Culture=neutral, PublicKeyToken=7cec85d7bea7798e]], LmsPortal.API, Version=1.0.0.0, Culture=neutral, PublicKeyToken=null],[System.String, System.Private.CoreLib, Version=10.0.0.0, Culture=neutral, PublicKeyToken=7cec85d7bea7798e]]'.
2026-08-03 16:18:10.376 +05:30 [INF] Executed action LmsPortal.API.Controllers.EmployeesController.UpsertEmployee (LmsPortal.API) in 106.3537ms
2026-08-03 16:18:10.377 +05:30 [INF] Executed endpoint 'LmsPortal.API.Controllers.EmployeesController.UpsertEmployee (LmsPortal.API)'
2026-08-03 16:18:10.377 +05:30 [INF] HTTP POST /api/employees responded 200 in 109.2984 ms
2026-08-03 16:18:10.378 +05:30 [INF] Request finished HTTP/1.1 POST http://localhost:5000/api/employees - 200 null application/json; charset=utf-8 110.7228ms
2026-08-03 16:18:10.747 +05:30 [INF] Request starting HTTP/1.1 GET http://localhost:5000/api/employees?page=1&pageSize=10 - null null
2026-08-03 16:18:10.749 +05:30 [INF] Executing endpoint 'LmsPortal.API.Controllers.EmployeesController.GetEmployees (LmsPortal.API)'
2026-08-03 16:18:10.749 +05:30 [INF] Route matched with {action = "GetEmployees", controller = "Employees"}. Executing controller action with signature System.Threading.Tasks.Task`1[Microsoft.AspNetCore.Mvc.IActionResult] GetEmployees(System.String, System.Nullable`1[System.Int32], System.String, Int32, Int32) on controller LmsPortal.API.Controllers.EmployeesController (LmsPortal.API).
2026-08-03 16:18:10.768 +05:30 [INF] Executed DbCommand (9ms) [Parameters=[], CommandType='"Text"', CommandTimeout='30']
SELECT COUNT(*)
FROM [emp].[Employees] AS [e]
WHERE [e].[IsDeleted] = CAST(0 AS bit)
2026-08-03 16:18:10.774 +05:30 [INF] Executed DbCommand (3ms) [Parameters=[@__p_0='?' (DbType = Int32), @__p_1='?' (DbType = Int32)], CommandType='"Text"', CommandTimeout='30']
SELECT [e0].[Id], [e0].[CreatedAt], [e0].[CreatedBy], [e0].[DepartmentId], [e0].[DesignationId], [e0].[EmployeeCode], [e0].[EmploymentStatus], [e0].[FirstName], [e0].[IsDeleted], [e0].[IsMasterTester], [e0].[JoiningDate], [e0].[LastName], [e0].[MiddleName], [e0].[OfficeId], [e0].[OfficialEmail], [e0].[RowVersion], [e0].[UpdatedAt], [e0].[UpdatedBy], [e0].[UserId], [d0].[Id], [d0].[CreatedAt], [d0].[CreatedBy], [d0].[DepartmentCode], [d0].[DepartmentName], [d0].[Description], [d0].[IsActive], [d0].[IsDeleted], [d0].[RowVersion], [d0].[UpdatedAt], [d0].[UpdatedBy], [d2].[Id], [d2].[CreatedAt], [d2].[CreatedBy], [d2].[DesignationCode], [d2].[GradeLevel], [d2].[IsActive], [d2].[IsDeleted], [d2].[RowVersion], [d2].[Title], [d2].[UpdatedAt], [d2].[UpdatedBy], [o0].[Id], [o0].[City], [o0].[Country], [o0].[CreatedAt], [o0].[CreatedBy], [o0].[IsActive], [o0].[IsDeleted], [o0].[OfficeCode], [o0].[OfficeName], [o0].[RowVersion], [o0].[State], [o0].[UpdatedAt], [o0].[UpdatedBy]
FROM (
    SELECT [e].[Id], [e].[CreatedAt], [e].[CreatedBy], [e].[DepartmentId], [e].[DesignationId], [e].[EmployeeCode], [e].[EmploymentStatus], [e].[FirstName], [e].[IsDeleted], [e].[IsMasterTester], [e].[JoiningDate], [e].[LastName], [e].[MiddleName], [e].[OfficeId], [e].[OfficialEmail], [e].[RowVersion], [e].[UpdatedAt], [e].[UpdatedBy], [e].[UserId]
    FROM [emp].[Employees] AS [e]
    WHERE [e].[IsDeleted] = CAST(0 AS bit)
    ORDER BY [e].[CreatedAt] DESC
    OFFSET @__p_0 ROWS FETCH NEXT @__p_1 ROWS ONLY
) AS [e0]
INNER JOIN (
    SELECT [d].[Id], [d].[CreatedAt], [d].[CreatedBy], [d].[DepartmentCode], [d].[DepartmentName], [d].[Description], [d].[IsActive], [d].[IsDeleted], [d].[RowVersion], [d].[UpdatedAt], [d].[UpdatedBy]
    FROM [org].[Departments] AS [d]
    WHERE [d].[IsDeleted] = CAST(0 AS bit)
) AS [d0] ON [e0].[DepartmentId] = [d0].[Id]
INNER JOIN (
    SELECT [d1].[Id], [d1].[CreatedAt], [d1].[CreatedBy], [d1].[DesignationCode], [d1].[GradeLevel], [d1].[IsActive], [d1].[IsDeleted], [d1].[RowVersion], [d1].[Title], [d1].[UpdatedAt], [d1].[UpdatedBy]
    FROM [org].[Designations] AS [d1]
    WHERE [d1].[IsDeleted] = CAST(0 AS bit)
) AS [d2] ON [e0].[DesignationId] = [d2].[Id]
INNER JOIN (
    SELECT [o].[Id], [o].[City], [o].[Country], [o].[CreatedAt], [o].[CreatedBy], [o].[IsActive], [o].[IsDeleted], [o].[OfficeCode], [o].[OfficeName], [o].[RowVersion], [o].[State], [o].[UpdatedAt], [o].[UpdatedBy]
    FROM [org].[Offices] AS [o]
    WHERE [o].[IsDeleted] = CAST(0 AS bit)
) AS [o0] ON [e0].[OfficeId] = [o0].[Id]
ORDER BY [e0].[CreatedAt] DESC
2026-08-03 16:18:10.783 +05:30 [INF] Executing OkObjectResult, writing value of type '<>f__AnonymousType12`6[[System.Boolean, System.Private.CoreLib, Version=10.0.0.0, Culture=neutral, PublicKeyToken=7cec85d7bea7798e],[System.Collections.Generic.List`1[[LmsPortal.Core.Entities.Employee, LmsPortal.Core, Version=1.0.0.0, Culture=neutral, PublicKeyToken=null]], System.Private.CoreLib, Version=10.0.0.0, Culture=neutral, PublicKeyToken=7cec85d7bea7798e],[System.Int32, System.Private.CoreLib, Version=10.0.0.0, Culture=neutral, PublicKeyToken=7cec85d7bea7798e],[System.Int32, System.Private.CoreLib, Version=10.0.0.0, Culture=neutral, PublicKeyToken=7cec85d7bea7798e],[System.Int32, System.Private.CoreLib, Version=10.0.0.0, Culture=neutral, PublicKeyToken=7cec85d7bea7798e],[System.Int32, System.Private.CoreLib, Version=10.0.0.0, Culture=neutral, PublicKeyToken=7cec85d7bea7798e]]'.
2026-08-03 16:18:10.787 +05:30 [INF] Executed action LmsPortal.API.Controllers.EmployeesController.GetEmployees (LmsPortal.API) in 37.9001ms
2026-08-03 16:18:10.788 +05:30 [INF] Executed endpoint 'LmsPortal.API.Controllers.EmployeesController.GetEmployees (LmsPortal.API)'
2026-08-03 16:18:10.788 +05:30 [INF] HTTP GET /api/employees responded 200 in 38.9291 ms
2026-08-03 16:18:10.788 +05:30 [INF] Request finished HTTP/1.1 GET http://localhost:5000/api/employees?page=1&pageSize=10 - 200 null application/json; charset=utf-8 40.2335ms
2026-08-03 16:19:40.826 +05:30 [INF] Request starting HTTP/1.1 GET http://localhost:5000/swagger/index.html - null null
2026-08-03 16:19:40.877 +05:30 [INF] Request finished HTTP/1.1 GET http://localhost:5000/swagger/index.html - 200 null text/html;charset=utf-8 50.1179ms
2026-08-03 16:19:40.892 +05:30 [INF] Request starting HTTP/1.1 GET http://localhost:5000/swagger/index.js - null null
2026-08-03 16:19:40.894 +05:30 [INF] Request finished HTTP/1.1 GET http://localhost:5000/swagger/index.js - 200 null application/javascript;charset=utf-8 1.8795ms
2026-08-03 16:19:41.004 +05:30 [INF] Request starting HTTP/1.1 GET http://localhost:5000/swagger/v1/swagger.json - null null
2026-08-03 16:19:41.125 +05:30 [INF] Request finished HTTP/1.1 GET http://localhost:5000/swagger/v1/swagger.json - 200 null application/json;charset=utf-8 120.1308ms
2026-08-03 16:19:52.626 +05:30 [INF] Request starting HTTP/1.1 POST http://localhost:5000/api/Auth/login/employee - application/json 26
2026-08-03 16:19:52.630 +05:30 [INF] CORS policy execution failed.
2026-08-03 16:19:52.630 +05:30 [INF] Request origin http://localhost:5000 does not have permission to access the resource.
2026-08-03 16:19:52.631 +05:30 [INF] Executing endpoint 'LmsPortal.API.Controllers.AuthController.LoginEmployee (LmsPortal.API)'
2026-08-03 16:19:52.631 +05:30 [INF] Route matched with {action = "LoginEmployee", controller = "Auth"}. Executing controller action with signature System.Threading.Tasks.Task`1[Microsoft.AspNetCore.Mvc.IActionResult] LoginEmployee(EmployeeLoginDto) on controller LmsPortal.API.Controllers.AuthController (LmsPortal.API).
2026-08-03 16:19:52.635 +05:30 [INF] Executed DbCommand (2ms) [Parameters=[@__ToUpper_0='?' (Size = 4000)], CommandType='"Text"', CommandTimeout='30']
SELECT TOP(1) [e].[Id], [e].[CreatedAt], [e].[CreatedBy], [e].[DepartmentId], [e].[DesignationId], [e].[EmployeeCode], [e].[EmploymentStatus], [e].[FirstName], [e].[IsDeleted], [e].[IsMasterTester], [e].[JoiningDate], [e].[LastName], [e].[MiddleName], [e].[OfficeId], [e].[OfficialEmail], [e].[RowVersion], [e].[UpdatedAt], [e].[UpdatedBy], [e].[UserId], [d0].[Id], [d0].[CreatedAt], [d0].[CreatedBy], [d0].[DepartmentCode], [d0].[DepartmentName], [d0].[Description], [d0].[IsActive], [d0].[IsDeleted], [d0].[RowVersion], [d0].[UpdatedAt], [d0].[UpdatedBy], [d2].[Id], [d2].[CreatedAt], [d2].[CreatedBy], [d2].[DesignationCode], [d2].[GradeLevel], [d2].[IsActive], [d2].[IsDeleted], [d2].[RowVersion], [d2].[Title], [d2].[UpdatedAt], [d2].[UpdatedBy], [o0].[Id], [o0].[City], [o0].[Country], [o0].[CreatedAt], [o0].[CreatedBy], [o0].[IsActive], [o0].[IsDeleted], [o0].[OfficeCode], [o0].[OfficeName], [o0].[RowVersion], [o0].[State], [o0].[UpdatedAt], [o0].[UpdatedBy], [u0].[Id], [u0].[ConcurrencyStamp], [u0].[CreatedAt], [u0].[CreatedBy], [u0].[Email], [u0].[IsActive], [u0].[IsDeleted], [u0].[IsEmailConfirmed], [u0].[NormalizedEmail], [u0].[NormalizedUsername], [u0].[PasswordHash], [u0].[PhoneNumber], [u0].[RoleId], [u0].[RowVersion], [u0].[SecurityStamp], [u0].[UpdatedAt], [u0].[UpdatedBy], [u0].[Username]
FROM [emp].[Employees] AS [e]
INNER JOIN (
    SELECT [d].[Id], [d].[CreatedAt], [d].[CreatedBy], [d].[DepartmentCode], [d].[DepartmentName], [d].[Description], [d].[IsActive], [d].[IsDeleted], [d].[RowVersion], [d].[UpdatedAt], [d].[UpdatedBy]
    FROM [org].[Departments] AS [d]
    WHERE [d].[IsDeleted] = CAST(0 AS bit)
) AS [d0] ON [e].[DepartmentId] = [d0].[Id]
INNER JOIN (
    SELECT [d1].[Id], [d1].[CreatedAt], [d1].[CreatedBy], [d1].[DesignationCode], [d1].[GradeLevel], [d1].[IsActive], [d1].[IsDeleted], [d1].[RowVersion], [d1].[Title], [d1].[UpdatedAt], [d1].[UpdatedBy]
    FROM [org].[Designations] AS [d1]
    WHERE [d1].[IsDeleted] = CAST(0 AS bit)
) AS [d2] ON [e].[DesignationId] = [d2].[Id]
INNER JOIN (
    SELECT [o].[Id], [o].[City], [o].[Country], [o].[CreatedAt], [o].[CreatedBy], [o].[IsActive], [o].[IsDeleted], [o].[OfficeCode], [o].[OfficeName], [o].[RowVersion], [o].[State], [o].[UpdatedAt], [o].[UpdatedBy]
    FROM [org].[Offices] AS [o]
    WHERE [o].[IsDeleted] = CAST(0 AS bit)
) AS [o0] ON [e].[OfficeId] = [o0].[Id]
INNER JOIN (
    SELECT [u].[Id], [u].[ConcurrencyStamp], [u].[CreatedAt], [u].[CreatedBy], [u].[Email], [u].[IsActive], [u].[IsDeleted], [u].[IsEmailConfirmed], [u].[NormalizedEmail], [u].[NormalizedUsername], [u].[PasswordHash], [u].[PhoneNumber], [u].[RoleId], [u].[RowVersion], [u].[SecurityStamp], [u].[UpdatedAt], [u].[UpdatedBy], [u].[Username]
    FROM [sec].[Users] AS [u]
    WHERE [u].[IsDeleted] = CAST(0 AS bit)
) AS [u0] ON [e].[UserId] = [u0].[Id]
WHERE [e].[IsDeleted] = CAST(0 AS bit) AND UPPER([e].[EmployeeCode]) = @__ToUpper_0 AND [e].[IsDeleted] = CAST(0 AS bit)
2026-08-03 16:19:52.637 +05:30 [INF] Executing UnauthorizedObjectResult, writing value of type '<>f__AnonymousType0`2[[System.Boolean, System.Private.CoreLib, Version=10.0.0.0, Culture=neutral, PublicKeyToken=7cec85d7bea7798e],[System.String, System.Private.CoreLib, Version=10.0.0.0, Culture=neutral, PublicKeyToken=7cec85d7bea7798e]]'.
2026-08-03 16:19:52.639 +05:30 [INF] Executed action LmsPortal.API.Controllers.AuthController.LoginEmployee (LmsPortal.API) in 7.8754ms
2026-08-03 16:19:52.639 +05:30 [INF] Executed endpoint 'LmsPortal.API.Controllers.AuthController.LoginEmployee (LmsPortal.API)'
2026-08-03 16:19:52.639 +05:30 [INF] HTTP POST /api/Auth/login/employee responded 401 in 13.3107 ms
2026-08-03 16:19:52.639 +05:30 [INF] Request finished HTTP/1.1 POST http://localhost:5000/api/Auth/login/employee - 401 null application/json; charset=utf-8 13.5917ms
2026-08-03 16:20:03.867 +05:30 [INF] Request starting HTTP/1.1 POST http://localhost:5000/api/Auth/login/employee - application/json 29
2026-08-03 16:20:03.867 +05:30 [INF] CORS policy execution failed.
2026-08-03 16:20:03.867 +05:30 [INF] Request origin http://localhost:5000 does not have permission to access the resource.
2026-08-03 16:20:03.867 +05:30 [INF] Executing endpoint 'LmsPortal.API.Controllers.AuthController.LoginEmployee (LmsPortal.API)'
2026-08-03 16:20:03.867 +05:30 [INF] Route matched with {action = "LoginEmployee", controller = "Auth"}. Executing controller action with signature System.Threading.Tasks.Task`1[Microsoft.AspNetCore.Mvc.IActionResult] LoginEmployee(EmployeeLoginDto) on controller LmsPortal.API.Controllers.AuthController (LmsPortal.API).
2026-08-03 16:20:03.871 +05:30 [INF] Executed DbCommand (2ms) [Parameters=[@__ToUpper_0='?' (Size = 4000)], CommandType='"Text"', CommandTimeout='30']
SELECT TOP(1) [e].[Id], [e].[CreatedAt], [e].[CreatedBy], [e].[DepartmentId], [e].[DesignationId], [e].[EmployeeCode], [e].[EmploymentStatus], [e].[FirstName], [e].[IsDeleted], [e].[IsMasterTester], [e].[JoiningDate], [e].[LastName], [e].[MiddleName], [e].[OfficeId], [e].[OfficialEmail], [e].[RowVersion], [e].[UpdatedAt], [e].[UpdatedBy], [e].[UserId], [d0].[Id], [d0].[CreatedAt], [d0].[CreatedBy], [d0].[DepartmentCode], [d0].[DepartmentName], [d0].[Description], [d0].[IsActive], [d0].[IsDeleted], [d0].[RowVersion], [d0].[UpdatedAt], [d0].[UpdatedBy], [d2].[Id], [d2].[CreatedAt], [d2].[CreatedBy], [d2].[DesignationCode], [d2].[GradeLevel], [d2].[IsActive], [d2].[IsDeleted], [d2].[RowVersion], [d2].[Title], [d2].[UpdatedAt], [d2].[UpdatedBy], [o0].[Id], [o0].[City], [o0].[Country], [o0].[CreatedAt], [o0].[CreatedBy], [o0].[IsActive], [o0].[IsDeleted], [o0].[OfficeCode], [o0].[OfficeName], [o0].[RowVersion], [o0].[State], [o0].[UpdatedAt], [o0].[UpdatedBy], [u0].[Id], [u0].[ConcurrencyStamp], [u0].[CreatedAt], [u0].[CreatedBy], [u0].[Email], [u0].[IsActive], [u0].[IsDeleted], [u0].[IsEmailConfirmed], [u0].[NormalizedEmail], [u0].[NormalizedUsername], [u0].[PasswordHash], [u0].[PhoneNumber], [u0].[RoleId], [u0].[RowVersion], [u0].[SecurityStamp], [u0].[UpdatedAt], [u0].[UpdatedBy], [u0].[Username]
FROM [emp].[Employees] AS [e]
INNER JOIN (
    SELECT [d].[Id], [d].[CreatedAt], [d].[CreatedBy], [d].[DepartmentCode], [d].[DepartmentName], [d].[Description], [d].[IsActive], [d].[IsDeleted], [d].[RowVersion], [d].[UpdatedAt], [d].[UpdatedBy]
    FROM [org].[Departments] AS [d]
    WHERE [d].[IsDeleted] = CAST(0 AS bit)
) AS [d0] ON [e].[DepartmentId] = [d0].[Id]
INNER JOIN (
    SELECT [d1].[Id], [d1].[CreatedAt], [d1].[CreatedBy], [d1].[DesignationCode], [d1].[GradeLevel], [d1].[IsActive], [d1].[IsDeleted], [d1].[RowVersion], [d1].[Title], [d1].[UpdatedAt], [d1].[UpdatedBy]
    FROM [org].[Designations] AS [d1]
    WHERE [d1].[IsDeleted] = CAST(0 AS bit)
) AS [d2] ON [e].[DesignationId] = [d2].[Id]
INNER JOIN (
    SELECT [o].[Id], [o].[City], [o].[Country], [o].[CreatedAt], [o].[CreatedBy], [o].[IsActive], [o].[IsDeleted], [o].[OfficeCode], [o].[OfficeName], [o].[RowVersion], [o].[State], [o].[UpdatedAt], [o].[UpdatedBy]
    FROM [org].[Offices] AS [o]
    WHERE [o].[IsDeleted] = CAST(0 AS bit)
) AS [o0] ON [e].[OfficeId] = [o0].[Id]
INNER JOIN (
    SELECT [u].[Id], [u].[ConcurrencyStamp], [u].[CreatedAt], [u].[CreatedBy], [u].[Email], [u].[IsActive], [u].[IsDeleted], [u].[IsEmailConfirmed], [u].[NormalizedEmail], [u].[NormalizedUsername], [u].[PasswordHash], [u].[PhoneNumber], [u].[RoleId], [u].[RowVersion], [u].[SecurityStamp], [u].[UpdatedAt], [u].[UpdatedBy], [u].[Username]
    FROM [sec].[Users] AS [u]
    WHERE [u].[IsDeleted] = CAST(0 AS bit)
) AS [u0] ON [e].[UserId] = [u0].[Id]
WHERE [e].[IsDeleted] = CAST(0 AS bit) AND UPPER([e].[EmployeeCode]) = @__ToUpper_0 AND [e].[IsDeleted] = CAST(0 AS bit)
2026-08-03 16:20:03.879 +05:30 [INF] Executed DbCommand (4ms) [Parameters=[@p0='?' (Size = 4000), @p1='?' (DbType = DateTime2), @p2='?' (Size = 4000), @p3='?' (Size = 4000), @p4='?' (Size = 4000), @p5='?' (Size = 4000), @p6='?' (DbType = Int32)], CommandType='"Text"', CommandTimeout='30']
SET IMPLICIT_TRANSACTIONS OFF;
SET NOCOUNT ON;
INSERT INTO [adm].[ActivityLogs] ([Action], [CreatedAt], [Details], [IpAddress], [Role], [UserAgent], [UserId])
OUTPUT INSERTED.[Id]
VALUES (@p0, @p1, @p2, @p3, @p4, @p5, @p6);
2026-08-03 16:20:03.880 +05:30 [INF] Executing OkObjectResult, writing value of type '<>f__AnonymousType3`4[[System.Boolean, System.Private.CoreLib, Version=10.0.0.0, Culture=neutral, PublicKeyToken=7cec85d7bea7798e],[System.String, System.Private.CoreLib, Version=10.0.0.0, Culture=neutral, PublicKeyToken=7cec85d7bea7798e],[<>f__AnonymousType4`7[[System.Int32, System.Private.CoreLib, Version=10.0.0.0, Culture=neutral, PublicKeyToken=7cec85d7bea7798e],[System.String, System.Private.CoreLib, Version=10.0.0.0, Culture=neutral, PublicKeyToken=7cec85d7bea7798e],[System.String, System.Private.CoreLib, Version=10.0.0.0, Culture=neutral, PublicKeyToken=7cec85d7bea7798e],[System.String, System.Private.CoreLib, Version=10.0.0.0, Culture=neutral, PublicKeyToken=7cec85d7bea7798e],[System.String, System.Private.CoreLib, Version=10.0.0.0, Culture=neutral, PublicKeyToken=7cec85d7bea7798e],[System.String, System.Private.CoreLib, Version=10.0.0.0, Culture=neutral, PublicKeyToken=7cec85d7bea7798e],[System.String, System.Private.CoreLib, Version=10.0.0.0, Culture=neutral, PublicKeyToken=7cec85d7bea7798e]], LmsPortal.API, Version=1.0.0.0, Culture=neutral, PublicKeyToken=null],[System.String, System.Private.CoreLib, Version=10.0.0.0, Culture=neutral, PublicKeyToken=7cec85d7bea7798e]]'.
2026-08-03 16:20:03.880 +05:30 [INF] Executed action LmsPortal.API.Controllers.AuthController.LoginEmployee (LmsPortal.API) in 13.0174ms
2026-08-03 16:20:03.881 +05:30 [INF] Executed endpoint 'LmsPortal.API.Controllers.AuthController.LoginEmployee (LmsPortal.API)'
2026-08-03 16:20:03.881 +05:30 [INF] HTTP POST /api/Auth/login/employee responded 200 in 13.8986 ms
2026-08-03 16:20:03.882 +05:30 [INF] Request finished HTTP/1.1 POST http://localhost:5000/api/Auth/login/employee - 200 null application/json; charset=utf-8 15.5999ms
2026-08-03 16:22:12.864 +05:30 [INF] User profile is available. Using 'C:\Users\kaustubh.bhatlawande\AppData\Local\ASP.NET\DataProtection-Keys' as key repository and Windows DPAPI to encrypt keys at rest.
2026-08-03 16:22:12.967 +05:30 [INF] Now listening on: http://localhost:5000
2026-08-03 16:22:12.969 +05:30 [INF] Application started. Press Ctrl+C to shut down.
2026-08-03 16:22:12.969 +05:30 [INF] Hosting environment: Development
2026-08-03 16:22:12.969 +05:30 [INF] Content root path: C:\Users\kaustubh.bhatlawande\Desktop\LMS Portal - Copy\backend\LmsPortal.API
2026-08-03 16:22:22.272 +05:30 [INF] Request starting HTTP/1.1 POST http://localhost:5000/api/auth/login/hr - application/json 42
2026-08-03 16:22:22.321 +05:30 [INF] Executing endpoint 'LmsPortal.API.Controllers.AuthController.LoginHR (LmsPortal.API)'
2026-08-03 16:22:22.336 +05:30 [INF] Route matched with {action = "LoginHR", controller = "Auth"}. Executing controller action with signature System.Threading.Tasks.Task`1[Microsoft.AspNetCore.Mvc.IActionResult] LoginHR(LoginDto) on controller LmsPortal.API.Controllers.AuthController (LmsPortal.API).
2026-08-03 16:22:22.952 +05:30 [WRN] Entity 'AssessmentAttempt' has a global query filter defined and is the required end of a relationship with the entity 'AssessmentAnswer'. This may lead to unexpected results when the required entity is filtered out. Either configure the navigation as optional, or define matching query filters for both entities in the navigation. See https://go.microsoft.com/fwlink/?linkid=2131316 for more information.
2026-08-03 16:22:22.952 +05:30 [WRN] Entity 'Certificate' has a global query filter defined and is the required end of a relationship with the entity 'CertificateVerificationLog'. This may lead to unexpected results when the required entity is filtered out. Either configure the navigation as optional, or define matching query filters for both entities in the navigation. See https://go.microsoft.com/fwlink/?linkid=2131316 for more information.
2026-08-03 16:22:22.952 +05:30 [WRN] Entity 'Permission' has a global query filter defined and is the required end of a relationship with the entity 'RolePermission'. This may lead to unexpected results when the required entity is filtered out. Either configure the navigation as optional, or define matching query filters for both entities in the navigation. See https://go.microsoft.com/fwlink/?linkid=2131316 for more information.
2026-08-03 16:22:23.037 +05:30 [WRN] No store type was specified for the decimal property 'PassingScorePercentage' on entity type 'Assessment'. This will cause values to be silently truncated if they do not fit in the default precision and scale. Explicitly specify the SQL server column type that can accommodate all the values in 'OnModelCreating' using 'HasColumnType', specify precision and scale using 'HasPrecision', or configure a value converter using 'HasConversion'.
2026-08-03 16:22:23.037 +05:30 [WRN] No store type was specified for the decimal property 'PointsAwarded' on entity type 'AssessmentAnswer'. This will cause values to be silently truncated if they do not fit in the default precision and scale. Explicitly specify the SQL server column type that can accommodate all the values in 'OnModelCreating' using 'HasColumnType', specify precision and scale using 'HasPrecision', or configure a value converter using 'HasConversion'.
2026-08-03 16:22:23.037 +05:30 [WRN] No store type was specified for the decimal property 'ScorePercentage' on entity type 'AssessmentAttempt'. This will cause values to be silently truncated if they do not fit in the default precision and scale. Explicitly specify the SQL server column type that can accommodate all the values in 'OnModelCreating' using 'HasColumnType', specify precision and scale using 'HasPrecision', or configure a value converter using 'HasConversion'.
2026-08-03 16:22:23.037 +05:30 [WRN] No store type was specified for the decimal property 'Points' on entity type 'AssessmentQuestion'. This will cause values to be silently truncated if they do not fit in the default precision and scale. Explicitly specify the SQL server column type that can accommodate all the values in 'OnModelCreating' using 'HasColumnType', specify precision and scale using 'HasPrecision', or configure a value converter using 'HasConversion'.
2026-08-03 16:22:23.037 +05:30 [WRN] No store type was specified for the decimal property 'PassingScorePercentage' on entity type 'Course'. This will cause values to be silently truncated if they do not fit in the default precision and scale. Explicitly specify the SQL server column type that can accommodate all the values in 'OnModelCreating' using 'HasColumnType', specify precision and scale using 'HasPrecision', or configure a value converter using 'HasConversion'.
2026-08-03 16:22:23.037 +05:30 [WRN] No store type was specified for the decimal property 'TotalSeconds' on entity type 'LessonProgress'. This will cause values to be silently truncated if they do not fit in the default precision and scale. Explicitly specify the SQL server column type that can accommodate all the values in 'OnModelCreating' using 'HasColumnType', specify precision and scale using 'HasPrecision', or configure a value converter using 'HasConversion'.
2026-08-03 16:22:23.037 +05:30 [WRN] No store type was specified for the decimal property 'WatchedSeconds' on entity type 'LessonProgress'. This will cause values to be silently truncated if they do not fit in the default precision and scale. Explicitly specify the SQL server column type that can accommodate all the values in 'OnModelCreating' using 'HasColumnType', specify precision and scale using 'HasPrecision', or configure a value converter using 'HasConversion'.
2026-08-03 16:22:23.665 +05:30 [INF] Executed DbCommand (44ms) [Parameters=[@__ToUpper_0='?' (Size = 4000)], CommandType='"Text"', CommandTimeout='30']
SELECT TOP(1) [u].[Id], [u].[ConcurrencyStamp], [u].[CreatedAt], [u].[CreatedBy], [u].[Email], [u].[IsActive], [u].[IsDeleted], [u].[IsEmailConfirmed], [u].[NormalizedEmail], [u].[NormalizedUsername], [u].[PasswordHash], [u].[PhoneNumber], [u].[RoleId], [u].[RowVersion], [u].[SecurityStamp], [u].[UpdatedAt], [u].[UpdatedBy], [u].[Username], [r0].[Id], [r0].[CreatedAt], [r0].[CreatedBy], [r0].[Description], [r0].[IsDeleted], [r0].[NormalizedRoleName], [r0].[RoleName], [r0].[RowVersion], [r0].[UpdatedAt], [r0].[UpdatedBy]
FROM [sec].[Users] AS [u]
INNER JOIN (
    SELECT [r].[Id], [r].[CreatedAt], [r].[CreatedBy], [r].[Description], [r].[IsDeleted], [r].[NormalizedRoleName], [r].[RoleName], [r].[RowVersion], [r].[UpdatedAt], [r].[UpdatedBy]
    FROM [sec].[Roles] AS [r]
    WHERE [r].[IsDeleted] = CAST(0 AS bit)
) AS [r0] ON [u].[RoleId] = [r0].[Id]
WHERE [u].[IsDeleted] = CAST(0 AS bit) AND [u].[NormalizedUsername] = @__ToUpper_0 AND [u].[IsDeleted] = CAST(0 AS bit)
2026-08-03 16:22:24.506 +05:30 [INF] Executed DbCommand (8ms) [Parameters=[@p1='?' (DbType = Int32), @p0='?' (Size = 4000), @p2='?' (Size = 8) (DbType = Binary)], CommandType='"Text"', CommandTimeout='30']
SET IMPLICIT_TRANSACTIONS OFF;
SET NOCOUNT ON;
UPDATE [sec].[Users] SET [PasswordHash] = @p0
OUTPUT INSERTED.[RowVersion]
WHERE [Id] = @p1 AND [RowVersion] = @p2;
2026-08-03 16:22:24.590 +05:30 [INF] Executed DbCommand (6ms) [Parameters=[@p0='?' (Size = 4000), @p1='?' (DbType = DateTime2), @p2='?' (Size = 4000), @p3='?' (Size = 4000), @p4='?' (Size = 4000), @p5='?' (Size = 4000), @p6='?' (DbType = Int32)], CommandType='"Text"', CommandTimeout='30']
SET IMPLICIT_TRANSACTIONS OFF;
SET NOCOUNT ON;
INSERT INTO [adm].[ActivityLogs] ([Action], [CreatedAt], [Details], [IpAddress], [Role], [UserAgent], [UserId])
OUTPUT INSERTED.[Id]
VALUES (@p0, @p1, @p2, @p3, @p4, @p5, @p6);
2026-08-03 16:22:24.600 +05:30 [INF] Executing OkObjectResult, writing value of type '<>f__AnonymousType1`4[[System.Boolean, System.Private.CoreLib, Version=10.0.0.0, Culture=neutral, PublicKeyToken=7cec85d7bea7798e],[System.String, System.Private.CoreLib, Version=10.0.0.0, Culture=neutral, PublicKeyToken=7cec85d7bea7798e],[<>f__AnonymousType2`5[[System.Int32, System.Private.CoreLib, Version=10.0.0.0, Culture=neutral, PublicKeyToken=7cec85d7bea7798e],[System.String, System.Private.CoreLib, Version=10.0.0.0, Culture=neutral, PublicKeyToken=7cec85d7bea7798e],[System.String, System.Private.CoreLib, Version=10.0.0.0, Culture=neutral, PublicKeyToken=7cec85d7bea7798e],[System.String, System.Private.CoreLib, Version=10.0.0.0, Culture=neutral, PublicKeyToken=7cec85d7bea7798e],[System.String, System.Private.CoreLib, Version=10.0.0.0, Culture=neutral, PublicKeyToken=7cec85d7bea7798e]], LmsPortal.API, Version=1.0.0.0, Culture=neutral, PublicKeyToken=null],[System.String, System.Private.CoreLib, Version=10.0.0.0, Culture=neutral, PublicKeyToken=7cec85d7bea7798e]]'.
2026-08-03 16:22:24.618 +05:30 [INF] Executed action LmsPortal.API.Controllers.AuthController.LoginHR (LmsPortal.API) in 2278.0284ms
2026-08-03 16:22:24.619 +05:30 [INF] Executed endpoint 'LmsPortal.API.Controllers.AuthController.LoginHR (LmsPortal.API)'
2026-08-03 16:22:24.623 +05:30 [INF] HTTP POST /api/auth/login/hr responded 200 in 2320.2541 ms
2026-08-03 16:22:24.633 +05:30 [INF] Request finished HTTP/1.1 POST http://localhost:5000/api/auth/login/hr - 200 null application/json; charset=utf-8 2362.5177ms
2026-08-03 16:22:24.635 +05:30 [INF] Request starting HTTP/1.1 POST http://localhost:5000/api/employees - application/json 245
2026-08-03 16:22:24.675 +05:30 [INF] Executing endpoint 'LmsPortal.API.Controllers.EmployeesController.UpsertEmployee (LmsPortal.API)'
2026-08-03 16:22:24.682 +05:30 [INF] Route matched with {action = "UpsertEmployee", controller = "Employees"}. Executing controller action with signature System.Threading.Tasks.Task`1[Microsoft.AspNetCore.Mvc.IActionResult] UpsertEmployee(UpsertEmployeeDto) on controller LmsPortal.API.Controllers.EmployeesController (LmsPortal.API).
2026-08-03 16:22:24.795 +05:30 [INF] Executed DbCommand (10ms) [Parameters=[@__cleanEmpCode_0='?' (Size = 4000)], CommandType='"Text"', CommandTimeout='30']
SELECT CASE
    WHEN EXISTS (
        SELECT 1
        FROM [emp].[Employees] AS [e]
        WHERE [e].[IsDeleted] = CAST(0 AS bit) AND [e].[IsDeleted] = CAST(0 AS bit) AND UPPER([e].[EmployeeCode]) = @__cleanEmpCode_0) THEN CAST(1 AS bit)
    ELSE CAST(0 AS bit)
END
2026-08-03 16:22:24.813 +05:30 [INF] Executed DbCommand (7ms) [Parameters=[@__cleanEmail_0='?' (Size = 4000)], CommandType='"Text"', CommandTimeout='30']
SELECT CASE
    WHEN EXISTS (
        SELECT 1
        FROM [emp].[Employees] AS [e]
        WHERE [e].[IsDeleted] = CAST(0 AS bit) AND [e].[IsDeleted] = CAST(0 AS bit) AND LOWER([e].[OfficialEmail]) = @__cleanEmail_0) THEN CAST(1 AS bit)
    ELSE CAST(0 AS bit)
END
2026-08-03 16:22:24.829 +05:30 [INF] Executed DbCommand (5ms) [Parameters=[@__dto_DepartmentId_0='?' (DbType = Int32)], CommandType='"Text"', CommandTimeout='30']
SELECT CASE
    WHEN EXISTS (
        SELECT 1
        FROM [org].[Departments] AS [d]
        WHERE [d].[IsDeleted] = CAST(0 AS bit) AND [d].[Id] = @__dto_DepartmentId_0 AND [d].[IsDeleted] = CAST(0 AS bit)) THEN CAST(1 AS bit)
    ELSE CAST(0 AS bit)
END
2026-08-03 16:22:24.844 +05:30 [INF] Executed DbCommand (4ms) [Parameters=[@__dto_DesignationId_0='?' (DbType = Int32)], CommandType='"Text"', CommandTimeout='30']
SELECT CASE
    WHEN EXISTS (
        SELECT 1
        FROM [org].[Designations] AS [d]
        WHERE [d].[IsDeleted] = CAST(0 AS bit) AND [d].[Id] = @__dto_DesignationId_0 AND [d].[IsDeleted] = CAST(0 AS bit)) THEN CAST(1 AS bit)
    ELSE CAST(0 AS bit)
END
2026-08-03 16:22:24.860 +05:30 [INF] Executed DbCommand (4ms) [Parameters=[@__dto_OfficeId_0='?' (DbType = Int32)], CommandType='"Text"', CommandTimeout='30']
SELECT CASE
    WHEN EXISTS (
        SELECT 1
        FROM [org].[Offices] AS [o]
        WHERE [o].[IsDeleted] = CAST(0 AS bit) AND [o].[Id] = @__dto_OfficeId_0 AND [o].[IsDeleted] = CAST(0 AS bit)) THEN CAST(1 AS bit)
    ELSE CAST(0 AS bit)
END
2026-08-03 16:22:24.881 +05:30 [INF] Executed DbCommand (6ms) [Parameters=[], CommandType='"Text"', CommandTimeout='30']
SELECT TOP(1) [r].[Id], [r].[CreatedAt], [r].[CreatedBy], [r].[Description], [r].[IsDeleted], [r].[NormalizedRoleName], [r].[RoleName], [r].[RowVersion], [r].[UpdatedAt], [r].[UpdatedBy]
FROM [sec].[Roles] AS [r]
WHERE [r].[IsDeleted] = CAST(0 AS bit) AND [r].[NormalizedRoleName] = N'EMPLOYEE'
2026-08-03 16:22:24.897 +05:30 [INF] Executed DbCommand (7ms) [Parameters=[@p0='?' (Size = 4000), @p1='?' (DbType = DateTime2), @p2='?' (Size = 4000), @p3='?' (Size = 4000), @p4='?' (DbType = Boolean), @p5='?' (DbType = Boolean), @p6='?' (DbType = Boolean), @p7='?' (Size = 4000), @p8='?' (Size = 4000), @p9='?' (Size = 4000), @p10='?' (Size = 4000), @p11='?' (DbType = Int32), @p12='?' (Size = 4000), @p13='?' (DbType = DateTime2), @p14='?' (Size = 4000), @p15='?' (Size = 4000)], CommandType='"Text"', CommandTimeout='30']
SET IMPLICIT_TRANSACTIONS OFF;
SET NOCOUNT ON;
INSERT INTO [sec].[Users] ([ConcurrencyStamp], [CreatedAt], [CreatedBy], [Email], [IsActive], [IsDeleted], [IsEmailConfirmed], [NormalizedEmail], [NormalizedUsername], [PasswordHash], [PhoneNumber], [RoleId], [SecurityStamp], [UpdatedAt], [UpdatedBy], [Username])
OUTPUT INSERTED.[Id], INSERTED.[RowVersion]
VALUES (@p0, @p1, @p2, @p3, @p4, @p5, @p6, @p7, @p8, @p9, @p10, @p11, @p12, @p13, @p14, @p15);
2026-08-03 16:22:24.963 +05:30 [INF] Executed DbCommand (8ms) [Parameters=[@p0='?' (DbType = DateTime2), @p1='?' (Size = 4000), @p2='?' (DbType = Int32), @p3='?' (DbType = Int32), @p4='?' (Size = 4000), @p5='?' (Size = 4000), @p6='?' (Size = 4000), @p7='?' (DbType = Boolean), @p8='?' (DbType = Boolean), @p9='?' (DbType = DateTime2), @p10='?' (Size = 4000), @p11='?' (Size = 4000), @p12='?' (DbType = Int32), @p13='?' (Size = 4000), @p14='?' (DbType = DateTime2), @p15='?' (Size = 4000), @p16='?' (DbType = Int32)], CommandType='"Text"', CommandTimeout='30']
SET IMPLICIT_TRANSACTIONS OFF;
SET NOCOUNT ON;
INSERT INTO [emp].[Employees] ([CreatedAt], [CreatedBy], [DepartmentId], [DesignationId], [EmployeeCode], [EmploymentStatus], [FirstName], [IsDeleted], [IsMasterTester], [JoiningDate], [LastName], [MiddleName], [OfficeId], [OfficialEmail], [UpdatedAt], [UpdatedBy], [UserId])
OUTPUT INSERTED.[Id], INSERTED.[RowVersion]
VALUES (@p0, @p1, @p2, @p3, @p4, @p5, @p6, @p7, @p8, @p9, @p10, @p11, @p12, @p13, @p14, @p15, @p16);
2026-08-03 16:22:24.969 +05:30 [INF] Executing OkObjectResult, writing value of type '<>f__AnonymousType11`3[[System.Boolean, System.Private.CoreLib, Version=10.0.0.0, Culture=neutral, PublicKeyToken=7cec85d7bea7798e],[<>f__AnonymousType13`11[[System.Int32, System.Private.CoreLib, Version=10.0.0.0, Culture=neutral, PublicKeyToken=7cec85d7bea7798e],[System.String, System.Private.CoreLib, Version=10.0.0.0, Culture=neutral, PublicKeyToken=7cec85d7bea7798e],[System.String, System.Private.CoreLib, Version=10.0.0.0, Culture=neutral, PublicKeyToken=7cec85d7bea7798e],[System.String, System.Private.CoreLib, Version=10.0.0.0, Culture=neutral, PublicKeyToken=7cec85d7bea7798e],[System.String, System.Private.CoreLib, Version=10.0.0.0, Culture=neutral, PublicKeyToken=7cec85d7bea7798e],[System.Int32, System.Private.CoreLib, Version=10.0.0.0, Culture=neutral, PublicKeyToken=7cec85d7bea7798e],[System.Int32, System.Private.CoreLib, Version=10.0.0.0, Culture=neutral, PublicKeyToken=7cec85d7bea7798e],[System.Int32, System.Private.CoreLib, Version=10.0.0.0, Culture=neutral, PublicKeyToken=7cec85d7bea7798e],[System.DateTime, System.Private.CoreLib, Version=10.0.0.0, Culture=neutral, PublicKeyToken=7cec85d7bea7798e],[System.String, System.Private.CoreLib, Version=10.0.0.0, Culture=neutral, PublicKeyToken=7cec85d7bea7798e],[System.Boolean, System.Private.CoreLib, Version=10.0.0.0, Culture=neutral, PublicKeyToken=7cec85d7bea7798e]], LmsPortal.API, Version=1.0.0.0, Culture=neutral, PublicKeyToken=null],[System.String, System.Private.CoreLib, Version=10.0.0.0, Culture=neutral, PublicKeyToken=7cec85d7bea7798e]]'.
2026-08-03 16:22:24.974 +05:30 [INF] Executed action LmsPortal.API.Controllers.EmployeesController.UpsertEmployee (LmsPortal.API) in 291.4635ms
2026-08-03 16:22:24.974 +05:30 [INF] Executed endpoint 'LmsPortal.API.Controllers.EmployeesController.UpsertEmployee (LmsPortal.API)'
2026-08-03 16:22:24.974 +05:30 [INF] HTTP POST /api/employees responded 200 in 336.7813 ms
2026-08-03 16:22:24.975 +05:30 [INF] Request finished HTTP/1.1 POST http://localhost:5000/api/employees - 200 null application/json; charset=utf-8 339.4032ms
2026-08-03 16:22:32.605 +05:30 [INF] Request starting HTTP/1.1 POST http://localhost:5000/api/auth/login/hr - application/json 42
2026-08-03 16:22:32.610 +05:30 [INF] Executing endpoint 'LmsPortal.API.Controllers.AuthController.LoginHR (LmsPortal.API)'
2026-08-03 16:22:32.610 +05:30 [INF] Route matched with {action = "LoginHR", controller = "Auth"}. Executing controller action with signature System.Threading.Tasks.Task`1[Microsoft.AspNetCore.Mvc.IActionResult] LoginHR(LoginDto) on controller LmsPortal.API.Controllers.AuthController (LmsPortal.API).
2026-08-03 16:22:32.640 +05:30 [INF] Executed DbCommand (1ms) [Parameters=[@__ToUpper_0='?' (Size = 4000)], CommandType='"Text"', CommandTimeout='30']
SELECT TOP(1) [u].[Id], [u].[ConcurrencyStamp], [u].[CreatedAt], [u].[CreatedBy], [u].[Email], [u].[IsActive], [u].[IsDeleted], [u].[IsEmailConfirmed], [u].[NormalizedEmail], [u].[NormalizedUsername], [u].[PasswordHash], [u].[PhoneNumber], [u].[RoleId], [u].[RowVersion], [u].[SecurityStamp], [u].[UpdatedAt], [u].[UpdatedBy], [u].[Username], [r0].[Id], [r0].[CreatedAt], [r0].[CreatedBy], [r0].[Description], [r0].[IsDeleted], [r0].[NormalizedRoleName], [r0].[RoleName], [r0].[RowVersion], [r0].[UpdatedAt], [r0].[UpdatedBy]
FROM [sec].[Users] AS [u]
INNER JOIN (
    SELECT [r].[Id], [r].[CreatedAt], [r].[CreatedBy], [r].[Description], [r].[IsDeleted], [r].[NormalizedRoleName], [r].[RoleName], [r].[RowVersion], [r].[UpdatedAt], [r].[UpdatedBy]
    FROM [sec].[Roles] AS [r]
    WHERE [r].[IsDeleted] = CAST(0 AS bit)
) AS [r0] ON [u].[RoleId] = [r0].[Id]
WHERE [u].[IsDeleted] = CAST(0 AS bit) AND [u].[NormalizedUsername] = @__ToUpper_0 AND [u].[IsDeleted] = CAST(0 AS bit)
2026-08-03 16:22:32.947 +05:30 [INF] Executed DbCommand (2ms) [Parameters=[@p0='?' (Size = 4000), @p1='?' (DbType = DateTime2), @p2='?' (Size = 4000), @p3='?' (Size = 4000), @p4='?' (Size = 4000), @p5='?' (Size = 4000), @p6='?' (DbType = Int32)], CommandType='"Text"', CommandTimeout='30']
SET IMPLICIT_TRANSACTIONS OFF;
SET NOCOUNT ON;
INSERT INTO [adm].[ActivityLogs] ([Action], [CreatedAt], [Details], [IpAddress], [Role], [UserAgent], [UserId])
OUTPUT INSERTED.[Id]
VALUES (@p0, @p1, @p2, @p3, @p4, @p5, @p6);
2026-08-03 16:22:32.948 +05:30 [INF] Executing OkObjectResult, writing value of type '<>f__AnonymousType1`4[[System.Boolean, System.Private.CoreLib, Version=10.0.0.0, Culture=neutral, PublicKeyToken=7cec85d7bea7798e],[System.String, System.Private.CoreLib, Version=10.0.0.0, Culture=neutral, PublicKeyToken=7cec85d7bea7798e],[<>f__AnonymousType2`5[[System.Int32, System.Private.CoreLib, Version=10.0.0.0, Culture=neutral, PublicKeyToken=7cec85d7bea7798e],[System.String, System.Private.CoreLib, Version=10.0.0.0, Culture=neutral, PublicKeyToken=7cec85d7bea7798e],[System.String, System.Private.CoreLib, Version=10.0.0.0, Culture=neutral, PublicKeyToken=7cec85d7bea7798e],[System.String, System.Private.CoreLib, Version=10.0.0.0, Culture=neutral, PublicKeyToken=7cec85d7bea7798e],[System.String, System.Private.CoreLib, Version=10.0.0.0, Culture=neutral, PublicKeyToken=7cec85d7bea7798e]], LmsPortal.API, Version=1.0.0.0, Culture=neutral, PublicKeyToken=null],[System.String, System.Private.CoreLib, Version=10.0.0.0, Culture=neutral, PublicKeyToken=7cec85d7bea7798e]]'.
2026-08-03 16:22:32.948 +05:30 [INF] Executed action LmsPortal.API.Controllers.AuthController.LoginHR (LmsPortal.API) in 338.2403ms
2026-08-03 16:22:32.948 +05:30 [INF] Executed endpoint 'LmsPortal.API.Controllers.AuthController.LoginHR (LmsPortal.API)'
2026-08-03 16:22:32.948 +05:30 [INF] HTTP POST /api/auth/login/hr responded 200 in 340.7945 ms
2026-08-03 16:22:32.948 +05:30 [INF] Request finished HTTP/1.1 POST http://localhost:5000/api/auth/login/hr - 200 null application/json; charset=utf-8 343.4681ms
2026-08-03 16:22:32.960 +05:30 [INF] Request starting HTTP/1.1 GET http://localhost:5000/api/employees - null null
2026-08-03 16:22:32.966 +05:30 [INF] Executing endpoint 'LmsPortal.API.Controllers.EmployeesController.GetEmployees (LmsPortal.API)'
2026-08-03 16:22:32.973 +05:30 [INF] Route matched with {action = "GetEmployees", controller = "Employees"}. Executing controller action with signature System.Threading.Tasks.Task`1[Microsoft.AspNetCore.Mvc.IActionResult] GetEmployees(System.String, System.Nullable`1[System.Int32], System.String, Int32, Int32) on controller LmsPortal.API.Controllers.EmployeesController (LmsPortal.API).
2026-08-03 16:22:33.004 +05:30 [INF] Executed DbCommand (5ms) [Parameters=[], CommandType='"Text"', CommandTimeout='30']
SELECT COUNT(*)
FROM [emp].[Employees] AS [e]
WHERE [e].[IsDeleted] = CAST(0 AS bit)
2026-08-03 16:22:33.079 +05:30 [INF] Executed DbCommand (21ms) [Parameters=[@__p_0='?' (DbType = Int32), @__p_1='?' (DbType = Int32)], CommandType='"Text"', CommandTimeout='30']
SELECT [e0].[Id], [e0].[CreatedAt], [e0].[CreatedBy], [e0].[DepartmentId], [e0].[DesignationId], [e0].[EmployeeCode], [e0].[EmploymentStatus], [e0].[FirstName], [e0].[IsDeleted], [e0].[IsMasterTester], [e0].[JoiningDate], [e0].[LastName], [e0].[MiddleName], [e0].[OfficeId], [e0].[OfficialEmail], [e0].[RowVersion], [e0].[UpdatedAt], [e0].[UpdatedBy], [e0].[UserId], [d0].[Id], [d0].[CreatedAt], [d0].[CreatedBy], [d0].[DepartmentCode], [d0].[DepartmentName], [d0].[Description], [d0].[IsActive], [d0].[IsDeleted], [d0].[RowVersion], [d0].[UpdatedAt], [d0].[UpdatedBy], [d2].[Id], [d2].[CreatedAt], [d2].[CreatedBy], [d2].[DesignationCode], [d2].[GradeLevel], [d2].[IsActive], [d2].[IsDeleted], [d2].[RowVersion], [d2].[Title], [d2].[UpdatedAt], [d2].[UpdatedBy], [o0].[Id], [o0].[City], [o0].[Country], [o0].[CreatedAt], [o0].[CreatedBy], [o0].[IsActive], [o0].[IsDeleted], [o0].[OfficeCode], [o0].[OfficeName], [o0].[RowVersion], [o0].[State], [o0].[UpdatedAt], [o0].[UpdatedBy]
FROM (
    SELECT [e].[Id], [e].[CreatedAt], [e].[CreatedBy], [e].[DepartmentId], [e].[DesignationId], [e].[EmployeeCode], [e].[EmploymentStatus], [e].[FirstName], [e].[IsDeleted], [e].[IsMasterTester], [e].[JoiningDate], [e].[LastName], [e].[MiddleName], [e].[OfficeId], [e].[OfficialEmail], [e].[RowVersion], [e].[UpdatedAt], [e].[UpdatedBy], [e].[UserId]
    FROM [emp].[Employees] AS [e]
    WHERE [e].[IsDeleted] = CAST(0 AS bit)
    ORDER BY [e].[CreatedAt] DESC
    OFFSET @__p_0 ROWS FETCH NEXT @__p_1 ROWS ONLY
) AS [e0]
INNER JOIN (
    SELECT [d].[Id], [d].[CreatedAt], [d].[CreatedBy], [d].[DepartmentCode], [d].[DepartmentName], [d].[Description], [d].[IsActive], [d].[IsDeleted], [d].[RowVersion], [d].[UpdatedAt], [d].[UpdatedBy]
    FROM [org].[Departments] AS [d]
    WHERE [d].[IsDeleted] = CAST(0 AS bit)
) AS [d0] ON [e0].[DepartmentId] = [d0].[Id]
INNER JOIN (
    SELECT [d1].[Id], [d1].[CreatedAt], [d1].[CreatedBy], [d1].[DesignationCode], [d1].[GradeLevel], [d1].[IsActive], [d1].[IsDeleted], [d1].[RowVersion], [d1].[Title], [d1].[UpdatedAt], [d1].[UpdatedBy]
    FROM [org].[Designations] AS [d1]
    WHERE [d1].[IsDeleted] = CAST(0 AS bit)
) AS [d2] ON [e0].[DesignationId] = [d2].[Id]
INNER JOIN (
    SELECT [o].[Id], [o].[City], [o].[Country], [o].[CreatedAt], [o].[CreatedBy], [o].[IsActive], [o].[IsDeleted], [o].[OfficeCode], [o].[OfficeName], [o].[RowVersion], [o].[State], [o].[UpdatedAt], [o].[UpdatedBy]
    FROM [org].[Offices] AS [o]
    WHERE [o].[IsDeleted] = CAST(0 AS bit)
) AS [o0] ON [e0].[OfficeId] = [o0].[Id]
ORDER BY [e0].[CreatedAt] DESC
2026-08-03 16:22:33.148 +05:30 [INF] Executing OkObjectResult, writing value of type '<>f__AnonymousType12`6[[System.Boolean, System.Private.CoreLib, Version=10.0.0.0, Culture=neutral, PublicKeyToken=7cec85d7bea7798e],[System.Collections.Generic.List`1[[LmsPortal.Core.Entities.Employee, LmsPortal.Core, Version=1.0.0.0, Culture=neutral, PublicKeyToken=null]], System.Private.CoreLib, Version=10.0.0.0, Culture=neutral, PublicKeyToken=7cec85d7bea7798e],[System.Int32, System.Private.CoreLib, Version=10.0.0.0, Culture=neutral, PublicKeyToken=7cec85d7bea7798e],[System.Int32, System.Private.CoreLib, Version=10.0.0.0, Culture=neutral, PublicKeyToken=7cec85d7bea7798e],[System.Int32, System.Private.CoreLib, Version=10.0.0.0, Culture=neutral, PublicKeyToken=7cec85d7bea7798e],[System.Int32, System.Private.CoreLib, Version=10.0.0.0, Culture=neutral, PublicKeyToken=7cec85d7bea7798e]]'.
2026-08-03 16:22:33.183 +05:30 [INF] Executed action LmsPortal.API.Controllers.EmployeesController.GetEmployees (LmsPortal.API) in 209.3377ms
2026-08-03 16:22:33.183 +05:30 [INF] Executed endpoint 'LmsPortal.API.Controllers.EmployeesController.GetEmployees (LmsPortal.API)'
2026-08-03 16:22:33.183 +05:30 [INF] HTTP GET /api/employees responded 200 in 218.7393 ms
2026-08-03 16:22:33.183 +05:30 [INF] Request finished HTTP/1.1 GET http://localhost:5000/api/employees - 200 null application/json; charset=utf-8 222.7467ms
2026-08-03 16:24:26.025 +05:30 [INF] User profile is available. Using 'C:\Users\kaustubh.bhatlawande\AppData\Local\ASP.NET\DataProtection-Keys' as key repository and Windows DPAPI to encrypt keys at rest.
2026-08-03 16:24:26.128 +05:30 [INF] Now listening on: http://localhost:5000
2026-08-03 16:24:26.130 +05:30 [INF] Application started. Press Ctrl+C to shut down.
2026-08-03 16:24:26.130 +05:30 [INF] Hosting environment: Development
2026-08-03 16:24:26.130 +05:30 [INF] Content root path: C:\Users\kaustubh.bhatlawande\Desktop\LMS Portal - Copy\backend\LmsPortal.API
2026-08-03 16:25:03.664 +05:30 [INF] Request starting HTTP/1.1 POST http://localhost:5000/api/auth/login/hr - application/json 42
2026-08-03 16:25:03.714 +05:30 [INF] Executing endpoint 'LmsPortal.API.Controllers.AuthController.LoginHR (LmsPortal.API)'
2026-08-03 16:25:03.730 +05:30 [INF] Route matched with {action = "LoginHR", controller = "Auth"}. Executing controller action with signature System.Threading.Tasks.Task`1[Microsoft.AspNetCore.Mvc.IActionResult] LoginHR(LoginDto) on controller LmsPortal.API.Controllers.AuthController (LmsPortal.API).
2026-08-03 16:25:04.352 +05:30 [WRN] Entity 'AssessmentAttempt' has a global query filter defined and is the required end of a relationship with the entity 'AssessmentAnswer'. This may lead to unexpected results when the required entity is filtered out. Either configure the navigation as optional, or define matching query filters for both entities in the navigation. See https://go.microsoft.com/fwlink/?linkid=2131316 for more information.
2026-08-03 16:25:04.353 +05:30 [WRN] Entity 'Certificate' has a global query filter defined and is the required end of a relationship with the entity 'CertificateVerificationLog'. This may lead to unexpected results when the required entity is filtered out. Either configure the navigation as optional, or define matching query filters for both entities in the navigation. See https://go.microsoft.com/fwlink/?linkid=2131316 for more information.
2026-08-03 16:25:04.353 +05:30 [WRN] Entity 'Permission' has a global query filter defined and is the required end of a relationship with the entity 'RolePermission'. This may lead to unexpected results when the required entity is filtered out. Either configure the navigation as optional, or define matching query filters for both entities in the navigation. See https://go.microsoft.com/fwlink/?linkid=2131316 for more information.
2026-08-03 16:25:04.437 +05:30 [WRN] No store type was specified for the decimal property 'PassingScorePercentage' on entity type 'Assessment'. This will cause values to be silently truncated if they do not fit in the default precision and scale. Explicitly specify the SQL server column type that can accommodate all the values in 'OnModelCreating' using 'HasColumnType', specify precision and scale using 'HasPrecision', or configure a value converter using 'HasConversion'.
2026-08-03 16:25:04.437 +05:30 [WRN] No store type was specified for the decimal property 'PointsAwarded' on entity type 'AssessmentAnswer'. This will cause values to be silently truncated if they do not fit in the default precision and scale. Explicitly specify the SQL server column type that can accommodate all the values in 'OnModelCreating' using 'HasColumnType', specify precision and scale using 'HasPrecision', or configure a value converter using 'HasConversion'.
2026-08-03 16:25:04.437 +05:30 [WRN] No store type was specified for the decimal property 'ScorePercentage' on entity type 'AssessmentAttempt'. This will cause values to be silently truncated if they do not fit in the default precision and scale. Explicitly specify the SQL server column type that can accommodate all the values in 'OnModelCreating' using 'HasColumnType', specify precision and scale using 'HasPrecision', or configure a value converter using 'HasConversion'.
2026-08-03 16:25:04.437 +05:30 [WRN] No store type was specified for the decimal property 'Points' on entity type 'AssessmentQuestion'. This will cause values to be silently truncated if they do not fit in the default precision and scale. Explicitly specify the SQL server column type that can accommodate all the values in 'OnModelCreating' using 'HasColumnType', specify precision and scale using 'HasPrecision', or configure a value converter using 'HasConversion'.
2026-08-03 16:25:04.437 +05:30 [WRN] No store type was specified for the decimal property 'PassingScorePercentage' on entity type 'Course'. This will cause values to be silently truncated if they do not fit in the default precision and scale. Explicitly specify the SQL server column type that can accommodate all the values in 'OnModelCreating' using 'HasColumnType', specify precision and scale using 'HasPrecision', or configure a value converter using 'HasConversion'.
2026-08-03 16:25:04.437 +05:30 [WRN] No store type was specified for the decimal property 'TotalSeconds' on entity type 'LessonProgress'. This will cause values to be silently truncated if they do not fit in the default precision and scale. Explicitly specify the SQL server column type that can accommodate all the values in 'OnModelCreating' using 'HasColumnType', specify precision and scale using 'HasPrecision', or configure a value converter using 'HasConversion'.
2026-08-03 16:25:04.437 +05:30 [WRN] No store type was specified for the decimal property 'WatchedSeconds' on entity type 'LessonProgress'. This will cause values to be silently truncated if they do not fit in the default precision and scale. Explicitly specify the SQL server column type that can accommodate all the values in 'OnModelCreating' using 'HasColumnType', specify precision and scale using 'HasPrecision', or configure a value converter using 'HasConversion'.
2026-08-03 16:25:05.048 +05:30 [INF] Executed DbCommand (32ms) [Parameters=[@__ToUpper_0='?' (Size = 4000)], CommandType='"Text"', CommandTimeout='30']
SELECT TOP(1) [u].[Id], [u].[ConcurrencyStamp], [u].[CreatedAt], [u].[CreatedBy], [u].[Email], [u].[IsActive], [u].[IsDeleted], [u].[IsEmailConfirmed], [u].[NormalizedEmail], [u].[NormalizedUsername], [u].[PasswordHash], [u].[PhoneNumber], [u].[RoleId], [u].[RowVersion], [u].[SecurityStamp], [u].[UpdatedAt], [u].[UpdatedBy], [u].[Username], [r0].[Id], [r0].[CreatedAt], [r0].[CreatedBy], [r0].[Description], [r0].[IsDeleted], [r0].[NormalizedRoleName], [r0].[RoleName], [r0].[RowVersion], [r0].[UpdatedAt], [r0].[UpdatedBy]
FROM [sec].[Users] AS [u]
INNER JOIN (
    SELECT [r].[Id], [r].[CreatedAt], [r].[CreatedBy], [r].[Description], [r].[IsDeleted], [r].[NormalizedRoleName], [r].[RoleName], [r].[RowVersion], [r].[UpdatedAt], [r].[UpdatedBy]
    FROM [sec].[Roles] AS [r]
    WHERE [r].[IsDeleted] = CAST(0 AS bit)
) AS [r0] ON [u].[RoleId] = [r0].[Id]
WHERE [u].[IsDeleted] = CAST(0 AS bit) AND [u].[NormalizedUsername] = @__ToUpper_0 AND [u].[IsDeleted] = CAST(0 AS bit)
2026-08-03 16:25:05.640 +05:30 [INF] Executed DbCommand (8ms) [Parameters=[@p0='?' (Size = 4000), @p1='?' (DbType = DateTime2), @p2='?' (Size = 4000), @p3='?' (Size = 4000), @p4='?' (Size = 4000), @p5='?' (Size = 4000), @p6='?' (DbType = Int32)], CommandType='"Text"', CommandTimeout='30']
SET IMPLICIT_TRANSACTIONS OFF;
SET NOCOUNT ON;
INSERT INTO [adm].[ActivityLogs] ([Action], [CreatedAt], [Details], [IpAddress], [Role], [UserAgent], [UserId])
OUTPUT INSERTED.[Id]
VALUES (@p0, @p1, @p2, @p3, @p4, @p5, @p6);
2026-08-03 16:25:05.663 +05:30 [INF] Executing OkObjectResult, writing value of type '<>f__AnonymousType1`4[[System.Boolean, System.Private.CoreLib, Version=10.0.0.0, Culture=neutral, PublicKeyToken=7cec85d7bea7798e],[System.String, System.Private.CoreLib, Version=10.0.0.0, Culture=neutral, PublicKeyToken=7cec85d7bea7798e],[<>f__AnonymousType2`5[[System.Int32, System.Private.CoreLib, Version=10.0.0.0, Culture=neutral, PublicKeyToken=7cec85d7bea7798e],[System.String, System.Private.CoreLib, Version=10.0.0.0, Culture=neutral, PublicKeyToken=7cec85d7bea7798e],[System.String, System.Private.CoreLib, Version=10.0.0.0, Culture=neutral, PublicKeyToken=7cec85d7bea7798e],[System.String, System.Private.CoreLib, Version=10.0.0.0, Culture=neutral, PublicKeyToken=7cec85d7bea7798e],[System.String, System.Private.CoreLib, Version=10.0.0.0, Culture=neutral, PublicKeyToken=7cec85d7bea7798e]], LmsPortal.API, Version=1.0.0.0, Culture=neutral, PublicKeyToken=null],[System.String, System.Private.CoreLib, Version=10.0.0.0, Culture=neutral, PublicKeyToken=7cec85d7bea7798e]]'.
2026-08-03 16:25:05.682 +05:30 [INF] Executed action LmsPortal.API.Controllers.AuthController.LoginHR (LmsPortal.API) in 1948.8142ms
2026-08-03 16:25:05.724 +05:30 [INF] Executed endpoint 'LmsPortal.API.Controllers.AuthController.LoginHR (LmsPortal.API)'
2026-08-03 16:25:05.728 +05:30 [INF] HTTP POST /api/auth/login/hr responded 200 in 2031.2008 ms
2026-08-03 16:25:05.737 +05:30 [INF] Request finished HTTP/1.1 POST http://localhost:5000/api/auth/login/hr - 200 null application/json; charset=utf-8 2073.3803ms
2026-08-03 16:25:05.738 +05:30 [INF] Request starting HTTP/1.1 POST http://localhost:5000/api/offices - application/json 70
2026-08-03 16:25:05.778 +05:30 [INF] Executing endpoint 'LmsPortal.API.Controllers.OfficesController.UpsertOffice (LmsPortal.API)'
2026-08-03 16:25:05.784 +05:30 [INF] Route matched with {action = "UpsertOffice", controller = "Offices"}. Executing controller action with signature System.Threading.Tasks.Task`1[Microsoft.AspNetCore.Mvc.IActionResult] UpsertOffice(UpsertOfficeDto) on controller LmsPortal.API.Controllers.OfficesController (LmsPortal.API).
2026-08-03 16:25:05.894 +05:30 [INF] Executed DbCommand (5ms) [Parameters=[@p0='?' (Size = 4000), @p1='?' (Size = 4000), @p2='?' (DbType = DateTime2), @p3='?' (Size = 4000), @p4='?' (DbType = Boolean), @p5='?' (DbType = Boolean), @p6='?' (Size = 4000), @p7='?' (Size = 4000), @p8='?' (Size = 4000), @p9='?' (DbType = DateTime2), @p10='?' (Size = 4000)], CommandType='"Text"', CommandTimeout='30']
SET IMPLICIT_TRANSACTIONS OFF;
SET NOCOUNT ON;
INSERT INTO [org].[Offices] ([City], [Country], [CreatedAt], [CreatedBy], [IsActive], [IsDeleted], [OfficeCode], [OfficeName], [State], [UpdatedAt], [UpdatedBy])
OUTPUT INSERTED.[Id], INSERTED.[RowVersion]
VALUES (@p0, @p1, @p2, @p3, @p4, @p5, @p6, @p7, @p8, @p9, @p10);
2026-08-03 16:25:05.906 +05:30 [INF] Executed DbCommand (6ms) [Parameters=[@p1='?' (DbType = Int32), @p0='?' (Size = 4000), @p2='?' (Size = 8) (DbType = Binary)], CommandType='"Text"', CommandTimeout='30']
SET IMPLICIT_TRANSACTIONS OFF;
SET NOCOUNT ON;
UPDATE [org].[Offices] SET [OfficeCode] = @p0
OUTPUT INSERTED.[RowVersion]
WHERE [Id] = @p1 AND [RowVersion] = @p2;
2026-08-03 16:25:05.908 +05:30 [INF] Executing OkObjectResult, writing value of type '<>f__AnonymousType11`3[[System.Boolean, System.Private.CoreLib, Version=10.0.0.0, Culture=neutral, PublicKeyToken=7cec85d7bea7798e],[LmsPortal.Core.Entities.Office, LmsPortal.Core, Version=1.0.0.0, Culture=neutral, PublicKeyToken=null],[System.String, System.Private.CoreLib, Version=10.0.0.0, Culture=neutral, PublicKeyToken=7cec85d7bea7798e]]'.
2026-08-03 16:25:05.945 +05:30 [INF] Executed action LmsPortal.API.Controllers.OfficesController.UpsertOffice (LmsPortal.API) in 160.7483ms
2026-08-03 16:25:05.945 +05:30 [INF] Executed endpoint 'LmsPortal.API.Controllers.OfficesController.UpsertOffice (LmsPortal.API)'
2026-08-03 16:25:05.945 +05:30 [INF] HTTP POST /api/offices responded 200 in 206.0088 ms
2026-08-03 16:25:05.946 +05:30 [INF] Request finished HTTP/1.1 POST http://localhost:5000/api/offices - 200 null application/json; charset=utf-8 207.9281ms
2026-08-03 16:25:17.240 +05:30 [INF] Request starting HTTP/1.1 POST http://localhost:5000/api/auth/login/hr - application/json 42
2026-08-03 16:25:17.244 +05:30 [INF] Executing endpoint 'LmsPortal.API.Controllers.AuthController.LoginHR (LmsPortal.API)'
2026-08-03 16:25:17.245 +05:30 [INF] Route matched with {action = "LoginHR", controller = "Auth"}. Executing controller action with signature System.Threading.Tasks.Task`1[Microsoft.AspNetCore.Mvc.IActionResult] LoginHR(LoginDto) on controller LmsPortal.API.Controllers.AuthController (LmsPortal.API).
2026-08-03 16:25:17.274 +05:30 [INF] Executed DbCommand (1ms) [Parameters=[@__ToUpper_0='?' (Size = 4000)], CommandType='"Text"', CommandTimeout='30']
SELECT TOP(1) [u].[Id], [u].[ConcurrencyStamp], [u].[CreatedAt], [u].[CreatedBy], [u].[Email], [u].[IsActive], [u].[IsDeleted], [u].[IsEmailConfirmed], [u].[NormalizedEmail], [u].[NormalizedUsername], [u].[PasswordHash], [u].[PhoneNumber], [u].[RoleId], [u].[RowVersion], [u].[SecurityStamp], [u].[UpdatedAt], [u].[UpdatedBy], [u].[Username], [r0].[Id], [r0].[CreatedAt], [r0].[CreatedBy], [r0].[Description], [r0].[IsDeleted], [r0].[NormalizedRoleName], [r0].[RoleName], [r0].[RowVersion], [r0].[UpdatedAt], [r0].[UpdatedBy]
FROM [sec].[Users] AS [u]
INNER JOIN (
    SELECT [r].[Id], [r].[CreatedAt], [r].[CreatedBy], [r].[Description], [r].[IsDeleted], [r].[NormalizedRoleName], [r].[RoleName], [r].[RowVersion], [r].[UpdatedAt], [r].[UpdatedBy]
    FROM [sec].[Roles] AS [r]
    WHERE [r].[IsDeleted] = CAST(0 AS bit)
) AS [r0] ON [u].[RoleId] = [r0].[Id]
WHERE [u].[IsDeleted] = CAST(0 AS bit) AND [u].[NormalizedUsername] = @__ToUpper_0 AND [u].[IsDeleted] = CAST(0 AS bit)
2026-08-03 16:25:17.582 +05:30 [INF] Executed DbCommand (2ms) [Parameters=[@p0='?' (Size = 4000), @p1='?' (DbType = DateTime2), @p2='?' (Size = 4000), @p3='?' (Size = 4000), @p4='?' (Size = 4000), @p5='?' (Size = 4000), @p6='?' (DbType = Int32)], CommandType='"Text"', CommandTimeout='30']
SET IMPLICIT_TRANSACTIONS OFF;
SET NOCOUNT ON;
INSERT INTO [adm].[ActivityLogs] ([Action], [CreatedAt], [Details], [IpAddress], [Role], [UserAgent], [UserId])
OUTPUT INSERTED.[Id]
VALUES (@p0, @p1, @p2, @p3, @p4, @p5, @p6);
2026-08-03 16:25:17.582 +05:30 [INF] Executing OkObjectResult, writing value of type '<>f__AnonymousType1`4[[System.Boolean, System.Private.CoreLib, Version=10.0.0.0, Culture=neutral, PublicKeyToken=7cec85d7bea7798e],[System.String, System.Private.CoreLib, Version=10.0.0.0, Culture=neutral, PublicKeyToken=7cec85d7bea7798e],[<>f__AnonymousType2`5[[System.Int32, System.Private.CoreLib, Version=10.0.0.0, Culture=neutral, PublicKeyToken=7cec85d7bea7798e],[System.String, System.Private.CoreLib, Version=10.0.0.0, Culture=neutral, PublicKeyToken=7cec85d7bea7798e],[System.String, System.Private.CoreLib, Version=10.0.0.0, Culture=neutral, PublicKeyToken=7cec85d7bea7798e],[System.String, System.Private.CoreLib, Version=10.0.0.0, Culture=neutral, PublicKeyToken=7cec85d7bea7798e],[System.String, System.Private.CoreLib, Version=10.0.0.0, Culture=neutral, PublicKeyToken=7cec85d7bea7798e]], LmsPortal.API, Version=1.0.0.0, Culture=neutral, PublicKeyToken=null],[System.String, System.Private.CoreLib, Version=10.0.0.0, Culture=neutral, PublicKeyToken=7cec85d7bea7798e]]'.
2026-08-03 16:25:17.583 +05:30 [INF] Executed action LmsPortal.API.Controllers.AuthController.LoginHR (LmsPortal.API) in 337.9894ms
2026-08-03 16:25:17.583 +05:30 [INF] Executed endpoint 'LmsPortal.API.Controllers.AuthController.LoginHR (LmsPortal.API)'
2026-08-03 16:25:17.583 +05:30 [INF] HTTP POST /api/auth/login/hr responded 200 in 340.5148 ms
2026-08-03 16:25:17.583 +05:30 [INF] Request finished HTTP/1.1 POST http://localhost:5000/api/auth/login/hr - 200 null application/json; charset=utf-8 342.689ms
2026-08-03 16:25:17.594 +05:30 [INF] Request starting HTTP/1.1 POST http://localhost:5000/api/designations - application/json 49
2026-08-03 16:25:17.597 +05:30 [INF] Executing endpoint 'LmsPortal.API.Controllers.DesignationsController.UpsertDesignation (LmsPortal.API)'
2026-08-03 16:25:17.602 +05:30 [INF] Route matched with {action = "UpsertDesignation", controller = "Designations"}. Executing controller action with signature System.Threading.Tasks.Task`1[Microsoft.AspNetCore.Mvc.IActionResult] UpsertDesignation(UpsertDesignationDto) on controller LmsPortal.API.Controllers.DesignationsController (LmsPortal.API).
2026-08-03 16:25:17.641 +05:30 [INF] Executed DbCommand (5ms) [Parameters=[@p0='?' (DbType = DateTime2), @p1='?' (Size = 4000), @p2='?' (Size = 4000), @p3='?' (Size = 4000), @p4='?' (DbType = Boolean), @p5='?' (DbType = Boolean), @p6='?' (Size = 4000), @p7='?' (DbType = DateTime2), @p8='?' (Size = 4000)], CommandType='"Text"', CommandTimeout='30']
SET IMPLICIT_TRANSACTIONS OFF;
SET NOCOUNT ON;
INSERT INTO [org].[Designations] ([CreatedAt], [CreatedBy], [DesignationCode], [GradeLevel], [IsActive], [IsDeleted], [Title], [UpdatedAt], [UpdatedBy])
OUTPUT INSERTED.[Id], INSERTED.[RowVersion]
VALUES (@p0, @p1, @p2, @p3, @p4, @p5, @p6, @p7, @p8);
2026-08-03 16:25:17.650 +05:30 [INF] Executed DbCommand (6ms) [Parameters=[@p1='?' (DbType = Int32), @p0='?' (Size = 4000), @p2='?' (Size = 8) (DbType = Binary)], CommandType='"Text"', CommandTimeout='30']
SET IMPLICIT_TRANSACTIONS OFF;
SET NOCOUNT ON;
UPDATE [org].[Designations] SET [DesignationCode] = @p0
OUTPUT INSERTED.[RowVersion]
WHERE [Id] = @p1 AND [RowVersion] = @p2;
2026-08-03 16:25:17.650 +05:30 [INF] Executing OkObjectResult, writing value of type '<>f__AnonymousType11`3[[System.Boolean, System.Private.CoreLib, Version=10.0.0.0, Culture=neutral, PublicKeyToken=7cec85d7bea7798e],[LmsPortal.Core.Entities.Designation, LmsPortal.Core, Version=1.0.0.0, Culture=neutral, PublicKeyToken=null],[System.String, System.Private.CoreLib, Version=10.0.0.0, Culture=neutral, PublicKeyToken=7cec85d7bea7798e]]'.
2026-08-03 16:25:17.652 +05:30 [INF] Executed action LmsPortal.API.Controllers.DesignationsController.UpsertDesignation (LmsPortal.API) in 50.2181ms
2026-08-03 16:25:17.652 +05:30 [INF] Executed endpoint 'LmsPortal.API.Controllers.DesignationsController.UpsertDesignation (LmsPortal.API)'
2026-08-03 16:25:17.653 +05:30 [INF] HTTP POST /api/designations responded 200 in 58.2726 ms
2026-08-03 16:25:17.653 +05:30 [INF] Request finished HTTP/1.1 POST http://localhost:5000/api/designations - 200 null application/json; charset=utf-8 58.6063ms
2026-08-03 16:29:25.025 +05:30 [INF] User profile is available. Using 'C:\Users\kaustubh.bhatlawande\AppData\Local\ASP.NET\DataProtection-Keys' as key repository and Windows DPAPI to encrypt keys at rest.
2026-08-03 16:29:25.128 +05:30 [INF] Now listening on: http://localhost:5000
2026-08-03 16:29:25.129 +05:30 [INF] Application started. Press Ctrl+C to shut down.
2026-08-03 16:29:25.130 +05:30 [INF] Hosting environment: Development
2026-08-03 16:29:25.130 +05:30 [INF] Content root path: C:\Users\kaustubh.bhatlawande\Desktop\LMS Portal - Copy\backend\LmsPortal.API
2026-08-03 16:30:20.669 +05:30 [INF] Request starting HTTP/1.1 POST http://localhost:5000/api/auth/login/employee - application/json 24
2026-08-03 16:30:20.719 +05:30 [INF] Executing endpoint 'LmsPortal.API.Controllers.AuthController.LoginEmployee (LmsPortal.API)'
2026-08-03 16:30:20.735 +05:30 [INF] Route matched with {action = "LoginEmployee", controller = "Auth"}. Executing controller action with signature System.Threading.Tasks.Task`1[Microsoft.AspNetCore.Mvc.IActionResult] LoginEmployee(EmployeeLoginDto) on controller LmsPortal.API.Controllers.AuthController (LmsPortal.API).
2026-08-03 16:30:21.345 +05:30 [WRN] Entity 'AssessmentAttempt' has a global query filter defined and is the required end of a relationship with the entity 'AssessmentAnswer'. This may lead to unexpected results when the required entity is filtered out. Either configure the navigation as optional, or define matching query filters for both entities in the navigation. See https://go.microsoft.com/fwlink/?linkid=2131316 for more information.
2026-08-03 16:30:21.345 +05:30 [WRN] Entity 'Certificate' has a global query filter defined and is the required end of a relationship with the entity 'CertificateVerificationLog'. This may lead to unexpected results when the required entity is filtered out. Either configure the navigation as optional, or define matching query filters for both entities in the navigation. See https://go.microsoft.com/fwlink/?linkid=2131316 for more information.
2026-08-03 16:30:21.346 +05:30 [WRN] Entity 'Permission' has a global query filter defined and is the required end of a relationship with the entity 'RolePermission'. This may lead to unexpected results when the required entity is filtered out. Either configure the navigation as optional, or define matching query filters for both entities in the navigation. See https://go.microsoft.com/fwlink/?linkid=2131316 for more information.
2026-08-03 16:30:21.426 +05:30 [WRN] No store type was specified for the decimal property 'PassingScorePercentage' on entity type 'Assessment'. This will cause values to be silently truncated if they do not fit in the default precision and scale. Explicitly specify the SQL server column type that can accommodate all the values in 'OnModelCreating' using 'HasColumnType', specify precision and scale using 'HasPrecision', or configure a value converter using 'HasConversion'.
2026-08-03 16:30:21.426 +05:30 [WRN] No store type was specified for the decimal property 'PointsAwarded' on entity type 'AssessmentAnswer'. This will cause values to be silently truncated if they do not fit in the default precision and scale. Explicitly specify the SQL server column type that can accommodate all the values in 'OnModelCreating' using 'HasColumnType', specify precision and scale using 'HasPrecision', or configure a value converter using 'HasConversion'.
2026-08-03 16:30:21.426 +05:30 [WRN] No store type was specified for the decimal property 'ScorePercentage' on entity type 'AssessmentAttempt'. This will cause values to be silently truncated if they do not fit in the default precision and scale. Explicitly specify the SQL server column type that can accommodate all the values in 'OnModelCreating' using 'HasColumnType', specify precision and scale using 'HasPrecision', or configure a value converter using 'HasConversion'.
2026-08-03 16:30:21.426 +05:30 [WRN] No store type was specified for the decimal property 'Points' on entity type 'AssessmentQuestion'. This will cause values to be silently truncated if they do not fit in the default precision and scale. Explicitly specify the SQL server column type that can accommodate all the values in 'OnModelCreating' using 'HasColumnType', specify precision and scale using 'HasPrecision', or configure a value converter using 'HasConversion'.
2026-08-03 16:30:21.426 +05:30 [WRN] No store type was specified for the decimal property 'PassingScorePercentage' on entity type 'Course'. This will cause values to be silently truncated if they do not fit in the default precision and scale. Explicitly specify the SQL server column type that can accommodate all the values in 'OnModelCreating' using 'HasColumnType', specify precision and scale using 'HasPrecision', or configure a value converter using 'HasConversion'.
2026-08-03 16:30:21.426 +05:30 [WRN] No store type was specified for the decimal property 'TotalSeconds' on entity type 'LessonProgress'. This will cause values to be silently truncated if they do not fit in the default precision and scale. Explicitly specify the SQL server column type that can accommodate all the values in 'OnModelCreating' using 'HasColumnType', specify precision and scale using 'HasPrecision', or configure a value converter using 'HasConversion'.
2026-08-03 16:30:21.426 +05:30 [WRN] No store type was specified for the decimal property 'WatchedSeconds' on entity type 'LessonProgress'. This will cause values to be silently truncated if they do not fit in the default precision and scale. Explicitly specify the SQL server column type that can accommodate all the values in 'OnModelCreating' using 'HasColumnType', specify precision and scale using 'HasPrecision', or configure a value converter using 'HasConversion'.
2026-08-03 16:30:22.152 +05:30 [INF] Executed DbCommand (79ms) [Parameters=[@__ToUpper_0='?' (Size = 4000)], CommandType='"Text"', CommandTimeout='30']
SELECT TOP(1) [e].[Id], [e].[CreatedAt], [e].[CreatedBy], [e].[DepartmentCode], [e].[DepartmentId], [e].[DesignationCode], [e].[DesignationId], [e].[EmployeeCode], [e].[EmploymentStatus], [e].[FirstName], [e].[IsDeleted], [e].[IsMasterTester], [e].[JoiningDate], [e].[LastName], [e].[MiddleName], [e].[OfficeCode], [e].[OfficeId], [e].[OfficialEmail], [e].[RowVersion], [e].[UpdatedAt], [e].[UpdatedBy], [e].[UserId], [d0].[Id], [d0].[CreatedAt], [d0].[CreatedBy], [d0].[DepartmentCode], [d0].[DepartmentName], [d0].[Description], [d0].[IsActive], [d0].[IsDeleted], [d0].[RowVersion], [d0].[UpdatedAt], [d0].[UpdatedBy], [d2].[Id], [d2].[CreatedAt], [d2].[CreatedBy], [d2].[DesignationCode], [d2].[GradeLevel], [d2].[IsActive], [d2].[IsDeleted], [d2].[RowVersion], [d2].[Title], [d2].[UpdatedAt], [d2].[UpdatedBy], [o0].[Id], [o0].[City], [o0].[Country], [o0].[CreatedAt], [o0].[CreatedBy], [o0].[IsActive], [o0].[IsDeleted], [o0].[OfficeCode], [o0].[OfficeName], [o0].[RowVersion], [o0].[State], [o0].[UpdatedAt], [o0].[UpdatedBy], [u0].[Id], [u0].[ConcurrencyStamp], [u0].[CreatedAt], [u0].[CreatedBy], [u0].[Email], [u0].[IsActive], [u0].[IsDeleted], [u0].[IsEmailConfirmed], [u0].[NormalizedEmail], [u0].[NormalizedUsername], [u0].[PasswordHash], [u0].[PhoneNumber], [u0].[RoleId], [u0].[RowVersion], [u0].[SecurityStamp], [u0].[UpdatedAt], [u0].[UpdatedBy], [u0].[Username]
FROM [emp].[Employees] AS [e]
INNER JOIN (
    SELECT [d].[Id], [d].[CreatedAt], [d].[CreatedBy], [d].[DepartmentCode], [d].[DepartmentName], [d].[Description], [d].[IsActive], [d].[IsDeleted], [d].[RowVersion], [d].[UpdatedAt], [d].[UpdatedBy]
    FROM [org].[Departments] AS [d]
    WHERE [d].[IsDeleted] = CAST(0 AS bit)
) AS [d0] ON [e].[DepartmentId] = [d0].[Id]
INNER JOIN (
    SELECT [d1].[Id], [d1].[CreatedAt], [d1].[CreatedBy], [d1].[DesignationCode], [d1].[GradeLevel], [d1].[IsActive], [d1].[IsDeleted], [d1].[RowVersion], [d1].[Title], [d1].[UpdatedAt], [d1].[UpdatedBy]
    FROM [org].[Designations] AS [d1]
    WHERE [d1].[IsDeleted] = CAST(0 AS bit)
) AS [d2] ON [e].[DesignationId] = [d2].[Id]
INNER JOIN (
    SELECT [o].[Id], [o].[City], [o].[Country], [o].[CreatedAt], [o].[CreatedBy], [o].[IsActive], [o].[IsDeleted], [o].[OfficeCode], [o].[OfficeName], [o].[RowVersion], [o].[State], [o].[UpdatedAt], [o].[UpdatedBy]
    FROM [org].[Offices] AS [o]
    WHERE [o].[IsDeleted] = CAST(0 AS bit)
) AS [o0] ON [e].[OfficeId] = [o0].[Id]
INNER JOIN (
    SELECT [u].[Id], [u].[ConcurrencyStamp], [u].[CreatedAt], [u].[CreatedBy], [u].[Email], [u].[IsActive], [u].[IsDeleted], [u].[IsEmailConfirmed], [u].[NormalizedEmail], [u].[NormalizedUsername], [u].[PasswordHash], [u].[PhoneNumber], [u].[RoleId], [u].[RowVersion], [u].[SecurityStamp], [u].[UpdatedAt], [u].[UpdatedBy], [u].[Username]
    FROM [sec].[Users] AS [u]
    WHERE [u].[IsDeleted] = CAST(0 AS bit)
) AS [u0] ON [e].[UserId] = [u0].[Id]
WHERE [e].[IsDeleted] = CAST(0 AS bit) AND UPPER([e].[EmployeeCode]) = @__ToUpper_0 AND [e].[IsDeleted] = CAST(0 AS bit)
2026-08-03 16:30:22.531 +05:30 [INF] Executed DbCommand (7ms) [Parameters=[@p0='?' (Size = 4000), @p1='?' (DbType = DateTime2), @p2='?' (Size = 4000), @p3='?' (Size = 4000), @p4='?' (Size = 4000), @p5='?' (Size = 4000), @p6='?' (DbType = Int32)], CommandType='"Text"', CommandTimeout='30']
SET IMPLICIT_TRANSACTIONS OFF;
SET NOCOUNT ON;
INSERT INTO [adm].[ActivityLogs] ([Action], [CreatedAt], [Details], [IpAddress], [Role], [UserAgent], [UserId])
OUTPUT INSERTED.[Id]
VALUES (@p0, @p1, @p2, @p3, @p4, @p5, @p6);
2026-08-03 16:30:22.553 +05:30 [INF] Executing OkObjectResult, writing value of type '<>f__AnonymousType3`4[[System.Boolean, System.Private.CoreLib, Version=10.0.0.0, Culture=neutral, PublicKeyToken=7cec85d7bea7798e],[System.String, System.Private.CoreLib, Version=10.0.0.0, Culture=neutral, PublicKeyToken=7cec85d7bea7798e],[<>f__AnonymousType4`7[[System.Int32, System.Private.CoreLib, Version=10.0.0.0, Culture=neutral, PublicKeyToken=7cec85d7bea7798e],[System.String, System.Private.CoreLib, Version=10.0.0.0, Culture=neutral, PublicKeyToken=7cec85d7bea7798e],[System.String, System.Private.CoreLib, Version=10.0.0.0, Culture=neutral, PublicKeyToken=7cec85d7bea7798e],[System.String, System.Private.CoreLib, Version=10.0.0.0, Culture=neutral, PublicKeyToken=7cec85d7bea7798e],[System.String, System.Private.CoreLib, Version=10.0.0.0, Culture=neutral, PublicKeyToken=7cec85d7bea7798e],[System.String, System.Private.CoreLib, Version=10.0.0.0, Culture=neutral, PublicKeyToken=7cec85d7bea7798e],[System.String, System.Private.CoreLib, Version=10.0.0.0, Culture=neutral, PublicKeyToken=7cec85d7bea7798e]], LmsPortal.API, Version=1.0.0.0, Culture=neutral, PublicKeyToken=null],[System.String, System.Private.CoreLib, Version=10.0.0.0, Culture=neutral, PublicKeyToken=7cec85d7bea7798e]]'.
2026-08-03 16:30:22.570 +05:30 [INF] Executed action LmsPortal.API.Controllers.AuthController.LoginEmployee (LmsPortal.API) in 1832.3197ms
2026-08-03 16:30:22.571 +05:30 [INF] Executed endpoint 'LmsPortal.API.Controllers.AuthController.LoginEmployee (LmsPortal.API)'
2026-08-03 16:30:22.573 +05:30 [INF] HTTP POST /api/auth/login/employee responded 200 in 1873.0776 ms
2026-08-03 16:30:22.582 +05:30 [INF] Request finished HTTP/1.1 POST http://localhost:5000/api/auth/login/employee - 200 null application/json; charset=utf-8 1914.0762ms
2026-08-03 16:30:30.916 +05:30 [INF] Request starting HTTP/1.1 GET http://localhost:5000/api/employees?page=1&pageSize=10 - null null
2026-08-03 16:30:30.962 +05:30 [INF] Executing endpoint 'LmsPortal.API.Controllers.EmployeesController.GetEmployees (LmsPortal.API)'
2026-08-03 16:30:30.974 +05:30 [INF] Route matched with {action = "GetEmployees", controller = "Employees"}. Executing controller action with signature System.Threading.Tasks.Task`1[Microsoft.AspNetCore.Mvc.IActionResult] GetEmployees(System.String, System.Nullable`1[System.Int32], System.String, Int32, Int32) on controller LmsPortal.API.Controllers.EmployeesController (LmsPortal.API).
2026-08-03 16:30:31.080 +05:30 [INF] Executed DbCommand (5ms) [Parameters=[], CommandType='"Text"', CommandTimeout='30']
SELECT COUNT(*)
FROM [emp].[Employees] AS [e]
WHERE [e].[IsDeleted] = CAST(0 AS bit)
2026-08-03 16:30:31.150 +05:30 [INF] Executed DbCommand (16ms) [Parameters=[@__p_0='?' (DbType = Int32), @__p_1='?' (DbType = Int32)], CommandType='"Text"', CommandTimeout='30']
SELECT [e0].[Id], [e0].[CreatedAt], [e0].[CreatedBy], [e0].[DepartmentCode], [e0].[DepartmentId], [e0].[DesignationCode], [e0].[DesignationId], [e0].[EmployeeCode], [e0].[EmploymentStatus], [e0].[FirstName], [e0].[IsDeleted], [e0].[IsMasterTester], [e0].[JoiningDate], [e0].[LastName], [e0].[MiddleName], [e0].[OfficeCode], [e0].[OfficeId], [e0].[OfficialEmail], [e0].[RowVersion], [e0].[UpdatedAt], [e0].[UpdatedBy], [e0].[UserId], [d0].[Id], [d0].[CreatedAt], [d0].[CreatedBy], [d0].[DepartmentCode], [d0].[DepartmentName], [d0].[Description], [d0].[IsActive], [d0].[IsDeleted], [d0].[RowVersion], [d0].[UpdatedAt], [d0].[UpdatedBy], [d2].[Id], [d2].[CreatedAt], [d2].[CreatedBy], [d2].[DesignationCode], [d2].[GradeLevel], [d2].[IsActive], [d2].[IsDeleted], [d2].[RowVersion], [d2].[Title], [d2].[UpdatedAt], [d2].[UpdatedBy], [o0].[Id], [o0].[City], [o0].[Country], [o0].[CreatedAt], [o0].[CreatedBy], [o0].[IsActive], [o0].[IsDeleted], [o0].[OfficeCode], [o0].[OfficeName], [o0].[RowVersion], [o0].[State], [o0].[UpdatedAt], [o0].[UpdatedBy]
FROM (
    SELECT [e].[Id], [e].[CreatedAt], [e].[CreatedBy], [e].[DepartmentCode], [e].[DepartmentId], [e].[DesignationCode], [e].[DesignationId], [e].[EmployeeCode], [e].[EmploymentStatus], [e].[FirstName], [e].[IsDeleted], [e].[IsMasterTester], [e].[JoiningDate], [e].[LastName], [e].[MiddleName], [e].[OfficeCode], [e].[OfficeId], [e].[OfficialEmail], [e].[RowVersion], [e].[UpdatedAt], [e].[UpdatedBy], [e].[UserId]
    FROM [emp].[Employees] AS [e]
    WHERE [e].[IsDeleted] = CAST(0 AS bit)
    ORDER BY [e].[CreatedAt] DESC
    OFFSET @__p_0 ROWS FETCH NEXT @__p_1 ROWS ONLY
) AS [e0]
INNER JOIN (
    SELECT [d].[Id], [d].[CreatedAt], [d].[CreatedBy], [d].[DepartmentCode], [d].[DepartmentName], [d].[Description], [d].[IsActive], [d].[IsDeleted], [d].[RowVersion], [d].[UpdatedAt], [d].[UpdatedBy]
    FROM [org].[Departments] AS [d]
    WHERE [d].[IsDeleted] = CAST(0 AS bit)
) AS [d0] ON [e0].[DepartmentId] = [d0].[Id]
INNER JOIN (
    SELECT [d1].[Id], [d1].[CreatedAt], [d1].[CreatedBy], [d1].[DesignationCode], [d1].[GradeLevel], [d1].[IsActive], [d1].[IsDeleted], [d1].[RowVersion], [d1].[Title], [d1].[UpdatedAt], [d1].[UpdatedBy]
    FROM [org].[Designations] AS [d1]
    WHERE [d1].[IsDeleted] = CAST(0 AS bit)
) AS [d2] ON [e0].[DesignationId] = [d2].[Id]
INNER JOIN (
    SELECT [o].[Id], [o].[City], [o].[Country], [o].[CreatedAt], [o].[CreatedBy], [o].[IsActive], [o].[IsDeleted], [o].[OfficeCode], [o].[OfficeName], [o].[RowVersion], [o].[State], [o].[UpdatedAt], [o].[UpdatedBy]
    FROM [org].[Offices] AS [o]
    WHERE [o].[IsDeleted] = CAST(0 AS bit)
) AS [o0] ON [e0].[OfficeId] = [o0].[Id]
ORDER BY [e0].[CreatedAt] DESC
2026-08-03 16:30:31.157 +05:30 [INF] Executing OkObjectResult, writing value of type '<>f__AnonymousType13`6[[System.Boolean, System.Private.CoreLib, Version=10.0.0.0, Culture=neutral, PublicKeyToken=7cec85d7bea7798e],[System.Collections.Generic.List`1[[LmsPortal.Core.Entities.Employee, LmsPortal.Core, Version=1.0.0.0, Culture=neutral, PublicKeyToken=null]], System.Private.CoreLib, Version=10.0.0.0, Culture=neutral, PublicKeyToken=7cec85d7bea7798e],[System.Int32, System.Private.CoreLib, Version=10.0.0.0, Culture=neutral, PublicKeyToken=7cec85d7bea7798e],[System.Int32, System.Private.CoreLib, Version=10.0.0.0, Culture=neutral, PublicKeyToken=7cec85d7bea7798e],[System.Int32, System.Private.CoreLib, Version=10.0.0.0, Culture=neutral, PublicKeyToken=7cec85d7bea7798e],[System.Int32, System.Private.CoreLib, Version=10.0.0.0, Culture=neutral, PublicKeyToken=7cec85d7bea7798e]]'.
2026-08-03 16:30:31.208 +05:30 [INF] Executed action LmsPortal.API.Controllers.EmployeesController.GetEmployees (LmsPortal.API) in 233.2747ms
2026-08-03 16:30:31.208 +05:30 [INF] Executed endpoint 'LmsPortal.API.Controllers.EmployeesController.GetEmployees (LmsPortal.API)'
2026-08-03 16:30:31.208 +05:30 [INF] HTTP GET /api/employees responded 200 in 284.3116 ms
2026-08-03 16:30:31.209 +05:30 [INF] Request finished HTTP/1.1 GET http://localhost:5000/api/employees?page=1&pageSize=10 - 200 null application/json; charset=utf-8 292.9532ms
2026-08-03 16:50:05.626 +05:30 [INF] Request starting HTTP/1.1 POST http://localhost:5000/api/auth/login/hr - application/json 42
2026-08-03 16:50:05.631 +05:30 [INF] Executing endpoint 'LmsPortal.API.Controllers.AuthController.LoginHR (LmsPortal.API)'
2026-08-03 16:50:05.637 +05:30 [INF] Route matched with {action = "LoginHR", controller = "Auth"}. Executing controller action with signature System.Threading.Tasks.Task`1[Microsoft.AspNetCore.Mvc.IActionResult] LoginHR(LoginDto) on controller LmsPortal.API.Controllers.AuthController (LmsPortal.API).
2026-08-03 16:50:05.717 +05:30 [INF] Executed DbCommand (11ms) [Parameters=[@__ToUpper_0='?' (Size = 4000)], CommandType='"Text"', CommandTimeout='30']
SELECT TOP(1) [u].[Id], [u].[ConcurrencyStamp], [u].[CreatedAt], [u].[CreatedBy], [u].[Email], [u].[IsActive], [u].[IsDeleted], [u].[IsEmailConfirmed], [u].[NormalizedEmail], [u].[NormalizedUsername], [u].[PasswordHash], [u].[PhoneNumber], [u].[RoleId], [u].[RowVersion], [u].[SecurityStamp], [u].[UpdatedAt], [u].[UpdatedBy], [u].[Username], [r0].[Id], [r0].[CreatedAt], [r0].[CreatedBy], [r0].[Description], [r0].[IsDeleted], [r0].[NormalizedRoleName], [r0].[RoleName], [r0].[RowVersion], [r0].[UpdatedAt], [r0].[UpdatedBy]
FROM [sec].[Users] AS [u]
INNER JOIN (
    SELECT [r].[Id], [r].[CreatedAt], [r].[CreatedBy], [r].[Description], [r].[IsDeleted], [r].[NormalizedRoleName], [r].[RoleName], [r].[RowVersion], [r].[UpdatedAt], [r].[UpdatedBy]
    FROM [sec].[Roles] AS [r]
    WHERE [r].[IsDeleted] = CAST(0 AS bit)
) AS [r0] ON [u].[RoleId] = [r0].[Id]
WHERE [u].[IsDeleted] = CAST(0 AS bit) AND [u].[NormalizedUsername] = @__ToUpper_0 AND [u].[IsDeleted] = CAST(0 AS bit)
2026-08-03 16:50:06.372 +05:30 [INF] Executed DbCommand (7ms) [Parameters=[@p1='?' (DbType = Int32), @p0='?' (Size = 4000), @p2='?' (Size = 8) (DbType = Binary)], CommandType='"Text"', CommandTimeout='30']
SET IMPLICIT_TRANSACTIONS OFF;
SET NOCOUNT ON;
UPDATE [sec].[Users] SET [PasswordHash] = @p0
OUTPUT INSERTED.[RowVersion]
WHERE [Id] = @p1 AND [RowVersion] = @p2;
2026-08-03 16:50:06.378 +05:30 [INF] Executed DbCommand (2ms) [Parameters=[@p0='?' (Size = 4000), @p1='?' (DbType = DateTime2), @p2='?' (Size = 4000), @p3='?' (Size = 4000), @p4='?' (Size = 4000), @p5='?' (Size = 4000), @p6='?' (DbType = Int32)], CommandType='"Text"', CommandTimeout='30']
SET IMPLICIT_TRANSACTIONS OFF;
SET NOCOUNT ON;
INSERT INTO [adm].[ActivityLogs] ([Action], [CreatedAt], [Details], [IpAddress], [Role], [UserAgent], [UserId])
OUTPUT INSERTED.[Id]
VALUES (@p0, @p1, @p2, @p3, @p4, @p5, @p6);
2026-08-03 16:50:06.379 +05:30 [INF] Executing OkObjectResult, writing value of type '<>f__AnonymousType1`4[[System.Boolean, System.Private.CoreLib, Version=10.0.0.0, Culture=neutral, PublicKeyToken=7cec85d7bea7798e],[System.String, System.Private.CoreLib, Version=10.0.0.0, Culture=neutral, PublicKeyToken=7cec85d7bea7798e],[<>f__AnonymousType2`5[[System.Int32, System.Private.CoreLib, Version=10.0.0.0, Culture=neutral, PublicKeyToken=7cec85d7bea7798e],[System.String, System.Private.CoreLib, Version=10.0.0.0, Culture=neutral, PublicKeyToken=7cec85d7bea7798e],[System.String, System.Private.CoreLib, Version=10.0.0.0, Culture=neutral, PublicKeyToken=7cec85d7bea7798e],[System.String, System.Private.CoreLib, Version=10.0.0.0, Culture=neutral, PublicKeyToken=7cec85d7bea7798e],[System.String, System.Private.CoreLib, Version=10.0.0.0, Culture=neutral, PublicKeyToken=7cec85d7bea7798e]], LmsPortal.API, Version=1.0.0.0, Culture=neutral, PublicKeyToken=null],[System.String, System.Private.CoreLib, Version=10.0.0.0, Culture=neutral, PublicKeyToken=7cec85d7bea7798e]]'.
2026-08-03 16:50:06.382 +05:30 [INF] Executed action LmsPortal.API.Controllers.AuthController.LoginHR (LmsPortal.API) in 744.5148ms
2026-08-03 16:50:06.382 +05:30 [INF] Executed endpoint 'LmsPortal.API.Controllers.AuthController.LoginHR (LmsPortal.API)'
2026-08-03 16:50:06.382 +05:30 [INF] HTTP POST /api/auth/login/hr responded 200 in 753.6784 ms
2026-08-03 16:50:06.382 +05:30 [INF] Request finished HTTP/1.1 POST http://localhost:5000/api/auth/login/hr - 200 null application/json; charset=utf-8 755.9509ms
2026-08-03 17:31:14.112 +05:30 [INF] Request starting HTTP/1.1 GET http://localhost:5000/api/employees?page=1&pageSize=10 - null null
2026-08-03 17:31:14.142 +05:30 [INF] Executing endpoint 'LmsPortal.API.Controllers.EmployeesController.GetEmployees (LmsPortal.API)'
2026-08-03 17:31:14.145 +05:30 [INF] Route matched with {action = "GetEmployees", controller = "Employees"}. Executing controller action with signature System.Threading.Tasks.Task`1[Microsoft.AspNetCore.Mvc.IActionResult] GetEmployees(System.String, System.Nullable`1[System.Int32], System.String, Int32, Int32) on controller LmsPortal.API.Controllers.EmployeesController (LmsPortal.API).
2026-08-03 17:31:14.194 +05:30 [INF] Executed DbCommand (3ms) [Parameters=[], CommandType='"Text"', CommandTimeout='30']
SELECT COUNT(*)
FROM [emp].[Employees] AS [e]
WHERE [e].[IsDeleted] = CAST(0 AS bit)
2026-08-03 17:31:14.199 +05:30 [INF] Executed DbCommand (2ms) [Parameters=[@__p_0='?' (DbType = Int32), @__p_1='?' (DbType = Int32)], CommandType='"Text"', CommandTimeout='30']
SELECT [e0].[Id], [e0].[CreatedAt], [e0].[CreatedBy], [e0].[DepartmentCode], [e0].[DepartmentId], [e0].[DesignationCode], [e0].[DesignationId], [e0].[EmployeeCode], [e0].[EmploymentStatus], [e0].[FirstName], [e0].[IsDeleted], [e0].[IsMasterTester], [e0].[JoiningDate], [e0].[LastName], [e0].[MiddleName], [e0].[OfficeCode], [e0].[OfficeId], [e0].[OfficialEmail], [e0].[RowVersion], [e0].[UpdatedAt], [e0].[UpdatedBy], [e0].[UserId], [d0].[Id], [d0].[CreatedAt], [d0].[CreatedBy], [d0].[DepartmentCode], [d0].[DepartmentName], [d0].[Description], [d0].[IsActive], [d0].[IsDeleted], [d0].[RowVersion], [d0].[UpdatedAt], [d0].[UpdatedBy], [d2].[Id], [d2].[CreatedAt], [d2].[CreatedBy], [d2].[DesignationCode], [d2].[GradeLevel], [d2].[IsActive], [d2].[IsDeleted], [d2].[RowVersion], [d2].[Title], [d2].[UpdatedAt], [d2].[UpdatedBy], [o0].[Id], [o0].[City], [o0].[Country], [o0].[CreatedAt], [o0].[CreatedBy], [o0].[IsActive], [o0].[IsDeleted], [o0].[OfficeCode], [o0].[OfficeName], [o0].[RowVersion], [o0].[State], [o0].[UpdatedAt], [o0].[UpdatedBy]
FROM (
    SELECT [e].[Id], [e].[CreatedAt], [e].[CreatedBy], [e].[DepartmentCode], [e].[DepartmentId], [e].[DesignationCode], [e].[DesignationId], [e].[EmployeeCode], [e].[EmploymentStatus], [e].[FirstName], [e].[IsDeleted], [e].[IsMasterTester], [e].[JoiningDate], [e].[LastName], [e].[MiddleName], [e].[OfficeCode], [e].[OfficeId], [e].[OfficialEmail], [e].[RowVersion], [e].[UpdatedAt], [e].[UpdatedBy], [e].[UserId]
    FROM [emp].[Employees] AS [e]
    WHERE [e].[IsDeleted] = CAST(0 AS bit)
    ORDER BY [e].[CreatedAt] DESC
    OFFSET @__p_0 ROWS FETCH NEXT @__p_1 ROWS ONLY
) AS [e0]
INNER JOIN (
    SELECT [d].[Id], [d].[CreatedAt], [d].[CreatedBy], [d].[DepartmentCode], [d].[DepartmentName], [d].[Description], [d].[IsActive], [d].[IsDeleted], [d].[RowVersion], [d].[UpdatedAt], [d].[UpdatedBy]
    FROM [org].[Departments] AS [d]
    WHERE [d].[IsDeleted] = CAST(0 AS bit)
) AS [d0] ON [e0].[DepartmentId] = [d0].[Id]
INNER JOIN (
    SELECT [d1].[Id], [d1].[CreatedAt], [d1].[CreatedBy], [d1].[DesignationCode], [d1].[GradeLevel], [d1].[IsActive], [d1].[IsDeleted], [d1].[RowVersion], [d1].[Title], [d1].[UpdatedAt], [d1].[UpdatedBy]
    FROM [org].[Designations] AS [d1]
    WHERE [d1].[IsDeleted] = CAST(0 AS bit)
) AS [d2] ON [e0].[DesignationId] = [d2].[Id]
INNER JOIN (
    SELECT [o].[Id], [o].[City], [o].[Country], [o].[CreatedAt], [o].[CreatedBy], [o].[IsActive], [o].[IsDeleted], [o].[OfficeCode], [o].[OfficeName], [o].[RowVersion], [o].[State], [o].[UpdatedAt], [o].[UpdatedBy]
    FROM [org].[Offices] AS [o]
    WHERE [o].[IsDeleted] = CAST(0 AS bit)
) AS [o0] ON [e0].[OfficeId] = [o0].[Id]
ORDER BY [e0].[CreatedAt] DESC
2026-08-03 17:31:14.206 +05:30 [INF] Executing OkObjectResult, writing value of type '<>f__AnonymousType13`6[[System.Boolean, System.Private.CoreLib, Version=10.0.0.0, Culture=neutral, PublicKeyToken=7cec85d7bea7798e],[System.Collections.Generic.List`1[[LmsPortal.Core.Entities.Employee, LmsPortal.Core, Version=1.0.0.0, Culture=neutral, PublicKeyToken=null]], System.Private.CoreLib, Version=10.0.0.0, Culture=neutral, PublicKeyToken=7cec85d7bea7798e],[System.Int32, System.Private.CoreLib, Version=10.0.0.0, Culture=neutral, PublicKeyToken=7cec85d7bea7798e],[System.Int32, System.Private.CoreLib, Version=10.0.0.0, Culture=neutral, PublicKeyToken=7cec85d7bea7798e],[System.Int32, System.Private.CoreLib, Version=10.0.0.0, Culture=neutral, PublicKeyToken=7cec85d7bea7798e],[System.Int32, System.Private.CoreLib, Version=10.0.0.0, Culture=neutral, PublicKeyToken=7cec85d7bea7798e]]'.
2026-08-03 17:31:14.207 +05:30 [INF] Executed action LmsPortal.API.Controllers.EmployeesController.GetEmployees (LmsPortal.API) in 62.0623ms
2026-08-03 17:31:14.208 +05:30 [INF] Executed endpoint 'LmsPortal.API.Controllers.EmployeesController.GetEmployees (LmsPortal.API)'
2026-08-03 17:31:14.208 +05:30 [INF] HTTP GET /api/employees responded 200 in 91.6494 ms
2026-08-03 17:31:14.210 +05:30 [INF] Request finished HTTP/1.1 GET http://localhost:5000/api/employees?page=1&pageSize=10 - 200 null application/json; charset=utf-8 96.3826ms
2026-08-03 17:31:14.307 +05:30 [INF] Request starting HTTP/1.1 GET http://localhost:5000/api/employees?page=1&pageSize=10 - null null
2026-08-03 17:31:14.441 +05:30 [INF] Executing endpoint 'LmsPortal.API.Controllers.EmployeesController.GetEmployees (LmsPortal.API)'
2026-08-03 17:31:14.441 +05:30 [INF] Route matched with {action = "GetEmployees", controller = "Employees"}. Executing controller action with signature System.Threading.Tasks.Task`1[Microsoft.AspNetCore.Mvc.IActionResult] GetEmployees(System.String, System.Nullable`1[System.Int32], System.String, Int32, Int32) on controller LmsPortal.API.Controllers.EmployeesController (LmsPortal.API).
2026-08-03 17:31:14.447 +05:30 [INF] Executed DbCommand (2ms) [Parameters=[], CommandType='"Text"', CommandTimeout='30']
SELECT COUNT(*)
FROM [emp].[Employees] AS [e]
WHERE [e].[IsDeleted] = CAST(0 AS bit)
2026-08-03 17:31:14.455 +05:30 [INF] Executed DbCommand (3ms) [Parameters=[@__p_0='?' (DbType = Int32), @__p_1='?' (DbType = Int32)], CommandType='"Text"', CommandTimeout='30']
SELECT [e0].[Id], [e0].[CreatedAt], [e0].[CreatedBy], [e0].[DepartmentCode], [e0].[DepartmentId], [e0].[DesignationCode], [e0].[DesignationId], [e0].[EmployeeCode], [e0].[EmploymentStatus], [e0].[FirstName], [e0].[IsDeleted], [e0].[IsMasterTester], [e0].[JoiningDate], [e0].[LastName], [e0].[MiddleName], [e0].[OfficeCode], [e0].[OfficeId], [e0].[OfficialEmail], [e0].[RowVersion], [e0].[UpdatedAt], [e0].[UpdatedBy], [e0].[UserId], [d0].[Id], [d0].[CreatedAt], [d0].[CreatedBy], [d0].[DepartmentCode], [d0].[DepartmentName], [d0].[Description], [d0].[IsActive], [d0].[IsDeleted], [d0].[RowVersion], [d0].[UpdatedAt], [d0].[UpdatedBy], [d2].[Id], [d2].[CreatedAt], [d2].[CreatedBy], [d2].[DesignationCode], [d2].[GradeLevel], [d2].[IsActive], [d2].[IsDeleted], [d2].[RowVersion], [d2].[Title], [d2].[UpdatedAt], [d2].[UpdatedBy], [o0].[Id], [o0].[City], [o0].[Country], [o0].[CreatedAt], [o0].[CreatedBy], [o0].[IsActive], [o0].[IsDeleted], [o0].[OfficeCode], [o0].[OfficeName], [o0].[RowVersion], [o0].[State], [o0].[UpdatedAt], [o0].[UpdatedBy]
FROM (
    SELECT [e].[Id], [e].[CreatedAt], [e].[CreatedBy], [e].[DepartmentCode], [e].[DepartmentId], [e].[DesignationCode], [e].[DesignationId], [e].[EmployeeCode], [e].[EmploymentStatus], [e].[FirstName], [e].[IsDeleted], [e].[IsMasterTester], [e].[JoiningDate], [e].[LastName], [e].[MiddleName], [e].[OfficeCode], [e].[OfficeId], [e].[OfficialEmail], [e].[RowVersion], [e].[UpdatedAt], [e].[UpdatedBy], [e].[UserId]
    FROM [emp].[Employees] AS [e]
    WHERE [e].[IsDeleted] = CAST(0 AS bit)
    ORDER BY [e].[CreatedAt] DESC
    OFFSET @__p_0 ROWS FETCH NEXT @__p_1 ROWS ONLY
) AS [e0]
INNER JOIN (
    SELECT [d].[Id], [d].[CreatedAt], [d].[CreatedBy], [d].[DepartmentCode], [d].[DepartmentName], [d].[Description], [d].[IsActive], [d].[IsDeleted], [d].[RowVersion], [d].[UpdatedAt], [d].[UpdatedBy]
    FROM [org].[Departments] AS [d]
    WHERE [d].[IsDeleted] = CAST(0 AS bit)
) AS [d0] ON [e0].[DepartmentId] = [d0].[Id]
INNER JOIN (
    SELECT [d1].[Id], [d1].[CreatedAt], [d1].[CreatedBy], [d1].[DesignationCode], [d1].[GradeLevel], [d1].[IsActive], [d1].[IsDeleted], [d1].[RowVersion], [d1].[Title], [d1].[UpdatedAt], [d1].[UpdatedBy]
    FROM [org].[Designations] AS [d1]
    WHERE [d1].[IsDeleted] = CAST(0 AS bit)
) AS [d2] ON [e0].[DesignationId] = [d2].[Id]
INNER JOIN (
    SELECT [o].[Id], [o].[City], [o].[Country], [o].[CreatedAt], [o].[CreatedBy], [o].[IsActive], [o].[IsDeleted], [o].[OfficeCode], [o].[OfficeName], [o].[RowVersion], [o].[State], [o].[UpdatedAt], [o].[UpdatedBy]
    FROM [org].[Offices] AS [o]
    WHERE [o].[IsDeleted] = CAST(0 AS bit)
) AS [o0] ON [e0].[OfficeId] = [o0].[Id]
ORDER BY [e0].[CreatedAt] DESC
2026-08-03 17:31:14.457 +05:30 [INF] Executing OkObjectResult, writing value of type '<>f__AnonymousType13`6[[System.Boolean, System.Private.CoreLib, Version=10.0.0.0, Culture=neutral, PublicKeyToken=7cec85d7bea7798e],[System.Collections.Generic.List`1[[LmsPortal.Core.Entities.Employee, LmsPortal.Core, Version=1.0.0.0, Culture=neutral, PublicKeyToken=null]], System.Private.CoreLib, Version=10.0.0.0, Culture=neutral, PublicKeyToken=7cec85d7bea7798e],[System.Int32, System.Private.CoreLib, Version=10.0.0.0, Culture=neutral, PublicKeyToken=7cec85d7bea7798e],[System.Int32, System.Private.CoreLib, Version=10.0.0.0, Culture=neutral, PublicKeyToken=7cec85d7bea7798e],[System.Int32, System.Private.CoreLib, Version=10.0.0.0, Culture=neutral, PublicKeyToken=7cec85d7bea7798e],[System.Int32, System.Private.CoreLib, Version=10.0.0.0, Culture=neutral, PublicKeyToken=7cec85d7bea7798e]]'.
2026-08-03 17:31:14.459 +05:30 [INF] Executed action LmsPortal.API.Controllers.EmployeesController.GetEmployees (LmsPortal.API) in 17.411ms
2026-08-03 17:31:14.459 +05:30 [INF] Executed endpoint 'LmsPortal.API.Controllers.EmployeesController.GetEmployees (LmsPortal.API)'
2026-08-03 17:31:14.459 +05:30 [INF] HTTP GET /api/employees responded 200 in 151.6018 ms
2026-08-03 17:31:14.460 +05:30 [INF] Request finished HTTP/1.1 GET http://localhost:5000/api/employees?page=1&pageSize=10 - 200 null application/json; charset=utf-8 152.8389ms
2026-08-03 17:31:55.311 +05:30 [INF] Request starting HTTP/1.1 POST http://localhost:5000/api/auth/login/hr - application/json 42
2026-08-03 17:31:55.311 +05:30 [INF] Executing endpoint 'LmsPortal.API.Controllers.AuthController.LoginHR (LmsPortal.API)'
2026-08-03 17:31:55.311 +05:30 [INF] Route matched with {action = "LoginHR", controller = "Auth"}. Executing controller action with signature System.Threading.Tasks.Task`1[Microsoft.AspNetCore.Mvc.IActionResult] LoginHR(LoginDto) on controller LmsPortal.API.Controllers.AuthController (LmsPortal.API).
2026-08-03 17:31:55.315 +05:30 [INF] Executed DbCommand (2ms) [Parameters=[@__ToUpper_0='?' (Size = 4000)], CommandType='"Text"', CommandTimeout='30']
SELECT TOP(1) [u].[Id], [u].[ConcurrencyStamp], [u].[CreatedAt], [u].[CreatedBy], [u].[Email], [u].[IsActive], [u].[IsDeleted], [u].[IsEmailConfirmed], [u].[NormalizedEmail], [u].[NormalizedUsername], [u].[PasswordHash], [u].[PhoneNumber], [u].[RoleId], [u].[RowVersion], [u].[SecurityStamp], [u].[UpdatedAt], [u].[UpdatedBy], [u].[Username], [r0].[Id], [r0].[CreatedAt], [r0].[CreatedBy], [r0].[Description], [r0].[IsDeleted], [r0].[NormalizedRoleName], [r0].[RoleName], [r0].[RowVersion], [r0].[UpdatedAt], [r0].[UpdatedBy]
FROM [sec].[Users] AS [u]
INNER JOIN (
    SELECT [r].[Id], [r].[CreatedAt], [r].[CreatedBy], [r].[Description], [r].[IsDeleted], [r].[NormalizedRoleName], [r].[RoleName], [r].[RowVersion], [r].[UpdatedAt], [r].[UpdatedBy]
    FROM [sec].[Roles] AS [r]
    WHERE [r].[IsDeleted] = CAST(0 AS bit)
) AS [r0] ON [u].[RoleId] = [r0].[Id]
WHERE [u].[IsDeleted] = CAST(0 AS bit) AND [u].[NormalizedUsername] = @__ToUpper_0 AND [u].[IsDeleted] = CAST(0 AS bit)
2026-08-03 17:31:55.677 +05:30 [INF] Executed DbCommand (2ms) [Parameters=[@p0='?' (Size = 4000), @p1='?' (DbType = DateTime2), @p2='?' (Size = 4000), @p3='?' (Size = 4000), @p4='?' (Size = 4000), @p5='?' (Size = 4000), @p6='?' (DbType = Int32)], CommandType='"Text"', CommandTimeout='30']
SET IMPLICIT_TRANSACTIONS OFF;
SET NOCOUNT ON;
INSERT INTO [adm].[ActivityLogs] ([Action], [CreatedAt], [Details], [IpAddress], [Role], [UserAgent], [UserId])
OUTPUT INSERTED.[Id]
VALUES (@p0, @p1, @p2, @p3, @p4, @p5, @p6);
2026-08-03 17:31:55.678 +05:30 [INF] Executing OkObjectResult, writing value of type '<>f__AnonymousType1`4[[System.Boolean, System.Private.CoreLib, Version=10.0.0.0, Culture=neutral, PublicKeyToken=7cec85d7bea7798e],[System.String, System.Private.CoreLib, Version=10.0.0.0, Culture=neutral, PublicKeyToken=7cec85d7bea7798e],[<>f__AnonymousType2`5[[System.Int32, System.Private.CoreLib, Version=10.0.0.0, Culture=neutral, PublicKeyToken=7cec85d7bea7798e],[System.String, System.Private.CoreLib, Version=10.0.0.0, Culture=neutral, PublicKeyToken=7cec85d7bea7798e],[System.String, System.Private.CoreLib, Version=10.0.0.0, Culture=neutral, PublicKeyToken=7cec85d7bea7798e],[System.String, System.Private.CoreLib, Version=10.0.0.0, Culture=neutral, PublicKeyToken=7cec85d7bea7798e],[System.String, System.Private.CoreLib, Version=10.0.0.0, Culture=neutral, PublicKeyToken=7cec85d7bea7798e]], LmsPortal.API, Version=1.0.0.0, Culture=neutral, PublicKeyToken=null],[System.String, System.Private.CoreLib, Version=10.0.0.0, Culture=neutral, PublicKeyToken=7cec85d7bea7798e]]'.
2026-08-03 17:31:55.678 +05:30 [INF] Executed action LmsPortal.API.Controllers.AuthController.LoginHR (LmsPortal.API) in 367.0209ms
2026-08-03 17:31:55.678 +05:30 [INF] Executed endpoint 'LmsPortal.API.Controllers.AuthController.LoginHR (LmsPortal.API)'
2026-08-03 17:31:55.678 +05:30 [INF] HTTP POST /api/auth/login/hr responded 200 in 367.3562 ms
2026-08-03 17:31:55.679 +05:30 [INF] Request finished HTTP/1.1 POST http://localhost:5000/api/auth/login/hr - 200 null application/json; charset=utf-8 367.718ms
2026-08-03 17:32:02.154 +05:30 [INF] Request starting HTTP/1.1 POST http://localhost:5000/api/auth/login/hr - application/json 42
2026-08-03 17:32:02.154 +05:30 [INF] Executing endpoint 'LmsPortal.API.Controllers.AuthController.LoginHR (LmsPortal.API)'
2026-08-03 17:32:02.154 +05:30 [INF] Route matched with {action = "LoginHR", controller = "Auth"}. Executing controller action with signature System.Threading.Tasks.Task`1[Microsoft.AspNetCore.Mvc.IActionResult] LoginHR(LoginDto) on controller LmsPortal.API.Controllers.AuthController (LmsPortal.API).
2026-08-03 17:32:02.157 +05:30 [INF] Executed DbCommand (1ms) [Parameters=[@__ToUpper_0='?' (Size = 4000)], CommandType='"Text"', CommandTimeout='30']
SELECT TOP(1) [u].[Id], [u].[ConcurrencyStamp], [u].[CreatedAt], [u].[CreatedBy], [u].[Email], [u].[IsActive], [u].[IsDeleted], [u].[IsEmailConfirmed], [u].[NormalizedEmail], [u].[NormalizedUsername], [u].[PasswordHash], [u].[PhoneNumber], [u].[RoleId], [u].[RowVersion], [u].[SecurityStamp], [u].[UpdatedAt], [u].[UpdatedBy], [u].[Username], [r0].[Id], [r0].[CreatedAt], [r0].[CreatedBy], [r0].[Description], [r0].[IsDeleted], [r0].[NormalizedRoleName], [r0].[RoleName], [r0].[RowVersion], [r0].[UpdatedAt], [r0].[UpdatedBy]
FROM [sec].[Users] AS [u]
INNER JOIN (
    SELECT [r].[Id], [r].[CreatedAt], [r].[CreatedBy], [r].[Description], [r].[IsDeleted], [r].[NormalizedRoleName], [r].[RoleName], [r].[RowVersion], [r].[UpdatedAt], [r].[UpdatedBy]
    FROM [sec].[Roles] AS [r]
    WHERE [r].[IsDeleted] = CAST(0 AS bit)
) AS [r0] ON [u].[RoleId] = [r0].[Id]
WHERE [u].[IsDeleted] = CAST(0 AS bit) AND [u].[NormalizedUsername] = @__ToUpper_0 AND [u].[IsDeleted] = CAST(0 AS bit)
2026-08-03 17:32:02.300 +05:30 [INF] Executed DbCommand (2ms) [Parameters=[@p0='?' (Size = 4000), @p1='?' (DbType = DateTime2), @p2='?' (Size = 4000), @p3='?' (Size = 4000), @p4='?' (Size = 4000), @p5='?' (Size = 4000), @p6='?' (DbType = Int32)], CommandType='"Text"', CommandTimeout='30']
SET IMPLICIT_TRANSACTIONS OFF;
SET NOCOUNT ON;
INSERT INTO [adm].[ActivityLogs] ([Action], [CreatedAt], [Details], [IpAddress], [Role], [UserAgent], [UserId])
OUTPUT INSERTED.[Id]
VALUES (@p0, @p1, @p2, @p3, @p4, @p5, @p6);
2026-08-03 17:32:02.301 +05:30 [INF] Executing OkObjectResult, writing value of type '<>f__AnonymousType1`4[[System.Boolean, System.Private.CoreLib, Version=10.0.0.0, Culture=neutral, PublicKeyToken=7cec85d7bea7798e],[System.String, System.Private.CoreLib, Version=10.0.0.0, Culture=neutral, PublicKeyToken=7cec85d7bea7798e],[<>f__AnonymousType2`5[[System.Int32, System.Private.CoreLib, Version=10.0.0.0, Culture=neutral, PublicKeyToken=7cec85d7bea7798e],[System.String, System.Private.CoreLib, Version=10.0.0.0, Culture=neutral, PublicKeyToken=7cec85d7bea7798e],[System.String, System.Private.CoreLib, Version=10.0.0.0, Culture=neutral, PublicKeyToken=7cec85d7bea7798e],[System.String, System.Private.CoreLib, Version=10.0.0.0, Culture=neutral, PublicKeyToken=7cec85d7bea7798e],[System.String, System.Private.CoreLib, Version=10.0.0.0, Culture=neutral, PublicKeyToken=7cec85d7bea7798e]], LmsPortal.API, Version=1.0.0.0, Culture=neutral, PublicKeyToken=null],[System.String, System.Private.CoreLib, Version=10.0.0.0, Culture=neutral, PublicKeyToken=7cec85d7bea7798e]]'.
2026-08-03 17:32:02.302 +05:30 [INF] Executed action LmsPortal.API.Controllers.AuthController.LoginHR (LmsPortal.API) in 147.1338ms
2026-08-03 17:32:02.302 +05:30 [INF] Executed endpoint 'LmsPortal.API.Controllers.AuthController.LoginHR (LmsPortal.API)'
2026-08-03 17:32:02.302 +05:30 [INF] HTTP POST /api/auth/login/hr responded 200 in 147.4172 ms
2026-08-03 17:32:02.302 +05:30 [INF] Request finished HTTP/1.1 POST http://localhost:5000/api/auth/login/hr - 200 null application/json; charset=utf-8 147.7566ms
2026-08-03 17:34:20.748 +05:30 [INF] Request starting HTTP/1.1 POST http://localhost:5000/api/auth/login/hr - application/json 42
2026-08-03 17:34:20.749 +05:30 [INF] Executing endpoint 'LmsPortal.API.Controllers.AuthController.LoginHR (LmsPortal.API)'
2026-08-03 17:34:20.749 +05:30 [INF] Route matched with {action = "LoginHR", controller = "Auth"}. Executing controller action with signature System.Threading.Tasks.Task`1[Microsoft.AspNetCore.Mvc.IActionResult] LoginHR(LoginDto) on controller LmsPortal.API.Controllers.AuthController (LmsPortal.API).
2026-08-03 17:34:20.764 +05:30 [INF] Executed DbCommand (13ms) [Parameters=[@__ToUpper_0='?' (Size = 4000)], CommandType='"Text"', CommandTimeout='30']
SELECT TOP(1) [u].[Id], [u].[ConcurrencyStamp], [u].[CreatedAt], [u].[CreatedBy], [u].[Email], [u].[IsActive], [u].[IsDeleted], [u].[IsEmailConfirmed], [u].[NormalizedEmail], [u].[NormalizedUsername], [u].[PasswordHash], [u].[PhoneNumber], [u].[RoleId], [u].[RowVersion], [u].[SecurityStamp], [u].[UpdatedAt], [u].[UpdatedBy], [u].[Username], [r0].[Id], [r0].[CreatedAt], [r0].[CreatedBy], [r0].[Description], [r0].[IsDeleted], [r0].[NormalizedRoleName], [r0].[RoleName], [r0].[RowVersion], [r0].[UpdatedAt], [r0].[UpdatedBy]
FROM [sec].[Users] AS [u]
INNER JOIN (
    SELECT [r].[Id], [r].[CreatedAt], [r].[CreatedBy], [r].[Description], [r].[IsDeleted], [r].[NormalizedRoleName], [r].[RoleName], [r].[RowVersion], [r].[UpdatedAt], [r].[UpdatedBy]
    FROM [sec].[Roles] AS [r]
    WHERE [r].[IsDeleted] = CAST(0 AS bit)
) AS [r0] ON [u].[RoleId] = [r0].[Id]
WHERE [u].[IsDeleted] = CAST(0 AS bit) AND [u].[NormalizedUsername] = @__ToUpper_0 AND [u].[IsDeleted] = CAST(0 AS bit)
2026-08-03 17:34:20.950 +05:30 [INF] Executed DbCommand (28ms) [Parameters=[@p0='?' (Size = 4000), @p1='?' (DbType = DateTime2), @p2='?' (Size = 4000), @p3='?' (Size = 4000), @p4='?' (Size = 4000), @p5='?' (Size = 4000), @p6='?' (DbType = Int32)], CommandType='"Text"', CommandTimeout='30']
SET IMPLICIT_TRANSACTIONS OFF;
SET NOCOUNT ON;
INSERT INTO [adm].[ActivityLogs] ([Action], [CreatedAt], [Details], [IpAddress], [Role], [UserAgent], [UserId])
OUTPUT INSERTED.[Id]
VALUES (@p0, @p1, @p2, @p3, @p4, @p5, @p6);
2026-08-03 17:34:20.951 +05:30 [INF] Executing OkObjectResult, writing value of type '<>f__AnonymousType1`4[[System.Boolean, System.Private.CoreLib, Version=10.0.0.0, Culture=neutral, PublicKeyToken=7cec85d7bea7798e],[System.String, System.Private.CoreLib, Version=10.0.0.0, Culture=neutral, PublicKeyToken=7cec85d7bea7798e],[<>f__AnonymousType2`5[[System.Int32, System.Private.CoreLib, Version=10.0.0.0, Culture=neutral, PublicKeyToken=7cec85d7bea7798e],[System.String, System.Private.CoreLib, Version=10.0.0.0, Culture=neutral, PublicKeyToken=7cec85d7bea7798e],[System.String, System.Private.CoreLib, Version=10.0.0.0, Culture=neutral, PublicKeyToken=7cec85d7bea7798e],[System.String, System.Private.CoreLib, Version=10.0.0.0, Culture=neutral, PublicKeyToken=7cec85d7bea7798e],[System.String, System.Private.CoreLib, Version=10.0.0.0, Culture=neutral, PublicKeyToken=7cec85d7bea7798e]], LmsPortal.API, Version=1.0.0.0, Culture=neutral, PublicKeyToken=null],[System.String, System.Private.CoreLib, Version=10.0.0.0, Culture=neutral, PublicKeyToken=7cec85d7bea7798e]]'.
2026-08-03 17:34:20.951 +05:30 [INF] Executed action LmsPortal.API.Controllers.AuthController.LoginHR (LmsPortal.API) in 202.2409ms
2026-08-03 17:34:20.951 +05:30 [INF] Executed endpoint 'LmsPortal.API.Controllers.AuthController.LoginHR (LmsPortal.API)'
2026-08-03 17:34:20.951 +05:30 [INF] HTTP POST /api/auth/login/hr responded 200 in 202.5898 ms
2026-08-03 17:34:20.951 +05:30 [INF] Request finished HTTP/1.1 POST http://localhost:5000/api/auth/login/hr - 200 null application/json; charset=utf-8 202.9265ms
2026-08-03 17:34:26.358 +05:30 [INF] Request starting HTTP/1.1 POST http://localhost:5000/api/auth/login/hr - application/json 42
2026-08-03 17:34:26.359 +05:30 [INF] Executing endpoint 'LmsPortal.API.Controllers.AuthController.LoginHR (LmsPortal.API)'
2026-08-03 17:34:26.359 +05:30 [INF] Route matched with {action = "LoginHR", controller = "Auth"}. Executing controller action with signature System.Threading.Tasks.Task`1[Microsoft.AspNetCore.Mvc.IActionResult] LoginHR(LoginDto) on controller LmsPortal.API.Controllers.AuthController (LmsPortal.API).
2026-08-03 17:34:26.364 +05:30 [INF] Executed DbCommand (1ms) [Parameters=[@__ToUpper_0='?' (Size = 4000)], CommandType='"Text"', CommandTimeout='30']
SELECT TOP(1) [u].[Id], [u].[ConcurrencyStamp], [u].[CreatedAt], [u].[CreatedBy], [u].[Email], [u].[IsActive], [u].[IsDeleted], [u].[IsEmailConfirmed], [u].[NormalizedEmail], [u].[NormalizedUsername], [u].[PasswordHash], [u].[PhoneNumber], [u].[RoleId], [u].[RowVersion], [u].[SecurityStamp], [u].[UpdatedAt], [u].[UpdatedBy], [u].[Username], [r0].[Id], [r0].[CreatedAt], [r0].[CreatedBy], [r0].[Description], [r0].[IsDeleted], [r0].[NormalizedRoleName], [r0].[RoleName], [r0].[RowVersion], [r0].[UpdatedAt], [r0].[UpdatedBy]
FROM [sec].[Users] AS [u]
INNER JOIN (
    SELECT [r].[Id], [r].[CreatedAt], [r].[CreatedBy], [r].[Description], [r].[IsDeleted], [r].[NormalizedRoleName], [r].[RoleName], [r].[RowVersion], [r].[UpdatedAt], [r].[UpdatedBy]
    FROM [sec].[Roles] AS [r]
    WHERE [r].[IsDeleted] = CAST(0 AS bit)
) AS [r0] ON [u].[RoleId] = [r0].[Id]
WHERE [u].[IsDeleted] = CAST(0 AS bit) AND [u].[NormalizedUsername] = @__ToUpper_0 AND [u].[IsDeleted] = CAST(0 AS bit)
2026-08-03 17:34:26.563 +05:30 [INF] Executed DbCommand (2ms) [Parameters=[@p0='?' (Size = 4000), @p1='?' (DbType = DateTime2), @p2='?' (Size = 4000), @p3='?' (Size = 4000), @p4='?' (Size = 4000), @p5='?' (Size = 4000), @p6='?' (DbType = Int32)], CommandType='"Text"', CommandTimeout='30']
SET IMPLICIT_TRANSACTIONS OFF;
SET NOCOUNT ON;
INSERT INTO [adm].[ActivityLogs] ([Action], [CreatedAt], [Details], [IpAddress], [Role], [UserAgent], [UserId])
OUTPUT INSERTED.[Id]
VALUES (@p0, @p1, @p2, @p3, @p4, @p5, @p6);
2026-08-03 17:34:26.564 +05:30 [INF] Executing OkObjectResult, writing value of type '<>f__AnonymousType1`4[[System.Boolean, System.Private.CoreLib, Version=10.0.0.0, Culture=neutral, PublicKeyToken=7cec85d7bea7798e],[System.String, System.Private.CoreLib, Version=10.0.0.0, Culture=neutral, PublicKeyToken=7cec85d7bea7798e],[<>f__AnonymousType2`5[[System.Int32, System.Private.CoreLib, Version=10.0.0.0, Culture=neutral, PublicKeyToken=7cec85d7bea7798e],[System.String, System.Private.CoreLib, Version=10.0.0.0, Culture=neutral, PublicKeyToken=7cec85d7bea7798e],[System.String, System.Private.CoreLib, Version=10.0.0.0, Culture=neutral, PublicKeyToken=7cec85d7bea7798e],[System.String, System.Private.CoreLib, Version=10.0.0.0, Culture=neutral, PublicKeyToken=7cec85d7bea7798e],[System.String, System.Private.CoreLib, Version=10.0.0.0, Culture=neutral, PublicKeyToken=7cec85d7bea7798e]], LmsPortal.API, Version=1.0.0.0, Culture=neutral, PublicKeyToken=null],[System.String, System.Private.CoreLib, Version=10.0.0.0, Culture=neutral, PublicKeyToken=7cec85d7bea7798e]]'.
2026-08-03 17:34:26.564 +05:30 [INF] Executed action LmsPortal.API.Controllers.AuthController.LoginHR (LmsPortal.API) in 205.0462ms
2026-08-03 17:34:26.564 +05:30 [INF] Executed endpoint 'LmsPortal.API.Controllers.AuthController.LoginHR (LmsPortal.API)'
2026-08-03 17:34:26.564 +05:30 [INF] HTTP POST /api/auth/login/hr responded 200 in 205.8588 ms
2026-08-03 17:34:26.566 +05:30 [INF] Request finished HTTP/1.1 POST http://localhost:5000/api/auth/login/hr - 200 null application/json; charset=utf-8 206.4656ms
2026-08-03 17:34:48.290 +05:30 [INF] Request starting HTTP/1.1 POST http://localhost:5000/api/auth/login/hr - application/json 42
2026-08-03 17:34:48.291 +05:30 [INF] Executing endpoint 'LmsPortal.API.Controllers.AuthController.LoginHR (LmsPortal.API)'
2026-08-03 17:34:48.291 +05:30 [INF] Route matched with {action = "LoginHR", controller = "Auth"}. Executing controller action with signature System.Threading.Tasks.Task`1[Microsoft.AspNetCore.Mvc.IActionResult] LoginHR(LoginDto) on controller LmsPortal.API.Controllers.AuthController (LmsPortal.API).
2026-08-03 17:34:48.293 +05:30 [INF] Executed DbCommand (1ms) [Parameters=[@__ToUpper_0='?' (Size = 4000)], CommandType='"Text"', CommandTimeout='30']
SELECT TOP(1) [u].[Id], [u].[ConcurrencyStamp], [u].[CreatedAt], [u].[CreatedBy], [u].[Email], [u].[IsActive], [u].[IsDeleted], [u].[IsEmailConfirmed], [u].[NormalizedEmail], [u].[NormalizedUsername], [u].[PasswordHash], [u].[PhoneNumber], [u].[RoleId], [u].[RowVersion], [u].[SecurityStamp], [u].[UpdatedAt], [u].[UpdatedBy], [u].[Username], [r0].[Id], [r0].[CreatedAt], [r0].[CreatedBy], [r0].[Description], [r0].[IsDeleted], [r0].[NormalizedRoleName], [r0].[RoleName], [r0].[RowVersion], [r0].[UpdatedAt], [r0].[UpdatedBy]
FROM [sec].[Users] AS [u]
INNER JOIN (
    SELECT [r].[Id], [r].[CreatedAt], [r].[CreatedBy], [r].[Description], [r].[IsDeleted], [r].[NormalizedRoleName], [r].[RoleName], [r].[RowVersion], [r].[UpdatedAt], [r].[UpdatedBy]
    FROM [sec].[Roles] AS [r]
    WHERE [r].[IsDeleted] = CAST(0 AS bit)
) AS [r0] ON [u].[RoleId] = [r0].[Id]
WHERE [u].[IsDeleted] = CAST(0 AS bit) AND [u].[NormalizedUsername] = @__ToUpper_0 AND [u].[IsDeleted] = CAST(0 AS bit)
2026-08-03 17:34:48.430 +05:30 [INF] Executed DbCommand (2ms) [Parameters=[@p0='?' (Size = 4000), @p1='?' (DbType = DateTime2), @p2='?' (Size = 4000), @p3='?' (Size = 4000), @p4='?' (Size = 4000), @p5='?' (Size = 4000), @p6='?' (DbType = Int32)], CommandType='"Text"', CommandTimeout='30']
SET IMPLICIT_TRANSACTIONS OFF;
SET NOCOUNT ON;
INSERT INTO [adm].[ActivityLogs] ([Action], [CreatedAt], [Details], [IpAddress], [Role], [UserAgent], [UserId])
OUTPUT INSERTED.[Id]
VALUES (@p0, @p1, @p2, @p3, @p4, @p5, @p6);
2026-08-03 17:34:48.431 +05:30 [INF] Executing OkObjectResult, writing value of type '<>f__AnonymousType1`4[[System.Boolean, System.Private.CoreLib, Version=10.0.0.0, Culture=neutral, PublicKeyToken=7cec85d7bea7798e],[System.String, System.Private.CoreLib, Version=10.0.0.0, Culture=neutral, PublicKeyToken=7cec85d7bea7798e],[<>f__AnonymousType2`5[[System.Int32, System.Private.CoreLib, Version=10.0.0.0, Culture=neutral, PublicKeyToken=7cec85d7bea7798e],[System.String, System.Private.CoreLib, Version=10.0.0.0, Culture=neutral, PublicKeyToken=7cec85d7bea7798e],[System.String, System.Private.CoreLib, Version=10.0.0.0, Culture=neutral, PublicKeyToken=7cec85d7bea7798e],[System.String, System.Private.CoreLib, Version=10.0.0.0, Culture=neutral, PublicKeyToken=7cec85d7bea7798e],[System.String, System.Private.CoreLib, Version=10.0.0.0, Culture=neutral, PublicKeyToken=7cec85d7bea7798e]], LmsPortal.API, Version=1.0.0.0, Culture=neutral, PublicKeyToken=null],[System.String, System.Private.CoreLib, Version=10.0.0.0, Culture=neutral, PublicKeyToken=7cec85d7bea7798e]]'.
2026-08-03 17:34:48.431 +05:30 [INF] Executed action LmsPortal.API.Controllers.AuthController.LoginHR (LmsPortal.API) in 140.6914ms
2026-08-03 17:34:48.431 +05:30 [INF] Executed endpoint 'LmsPortal.API.Controllers.AuthController.LoginHR (LmsPortal.API)'
2026-08-03 17:34:48.432 +05:30 [INF] HTTP POST /api/auth/login/hr responded 200 in 140.9971 ms
2026-08-03 17:34:48.432 +05:30 [INF] Request finished HTTP/1.1 POST http://localhost:5000/api/auth/login/hr - 200 null application/json; charset=utf-8 141.3652ms
2026-08-03 17:35:11.452 +05:30 [INF] Request starting HTTP/1.1 POST http://localhost:5000/api/auth/login/hr - application/json 42
2026-08-03 17:35:11.452 +05:30 [INF] Executing endpoint 'LmsPortal.API.Controllers.AuthController.LoginHR (LmsPortal.API)'
2026-08-03 17:35:11.452 +05:30 [INF] Route matched with {action = "LoginHR", controller = "Auth"}. Executing controller action with signature System.Threading.Tasks.Task`1[Microsoft.AspNetCore.Mvc.IActionResult] LoginHR(LoginDto) on controller LmsPortal.API.Controllers.AuthController (LmsPortal.API).
2026-08-03 17:35:11.457 +05:30 [INF] Executed DbCommand (2ms) [Parameters=[@__ToUpper_0='?' (Size = 4000)], CommandType='"Text"', CommandTimeout='30']
SELECT TOP(1) [u].[Id], [u].[ConcurrencyStamp], [u].[CreatedAt], [u].[CreatedBy], [u].[Email], [u].[IsActive], [u].[IsDeleted], [u].[IsEmailConfirmed], [u].[NormalizedEmail], [u].[NormalizedUsername], [u].[PasswordHash], [u].[PhoneNumber], [u].[RoleId], [u].[RowVersion], [u].[SecurityStamp], [u].[UpdatedAt], [u].[UpdatedBy], [u].[Username], [r0].[Id], [r0].[CreatedAt], [r0].[CreatedBy], [r0].[Description], [r0].[IsDeleted], [r0].[NormalizedRoleName], [r0].[RoleName], [r0].[RowVersion], [r0].[UpdatedAt], [r0].[UpdatedBy]
FROM [sec].[Users] AS [u]
INNER JOIN (
    SELECT [r].[Id], [r].[CreatedAt], [r].[CreatedBy], [r].[Description], [r].[IsDeleted], [r].[NormalizedRoleName], [r].[RoleName], [r].[RowVersion], [r].[UpdatedAt], [r].[UpdatedBy]
    FROM [sec].[Roles] AS [r]
    WHERE [r].[IsDeleted] = CAST(0 AS bit)
) AS [r0] ON [u].[RoleId] = [r0].[Id]
WHERE [u].[IsDeleted] = CAST(0 AS bit) AND [u].[NormalizedUsername] = @__ToUpper_0 AND [u].[IsDeleted] = CAST(0 AS bit)
2026-08-03 17:35:11.598 +05:30 [INF] Executed DbCommand (2ms) [Parameters=[@p0='?' (Size = 4000), @p1='?' (DbType = DateTime2), @p2='?' (Size = 4000), @p3='?' (Size = 4000), @p4='?' (Size = 4000), @p5='?' (Size = 4000), @p6='?' (DbType = Int32)], CommandType='"Text"', CommandTimeout='30']
SET IMPLICIT_TRANSACTIONS OFF;
SET NOCOUNT ON;
INSERT INTO [adm].[ActivityLogs] ([Action], [CreatedAt], [Details], [IpAddress], [Role], [UserAgent], [UserId])
OUTPUT INSERTED.[Id]
VALUES (@p0, @p1, @p2, @p3, @p4, @p5, @p6);
2026-08-03 17:35:11.599 +05:30 [INF] Executing OkObjectResult, writing value of type '<>f__AnonymousType1`4[[System.Boolean, System.Private.CoreLib, Version=10.0.0.0, Culture=neutral, PublicKeyToken=7cec85d7bea7798e],[System.String, System.Private.CoreLib, Version=10.0.0.0, Culture=neutral, PublicKeyToken=7cec85d7bea7798e],[<>f__AnonymousType2`5[[System.Int32, System.Private.CoreLib, Version=10.0.0.0, Culture=neutral, PublicKeyToken=7cec85d7bea7798e],[System.String, System.Private.CoreLib, Version=10.0.0.0, Culture=neutral, PublicKeyToken=7cec85d7bea7798e],[System.String, System.Private.CoreLib, Version=10.0.0.0, Culture=neutral, PublicKeyToken=7cec85d7bea7798e],[System.String, System.Private.CoreLib, Version=10.0.0.0, Culture=neutral, PublicKeyToken=7cec85d7bea7798e],[System.String, System.Private.CoreLib, Version=10.0.0.0, Culture=neutral, PublicKeyToken=7cec85d7bea7798e]], LmsPortal.API, Version=1.0.0.0, Culture=neutral, PublicKeyToken=null],[System.String, System.Private.CoreLib, Version=10.0.0.0, Culture=neutral, PublicKeyToken=7cec85d7bea7798e]]'.
2026-08-03 17:35:11.599 +05:30 [INF] Executed action LmsPortal.API.Controllers.AuthController.LoginHR (LmsPortal.API) in 146.486ms
2026-08-03 17:35:11.599 +05:30 [INF] Executed endpoint 'LmsPortal.API.Controllers.AuthController.LoginHR (LmsPortal.API)'
2026-08-03 17:35:11.599 +05:30 [INF] HTTP POST /api/auth/login/hr responded 200 in 146.7321 ms
2026-08-03 17:35:11.599 +05:30 [INF] Request finished HTTP/1.1 POST http://localhost:5000/api/auth/login/hr - 200 null application/json; charset=utf-8 146.9976ms
2026-08-03 17:40:08.424 +05:30 [INF] Request starting HTTP/1.1 GET http://localhost:5000/api/employees?page=1&pageSize=10 - null null
2026-08-03 17:40:08.427 +05:30 [INF] Executing endpoint 'LmsPortal.API.Controllers.EmployeesController.GetEmployees (LmsPortal.API)'
2026-08-03 17:40:08.427 +05:30 [INF] Route matched with {action = "GetEmployees", controller = "Employees"}. Executing controller action with signature System.Threading.Tasks.Task`1[Microsoft.AspNetCore.Mvc.IActionResult] GetEmployees(System.String, System.Nullable`1[System.Int32], System.String, Int32, Int32) on controller LmsPortal.API.Controllers.EmployeesController (LmsPortal.API).
2026-08-03 17:40:08.478 +05:30 [INF] Executed DbCommand (3ms) [Parameters=[], CommandType='"Text"', CommandTimeout='30']
SELECT COUNT(*)
FROM [emp].[Employees] AS [e]
WHERE [e].[IsDeleted] = CAST(0 AS bit)
2026-08-03 17:40:08.486 +05:30 [INF] Executed DbCommand (4ms) [Parameters=[@__p_0='?' (DbType = Int32), @__p_1='?' (DbType = Int32)], CommandType='"Text"', CommandTimeout='30']
SELECT [e0].[Id], [e0].[CreatedAt], [e0].[CreatedBy], [e0].[DepartmentCode], [e0].[DepartmentId], [e0].[DesignationCode], [e0].[DesignationId], [e0].[EmployeeCode], [e0].[EmploymentStatus], [e0].[FirstName], [e0].[IsDeleted], [e0].[IsMasterTester], [e0].[JoiningDate], [e0].[LastName], [e0].[MiddleName], [e0].[OfficeCode], [e0].[OfficeId], [e0].[OfficialEmail], [e0].[RowVersion], [e0].[UpdatedAt], [e0].[UpdatedBy], [e0].[UserId], [d0].[Id], [d0].[CreatedAt], [d0].[CreatedBy], [d0].[DepartmentCode], [d0].[DepartmentName], [d0].[Description], [d0].[IsActive], [d0].[IsDeleted], [d0].[RowVersion], [d0].[UpdatedAt], [d0].[UpdatedBy], [d2].[Id], [d2].[CreatedAt], [d2].[CreatedBy], [d2].[DesignationCode], [d2].[GradeLevel], [d2].[IsActive], [d2].[IsDeleted], [d2].[RowVersion], [d2].[Title], [d2].[UpdatedAt], [d2].[UpdatedBy], [o0].[Id], [o0].[City], [o0].[Country], [o0].[CreatedAt], [o0].[CreatedBy], [o0].[IsActive], [o0].[IsDeleted], [o0].[OfficeCode], [o0].[OfficeName], [o0].[RowVersion], [o0].[State], [o0].[UpdatedAt], [o0].[UpdatedBy]
FROM (
    SELECT [e].[Id], [e].[CreatedAt], [e].[CreatedBy], [e].[DepartmentCode], [e].[DepartmentId], [e].[DesignationCode], [e].[DesignationId], [e].[EmployeeCode], [e].[EmploymentStatus], [e].[FirstName], [e].[IsDeleted], [e].[IsMasterTester], [e].[JoiningDate], [e].[LastName], [e].[MiddleName], [e].[OfficeCode], [e].[OfficeId], [e].[OfficialEmail], [e].[RowVersion], [e].[UpdatedAt], [e].[UpdatedBy], [e].[UserId]
    FROM [emp].[Employees] AS [e]
    WHERE [e].[IsDeleted] = CAST(0 AS bit)
    ORDER BY [e].[CreatedAt] DESC
    OFFSET @__p_0 ROWS FETCH NEXT @__p_1 ROWS ONLY
) AS [e0]
INNER JOIN (
    SELECT [d].[Id], [d].[CreatedAt], [d].[CreatedBy], [d].[DepartmentCode], [d].[DepartmentName], [d].[Description], [d].[IsActive], [d].[IsDeleted], [d].[RowVersion], [d].[UpdatedAt], [d].[UpdatedBy]
    FROM [org].[Departments] AS [d]
    WHERE [d].[IsDeleted] = CAST(0 AS bit)
) AS [d0] ON [e0].[DepartmentId] = [d0].[Id]
INNER JOIN (
    SELECT [d1].[Id], [d1].[CreatedAt], [d1].[CreatedBy], [d1].[DesignationCode], [d1].[GradeLevel], [d1].[IsActive], [d1].[IsDeleted], [d1].[RowVersion], [d1].[Title], [d1].[UpdatedAt], [d1].[UpdatedBy]
    FROM [org].[Designations] AS [d1]
    WHERE [d1].[IsDeleted] = CAST(0 AS bit)
) AS [d2] ON [e0].[DesignationId] = [d2].[Id]
INNER JOIN (
    SELECT [o].[Id], [o].[City], [o].[Country], [o].[CreatedAt], [o].[CreatedBy], [o].[IsActive], [o].[IsDeleted], [o].[OfficeCode], [o].[OfficeName], [o].[RowVersion], [o].[State], [o].[UpdatedAt], [o].[UpdatedBy]
    FROM [org].[Offices] AS [o]
    WHERE [o].[IsDeleted] = CAST(0 AS bit)
) AS [o0] ON [e0].[OfficeId] = [o0].[Id]
ORDER BY [e0].[CreatedAt] DESC
2026-08-03 17:40:08.492 +05:30 [INF] Executing OkObjectResult, writing value of type '<>f__AnonymousType13`6[[System.Boolean, System.Private.CoreLib, Version=10.0.0.0, Culture=neutral, PublicKeyToken=7cec85d7bea7798e],[System.Collections.Generic.List`1[[LmsPortal.Core.Entities.Employee, LmsPortal.Core, Version=1.0.0.0, Culture=neutral, PublicKeyToken=null]], System.Private.CoreLib, Version=10.0.0.0, Culture=neutral, PublicKeyToken=7cec85d7bea7798e],[System.Int32, System.Private.CoreLib, Version=10.0.0.0, Culture=neutral, PublicKeyToken=7cec85d7bea7798e],[System.Int32, System.Private.CoreLib, Version=10.0.0.0, Culture=neutral, PublicKeyToken=7cec85d7bea7798e],[System.Int32, System.Private.CoreLib, Version=10.0.0.0, Culture=neutral, PublicKeyToken=7cec85d7bea7798e],[System.Int32, System.Private.CoreLib, Version=10.0.0.0, Culture=neutral, PublicKeyToken=7cec85d7bea7798e]]'.
2026-08-03 17:40:08.494 +05:30 [INF] Executed action LmsPortal.API.Controllers.EmployeesController.GetEmployees (LmsPortal.API) in 66.7518ms
2026-08-03 17:40:08.494 +05:30 [INF] Executed endpoint 'LmsPortal.API.Controllers.EmployeesController.GetEmployees (LmsPortal.API)'
2026-08-03 17:40:08.494 +05:30 [INF] HTTP GET /api/employees responded 200 in 68.4869 ms
2026-08-03 17:40:08.494 +05:30 [INF] Request finished HTTP/1.1 GET http://localhost:5000/api/employees?page=1&pageSize=10 - 200 null application/json; charset=utf-8 70.6754ms
2026-08-03 17:40:08.568 +05:30 [INF] Request starting HTTP/1.1 GET http://localhost:5000/api/employees?page=1&pageSize=10 - null null
2026-08-03 17:40:08.568 +05:30 [INF] Executing endpoint 'LmsPortal.API.Controllers.EmployeesController.GetEmployees (LmsPortal.API)'
2026-08-03 17:40:08.568 +05:30 [INF] Route matched with {action = "GetEmployees", controller = "Employees"}. Executing controller action with signature System.Threading.Tasks.Task`1[Microsoft.AspNetCore.Mvc.IActionResult] GetEmployees(System.String, System.Nullable`1[System.Int32], System.String, Int32, Int32) on controller LmsPortal.API.Controllers.EmployeesController (LmsPortal.API).
2026-08-03 17:40:08.571 +05:30 [INF] Executed DbCommand (2ms) [Parameters=[], CommandType='"Text"', CommandTimeout='30']
SELECT COUNT(*)
FROM [emp].[Employees] AS [e]
WHERE [e].[IsDeleted] = CAST(0 AS bit)
2026-08-03 17:40:08.719 +05:30 [INF] Executed DbCommand (3ms) [Parameters=[@__p_0='?' (DbType = Int32), @__p_1='?' (DbType = Int32)], CommandType='"Text"', CommandTimeout='30']
SELECT [e0].[Id], [e0].[CreatedAt], [e0].[CreatedBy], [e0].[DepartmentCode], [e0].[DepartmentId], [e0].[DesignationCode], [e0].[DesignationId], [e0].[EmployeeCode], [e0].[EmploymentStatus], [e0].[FirstName], [e0].[IsDeleted], [e0].[IsMasterTester], [e0].[JoiningDate], [e0].[LastName], [e0].[MiddleName], [e0].[OfficeCode], [e0].[OfficeId], [e0].[OfficialEmail], [e0].[RowVersion], [e0].[UpdatedAt], [e0].[UpdatedBy], [e0].[UserId], [d0].[Id], [d0].[CreatedAt], [d0].[CreatedBy], [d0].[DepartmentCode], [d0].[DepartmentName], [d0].[Description], [d0].[IsActive], [d0].[IsDeleted], [d0].[RowVersion], [d0].[UpdatedAt], [d0].[UpdatedBy], [d2].[Id], [d2].[CreatedAt], [d2].[CreatedBy], [d2].[DesignationCode], [d2].[GradeLevel], [d2].[IsActive], [d2].[IsDeleted], [d2].[RowVersion], [d2].[Title], [d2].[UpdatedAt], [d2].[UpdatedBy], [o0].[Id], [o0].[City], [o0].[Country], [o0].[CreatedAt], [o0].[CreatedBy], [o0].[IsActive], [o0].[IsDeleted], [o0].[OfficeCode], [o0].[OfficeName], [o0].[RowVersion], [o0].[State], [o0].[UpdatedAt], [o0].[UpdatedBy]
FROM (
    SELECT [e].[Id], [e].[CreatedAt], [e].[CreatedBy], [e].[DepartmentCode], [e].[DepartmentId], [e].[DesignationCode], [e].[DesignationId], [e].[EmployeeCode], [e].[EmploymentStatus], [e].[FirstName], [e].[IsDeleted], [e].[IsMasterTester], [e].[JoiningDate], [e].[LastName], [e].[MiddleName], [e].[OfficeCode], [e].[OfficeId], [e].[OfficialEmail], [e].[RowVersion], [e].[UpdatedAt], [e].[UpdatedBy], [e].[UserId]
    FROM [emp].[Employees] AS [e]
    WHERE [e].[IsDeleted] = CAST(0 AS bit)
    ORDER BY [e].[CreatedAt] DESC
    OFFSET @__p_0 ROWS FETCH NEXT @__p_1 ROWS ONLY
) AS [e0]
INNER JOIN (
    SELECT [d].[Id], [d].[CreatedAt], [d].[CreatedBy], [d].[DepartmentCode], [d].[DepartmentName], [d].[Description], [d].[IsActive], [d].[IsDeleted], [d].[RowVersion], [d].[UpdatedAt], [d].[UpdatedBy]
    FROM [org].[Departments] AS [d]
    WHERE [d].[IsDeleted] = CAST(0 AS bit)
) AS [d0] ON [e0].[DepartmentId] = [d0].[Id]
INNER JOIN (
    SELECT [d1].[Id], [d1].[CreatedAt], [d1].[CreatedBy], [d1].[DesignationCode], [d1].[GradeLevel], [d1].[IsActive], [d1].[IsDeleted], [d1].[RowVersion], [d1].[Title], [d1].[UpdatedAt], [d1].[UpdatedBy]
    FROM [org].[Designations] AS [d1]
    WHERE [d1].[IsDeleted] = CAST(0 AS bit)
) AS [d2] ON [e0].[DesignationId] = [d2].[Id]
INNER JOIN (
    SELECT [o].[Id], [o].[City], [o].[Country], [o].[CreatedAt], [o].[CreatedBy], [o].[IsActive], [o].[IsDeleted], [o].[OfficeCode], [o].[OfficeName], [o].[RowVersion], [o].[State], [o].[UpdatedAt], [o].[UpdatedBy]
    FROM [org].[Offices] AS [o]
    WHERE [o].[IsDeleted] = CAST(0 AS bit)
) AS [o0] ON [e0].[OfficeId] = [o0].[Id]
ORDER BY [e0].[CreatedAt] DESC
2026-08-03 17:40:08.723 +05:30 [INF] Executing OkObjectResult, writing value of type '<>f__AnonymousType13`6[[System.Boolean, System.Private.CoreLib, Version=10.0.0.0, Culture=neutral, PublicKeyToken=7cec85d7bea7798e],[System.Collections.Generic.List`1[[LmsPortal.Core.Entities.Employee, LmsPortal.Core, Version=1.0.0.0, Culture=neutral, PublicKeyToken=null]], System.Private.CoreLib, Version=10.0.0.0, Culture=neutral, PublicKeyToken=7cec85d7bea7798e],[System.Int32, System.Private.CoreLib, Version=10.0.0.0, Culture=neutral, PublicKeyToken=7cec85d7bea7798e],[System.Int32, System.Private.CoreLib, Version=10.0.0.0, Culture=neutral, PublicKeyToken=7cec85d7bea7798e],[System.Int32, System.Private.CoreLib, Version=10.0.0.0, Culture=neutral, PublicKeyToken=7cec85d7bea7798e],[System.Int32, System.Private.CoreLib, Version=10.0.0.0, Culture=neutral, PublicKeyToken=7cec85d7bea7798e]]'.
2026-08-03 17:40:08.724 +05:30 [INF] Executed action LmsPortal.API.Controllers.EmployeesController.GetEmployees (LmsPortal.API) in 155.86ms
2026-08-03 17:40:08.724 +05:30 [INF] Executed endpoint 'LmsPortal.API.Controllers.EmployeesController.GetEmployees (LmsPortal.API)'
2026-08-03 17:40:08.724 +05:30 [INF] HTTP GET /api/employees responded 200 in 156.5835 ms
2026-08-03 17:40:08.725 +05:30 [INF] Request finished HTTP/1.1 GET http://localhost:5000/api/employees?page=1&pageSize=10 - 200 null application/json; charset=utf-8 157.0058ms
