2026-08-04 12:08:36.205 +05:30 [INF] User profile is available. Using 'C:\Users\kaustubh.bhatlawande\AppData\Local\ASP.NET\DataProtection-Keys' as key repository and Windows DPAPI to encrypt keys at rest.
2026-08-04 12:08:36.357 +05:30 [ERR] Hosting failed to start
System.IO.IOException: Failed to bind to address http://127.0.0.1:5000: address already in use.
 ---> Microsoft.AspNetCore.Connections.AddressInUseException: Only one usage of each socket address (protocol/network address/port) is normally permitted.
 ---> System.Net.Sockets.SocketException (10048): Only one usage of each socket address (protocol/network address/port) is normally permitted.
   at System.Net.Sockets.Socket.UpdateStatusAfterSocketErrorAndThrowException(SocketError error, Boolean disconnectOnFailure, String callerName)
   at System.Net.Sockets.Socket.DoBind(EndPoint endPointSnapshot, SocketAddress socketAddress)
   at System.Net.Sockets.Socket.Bind(EndPoint localEP)
   at Microsoft.AspNetCore.Server.Kestrel.Transport.Sockets.SocketTransportOptions.CreateDefaultBoundListenSocket(EndPoint endpoint)
   at Microsoft.AspNetCore.Server.Kestrel.Transport.Sockets.SocketConnectionListener.Bind()
   --- End of inner exception stack trace ---
   at Microsoft.AspNetCore.Server.Kestrel.Transport.Sockets.SocketConnectionListener.Bind()
   at Microsoft.AspNetCore.Server.Kestrel.Transport.Sockets.SocketTransportFactory.BindAsync(EndPoint endpoint, CancellationToken cancellationToken)
   at Microsoft.AspNetCore.Server.Kestrel.Core.Internal.Infrastructure.TransportManager.BindAsync(EndPoint endPoint, ConnectionDelegate connectionDelegate, EndpointConfig endpointConfig, CancellationToken cancellationToken)
   at Microsoft.AspNetCore.Server.Kestrel.Core.KestrelServerImpl.<>c__DisplayClass28_0`1.<<StartAsync>g__OnBind|0>d.MoveNext()
--- End of stack trace from previous location ---
   at Microsoft.AspNetCore.Server.Kestrel.Core.Internal.AddressBinder.BindEndpointAsync(ListenOptions endpoint, AddressBindContext context, CancellationToken cancellationToken)
   --- End of inner exception stack trace ---
   at Microsoft.AspNetCore.Server.Kestrel.Core.Internal.AddressBinder.BindEndpointAsync(ListenOptions endpoint, AddressBindContext context, CancellationToken cancellationToken)
   at Microsoft.AspNetCore.Server.Kestrel.Core.LocalhostListenOptions.BindAsync(AddressBindContext context, CancellationToken cancellationToken)
   at Microsoft.AspNetCore.Server.Kestrel.Core.Internal.AddressBinder.AddressesStrategy.BindAsync(AddressBindContext context, CancellationToken cancellationToken)
   at Microsoft.AspNetCore.Server.Kestrel.Core.KestrelServerImpl.BindAsync(CancellationToken cancellationToken)
   at Microsoft.AspNetCore.Server.Kestrel.Core.KestrelServerImpl.StartAsync[TContext](IHttpApplication`1 application, CancellationToken cancellationToken)
   at Microsoft.AspNetCore.Hosting.GenericWebHostService.StartAsync(CancellationToken cancellationToken)
   at Microsoft.Extensions.Hosting.Internal.Host.<StartAsync>b__14_1(IHostedService service, CancellationToken token)
   at Microsoft.Extensions.Hosting.Internal.Host.ForeachService[T](IEnumerable`1 services, CancellationToken token, Boolean concurrent, Boolean abortOnFirstException, List`1 exceptions, Func`3 operation)
2026-08-04 12:29:22.163 +05:30 [INF] User profile is available. Using 'C:\Users\kaustubh.bhatlawande\AppData\Local\ASP.NET\DataProtection-Keys' as key repository and Windows DPAPI to encrypt keys at rest.
2026-08-04 12:29:22.273 +05:30 [INF] Now listening on: http://localhost:5000
2026-08-04 12:29:22.274 +05:30 [INF] Application started. Press Ctrl+C to shut down.
2026-08-04 12:29:22.275 +05:30 [INF] Hosting environment: Development
2026-08-04 12:29:22.275 +05:30 [INF] Content root path: C:\Users\kaustubh.bhatlawande\Desktop\LMS Portal - Copy\backend\LmsPortal.API
2026-08-04 12:30:13.071 +05:30 [INF] Request starting HTTP/1.1 POST http://localhost:5000/api/auth/login/employee - application/json 24
2026-08-04 12:30:13.138 +05:30 [INF] Executing endpoint 'LmsPortal.API.Controllers.AuthController.LoginEmployee (LmsPortal.API)'
2026-08-04 12:30:13.156 +05:30 [INF] Route matched with {action = "LoginEmployee", controller = "Auth"}. Executing controller action with signature System.Threading.Tasks.Task`1[Microsoft.AspNetCore.Mvc.IActionResult] LoginEmployee(EmployeeLoginDto) on controller LmsPortal.API.Controllers.AuthController (LmsPortal.API).
2026-08-04 12:30:13.848 +05:30 [WRN] Entity 'AssessmentAttempt' has a global query filter defined and is the required end of a relationship with the entity 'AssessmentAnswer'. This may lead to unexpected results when the required entity is filtered out. Either configure the navigation as optional, or define matching query filters for both entities in the navigation. See https://go.microsoft.com/fwlink/?linkid=2131316 for more information.
2026-08-04 12:30:13.849 +05:30 [WRN] Entity 'Certificate' has a global query filter defined and is the required end of a relationship with the entity 'CertificateVerificationLog'. This may lead to unexpected results when the required entity is filtered out. Either configure the navigation as optional, or define matching query filters for both entities in the navigation. See https://go.microsoft.com/fwlink/?linkid=2131316 for more information.
2026-08-04 12:30:13.849 +05:30 [WRN] Entity 'Permission' has a global query filter defined and is the required end of a relationship with the entity 'RolePermission'. This may lead to unexpected results when the required entity is filtered out. Either configure the navigation as optional, or define matching query filters for both entities in the navigation. See https://go.microsoft.com/fwlink/?linkid=2131316 for more information.
2026-08-04 12:30:14.707 +05:30 [ERR] Failed executing DbCommand (68ms) [Parameters=[@__ToUpper_0='?' (Size = 4000)], CommandType='"Text"', CommandTimeout='30']
SELECT TOP(1) [e].[Id], [e].[CreatedAt], [e].[CreatedBy], [e].[DepartmentCode], [e].[DepartmentId], [e].[DesignationCode], [e].[DesignationId], [e].[EmployeeCode], [e].[EmploymentStatus], [e].[FirstName], [e].[IsDeleted], [e].[IsMasterTester], [e].[JoiningDate], [e].[LastName], [e].[MiddleName], [e].[OfficeCode], [e].[OfficeId], [e].[OfficialEmail], [e].[RowVersion], [e].[UpdatedAt], [e].[UpdatedBy], [e].[UserId], [d0].[Id], [d0].[CreatedAt], [d0].[CreatedBy], [d0].[DepartmentCode], [d0].[DepartmentName], [d0].[Description], [d0].[IsActive], [d0].[IsDeleted], [d0].[RowVersion], [d0].[UpdatedAt], [d0].[UpdatedBy], [d2].[Id], [d2].[CreatedAt], [d2].[CreatedBy], [d2].[DesignationCode], [d2].[GradeLevel], [d2].[IsActive], [d2].[IsDeleted], [d2].[RowVersion], [d2].[Title], [d2].[UpdatedAt], [d2].[UpdatedBy], [o0].[Id], [o0].[City], [o0].[Country], [o0].[CreatedAt], [o0].[CreatedBy], [o0].[IsActive], [o0].[IsDeleted], [o0].[OfficeCode], [o0].[OfficeName], [o0].[RowVersion], [o0].[State], [o0].[UpdatedAt], [o0].[UpdatedBy], [u0].[Id], [u0].[ConcurrencyStamp], [u0].[CreatedAt], [u0].[CreatedBy], [u0].[Email], [u0].[IsActive], [u0].[IsDeleted], [u0].[IsEmailConfirmed], [u0].[NormalizedEmail], [u0].[NormalizedUsername], [u0].[PasswordHash], [u0].[PhoneNumber], [u0].[RoleId], [u0].[RowVersion], [u0].[SecurityStamp], [u0].[UpdatedAt], [u0].[UpdatedBy], [u0].[Username]
FROM [emp].[Employees] AS [e]
INNER JOIN (
    SELECT [d].[Id], [d].[CreatedAt], [d].[CreatedBy], [d].[DepartmentCode], [d].[DepartmentName], [d].[Description], [d].[IsActive], [d].[IsDeleted], [d].[RowVersion], [d].[UpdatedAt], [d].[UpdatedBy]
    FROM [org].[Departments] AS [d]
    WHERE [d].[IsDeleted] = CAST(0 AS bit)
) AS [d0] ON [e].[DepartmentId] = [d0].[Id]
INNER JOIN (
    SELECT [d1].[Id], [d1].[CreatedAt], [d1].[CreatedBy], [d1].[DesignationCode], [d1].[GradeLevel], [d1].[IsActive], [d1].[IsDeleted], [d1].[RowVersion], [d1].[Title], [d1].[UpdatedAt], [d1].[UpdatedBy]
    FROM [org].[Designations] AS [d1]
    WHERE [d1].[IsDeleted] = CAST(0 AS bit)
) AS [d2] ON [e].[DesignationId] = [d2].[Id]
INNER JOIN (
    SELECT [o].[Id], [o].[City], [o].[Country], [o].[CreatedAt], [o].[CreatedBy], [o].[IsActive], [o].[IsDeleted], [o].[OfficeCode], [o].[OfficeName], [o].[RowVersion], [o].[State], [o].[UpdatedAt], [o].[UpdatedBy]
    FROM [org].[Offices] AS [o]
    WHERE [o].[IsDeleted] = CAST(0 AS bit)
) AS [o0] ON [e].[OfficeId] = [o0].[Id]
INNER JOIN (
    SELECT [u].[Id], [u].[ConcurrencyStamp], [u].[CreatedAt], [u].[CreatedBy], [u].[Email], [u].[IsActive], [u].[IsDeleted], [u].[IsEmailConfirmed], [u].[NormalizedEmail], [u].[NormalizedUsername], [u].[PasswordHash], [u].[PhoneNumber], [u].[RoleId], [u].[RowVersion], [u].[SecurityStamp], [u].[UpdatedAt], [u].[UpdatedBy], [u].[Username]
    FROM [sec].[Users] AS [u]
    WHERE [u].[IsDeleted] = CAST(0 AS bit)
) AS [u0] ON [e].[UserId] = [u0].[Id]
WHERE [e].[IsDeleted] = CAST(0 AS bit) AND UPPER([e].[EmployeeCode]) = @__ToUpper_0 AND [e].[IsDeleted] = CAST(0 AS bit)
2026-08-04 12:30:14.739 +05:30 [ERR] An exception occurred while iterating over the results of a query for context type 'LmsPortal.API.Data.LmsDbContext'.
Microsoft.Data.SqlClient.SqlException (0x80131904): Invalid column name 'ConcurrencyStamp'.
Invalid column name 'IsEmailConfirmed'.
Invalid column name 'NormalizedEmail'.
Invalid column name 'PhoneNumber'.
Invalid column name 'SecurityStamp'.
   at Microsoft.Data.SqlClient.SqlCommand.<>c.<ExecuteDbDataReaderAsync>b__211_0(Task`1 result)
   at System.Threading.Tasks.ContinuationResultTaskFromResultTask`2.InnerInvoke()
   at System.Threading.ExecutionContext.RunInternal(ExecutionContext executionContext, ContextCallback callback, Object state)
--- End of stack trace from previous location ---
   at System.Threading.ExecutionContext.RunInternal(ExecutionContext executionContext, ContextCallback callback, Object state)
   at System.Threading.Tasks.Task.ExecuteWithThreadLocal(Task& currentTaskSlot, Thread threadPoolThread)
--- End of stack trace from previous location ---
   at Microsoft.EntityFrameworkCore.Storage.RelationalCommand.ExecuteReaderAsync(RelationalCommandParameterObject parameterObject, CancellationToken cancellationToken)
   at Microsoft.EntityFrameworkCore.Storage.RelationalCommand.ExecuteReaderAsync(RelationalCommandParameterObject parameterObject, CancellationToken cancellationToken)
   at Microsoft.EntityFrameworkCore.Query.Internal.SingleQueryingEnumerable`1.AsyncEnumerator.InitializeReaderAsync(AsyncEnumerator enumerator, CancellationToken cancellationToken)
   at Microsoft.EntityFrameworkCore.Storage.ExecutionStrategy.<>c__DisplayClass30_0`2.<<ExecuteAsync>b__0>d.MoveNext()
--- End of stack trace from previous location ---
   at Microsoft.EntityFrameworkCore.Storage.ExecutionStrategy.ExecuteImplementationAsync[TState,TResult](Func`4 operation, Func`4 verifySucceeded, TState state, CancellationToken cancellationToken)
   at Microsoft.EntityFrameworkCore.Storage.ExecutionStrategy.ExecuteImplementationAsync[TState,TResult](Func`4 operation, Func`4 verifySucceeded, TState state, CancellationToken cancellationToken)
   at Microsoft.EntityFrameworkCore.Storage.ExecutionStrategy.ExecuteAsync[TState,TResult](TState state, Func`4 operation, Func`4 verifySucceeded, CancellationToken cancellationToken)
   at Microsoft.EntityFrameworkCore.Query.Internal.SingleQueryingEnumerable`1.AsyncEnumerator.MoveNextAsync()
ClientConnectionId:86d09a08-8227-4c7d-b1c8-3695e29fd143
Error Number:207,State:1,Class:16
Microsoft.Data.SqlClient.SqlException (0x80131904): Invalid column name 'ConcurrencyStamp'.
Invalid column name 'IsEmailConfirmed'.
Invalid column name 'NormalizedEmail'.
Invalid column name 'PhoneNumber'.
Invalid column name 'SecurityStamp'.
   at Microsoft.Data.SqlClient.SqlCommand.<>c.<ExecuteDbDataReaderAsync>b__211_0(Task`1 result)
   at System.Threading.Tasks.ContinuationResultTaskFromResultTask`2.InnerInvoke()
   at System.Threading.ExecutionContext.RunInternal(ExecutionContext executionContext, ContextCallback callback, Object state)
--- End of stack trace from previous location ---
   at System.Threading.ExecutionContext.RunInternal(ExecutionContext executionContext, ContextCallback callback, Object state)
   at System.Threading.Tasks.Task.ExecuteWithThreadLocal(Task& currentTaskSlot, Thread threadPoolThread)
--- End of stack trace from previous location ---
   at Microsoft.EntityFrameworkCore.Storage.RelationalCommand.ExecuteReaderAsync(RelationalCommandParameterObject parameterObject, CancellationToken cancellationToken)
   at Microsoft.EntityFrameworkCore.Storage.RelationalCommand.ExecuteReaderAsync(RelationalCommandParameterObject parameterObject, CancellationToken cancellationToken)
   at Microsoft.EntityFrameworkCore.Query.Internal.SingleQueryingEnumerable`1.AsyncEnumerator.InitializeReaderAsync(AsyncEnumerator enumerator, CancellationToken cancellationToken)
   at Microsoft.EntityFrameworkCore.Storage.ExecutionStrategy.<>c__DisplayClass30_0`2.<<ExecuteAsync>b__0>d.MoveNext()
--- End of stack trace from previous location ---
   at Microsoft.EntityFrameworkCore.Storage.ExecutionStrategy.ExecuteImplementationAsync[TState,TResult](Func`4 operation, Func`4 verifySucceeded, TState state, CancellationToken cancellationToken)
   at Microsoft.EntityFrameworkCore.Storage.ExecutionStrategy.ExecuteImplementationAsync[TState,TResult](Func`4 operation, Func`4 verifySucceeded, TState state, CancellationToken cancellationToken)
   at Microsoft.EntityFrameworkCore.Storage.ExecutionStrategy.ExecuteAsync[TState,TResult](TState state, Func`4 operation, Func`4 verifySucceeded, CancellationToken cancellationToken)
   at Microsoft.EntityFrameworkCore.Query.Internal.SingleQueryingEnumerable`1.AsyncEnumerator.MoveNextAsync()
ClientConnectionId:86d09a08-8227-4c7d-b1c8-3695e29fd143
Error Number:207,State:1,Class:16
2026-08-04 12:30:14.756 +05:30 [INF] Executed action LmsPortal.API.Controllers.AuthController.LoginEmployee (LmsPortal.API) in 1596.8297ms
2026-08-04 12:30:14.757 +05:30 [INF] Executed endpoint 'LmsPortal.API.Controllers.AuthController.LoginEmployee (LmsPortal.API)'
2026-08-04 12:30:14.760 +05:30 [ERR] HTTP POST /api/auth/login/employee responded 500 in 1641.2907 ms
Microsoft.Data.SqlClient.SqlException (0x80131904): Invalid column name 'ConcurrencyStamp'.
Invalid column name 'IsEmailConfirmed'.
Invalid column name 'NormalizedEmail'.
Invalid column name 'PhoneNumber'.
Invalid column name 'SecurityStamp'.
   at Microsoft.Data.SqlClient.SqlCommand.<>c.<ExecuteDbDataReaderAsync>b__211_0(Task`1 result)
   at System.Threading.Tasks.ContinuationResultTaskFromResultTask`2.InnerInvoke()
   at System.Threading.ExecutionContext.RunInternal(ExecutionContext executionContext, ContextCallback callback, Object state)
--- End of stack trace from previous location ---
   at System.Threading.ExecutionContext.RunInternal(ExecutionContext executionContext, ContextCallback callback, Object state)
   at System.Threading.Tasks.Task.ExecuteWithThreadLocal(Task& currentTaskSlot, Thread threadPoolThread)
--- End of stack trace from previous location ---
   at Microsoft.EntityFrameworkCore.Storage.RelationalCommand.ExecuteReaderAsync(RelationalCommandParameterObject parameterObject, CancellationToken cancellationToken)
   at Microsoft.EntityFrameworkCore.Storage.RelationalCommand.ExecuteReaderAsync(RelationalCommandParameterObject parameterObject, CancellationToken cancellationToken)
   at Microsoft.EntityFrameworkCore.Query.Internal.SingleQueryingEnumerable`1.AsyncEnumerator.InitializeReaderAsync(AsyncEnumerator enumerator, CancellationToken cancellationToken)
   at Microsoft.EntityFrameworkCore.Storage.ExecutionStrategy.<>c__DisplayClass30_0`2.<<ExecuteAsync>b__0>d.MoveNext()
--- End of stack trace from previous location ---
   at Microsoft.EntityFrameworkCore.Storage.ExecutionStrategy.ExecuteImplementationAsync[TState,TResult](Func`4 operation, Func`4 verifySucceeded, TState state, CancellationToken cancellationToken)
   at Microsoft.EntityFrameworkCore.Storage.ExecutionStrategy.ExecuteImplementationAsync[TState,TResult](Func`4 operation, Func`4 verifySucceeded, TState state, CancellationToken cancellationToken)
   at Microsoft.EntityFrameworkCore.Storage.ExecutionStrategy.ExecuteAsync[TState,TResult](TState state, Func`4 operation, Func`4 verifySucceeded, CancellationToken cancellationToken)
   at Microsoft.EntityFrameworkCore.Query.Internal.SingleQueryingEnumerable`1.AsyncEnumerator.MoveNextAsync()
   at Microsoft.EntityFrameworkCore.Query.ShapedQueryCompilingExpressionVisitor.SingleOrDefaultAsync[TSource](IAsyncEnumerable`1 asyncEnumerable, CancellationToken cancellationToken)
   at Microsoft.EntityFrameworkCore.Query.ShapedQueryCompilingExpressionVisitor.SingleOrDefaultAsync[TSource](IAsyncEnumerable`1 asyncEnumerable, CancellationToken cancellationToken)
   at LmsPortal.API.Controllers.AuthController.LoginEmployee(EmployeeLoginDto dto) in C:\Users\kaustubh.bhatlawande\Desktop\LMS Portal - Copy\backend\LmsPortal.API\Controllers\AuthController.cs:line 122
   at Microsoft.AspNetCore.Mvc.Infrastructure.ActionMethodExecutor.TaskOfIActionResultExecutor.Execute(ActionContext actionContext, IActionResultTypeMapper mapper, ObjectMethodExecutor executor, Object controller, Object[] arguments)
   at Microsoft.AspNetCore.Mvc.Infrastructure.ControllerActionInvoker.<InvokeActionMethodAsync>g__Awaited|12_0(ControllerActionInvoker invoker, ValueTask`1 actionResultValueTask)
   at Microsoft.AspNetCore.Mvc.Infrastructure.ControllerActionInvoker.<InvokeNextActionFilterAsync>g__Awaited|10_0(ControllerActionInvoker invoker, Task lastTask, State next, Scope scope, Object state, Boolean isCompleted)
   at Microsoft.AspNetCore.Mvc.Infrastructure.ControllerActionInvoker.Rethrow(ActionExecutedContextSealed context)
   at Microsoft.AspNetCore.Mvc.Infrastructure.ControllerActionInvoker.Next(State& next, Scope& scope, Object& state, Boolean& isCompleted)
   at Microsoft.AspNetCore.Mvc.Infrastructure.ControllerActionInvoker.<InvokeInnerFilterAsync>g__Awaited|13_0(ControllerActionInvoker invoker, Task lastTask, State next, Scope scope, Object state, Boolean isCompleted)
   at Microsoft.AspNetCore.Mvc.Infrastructure.ResourceInvoker.<InvokeFilterPipelineAsync>g__Awaited|20_0(ResourceInvoker invoker, Task lastTask, State next, Scope scope, Object state, Boolean isCompleted)
   at Microsoft.AspNetCore.Mvc.Infrastructure.ResourceInvoker.<InvokeAsync>g__Logged|17_1(ResourceInvoker invoker)
   at Microsoft.AspNetCore.Mvc.Infrastructure.ResourceInvoker.<InvokeAsync>g__Logged|17_1(ResourceInvoker invoker)
   at Microsoft.AspNetCore.Routing.EndpointMiddleware.<Invoke>g__AwaitRequestTask|7_0(Endpoint endpoint, Task requestTask, ILogger logger)
   at Microsoft.AspNetCore.Authorization.AuthorizationMiddleware.Invoke(HttpContext context)
   at Microsoft.AspNetCore.Authentication.AuthenticationMiddleware.Invoke(HttpContext context)
   at Serilog.AspNetCore.RequestLoggingMiddleware.Invoke(HttpContext httpContext)
ClientConnectionId:86d09a08-8227-4c7d-b1c8-3695e29fd143
Error Number:207,State:1,Class:16
2026-08-04 12:30:14.771 +05:30 [ERR] An unhandled exception has occurred while executing the request.
Microsoft.Data.SqlClient.SqlException (0x80131904): Invalid column name 'ConcurrencyStamp'.
Invalid column name 'IsEmailConfirmed'.
Invalid column name 'NormalizedEmail'.
Invalid column name 'PhoneNumber'.
Invalid column name 'SecurityStamp'.
   at Microsoft.Data.SqlClient.SqlCommand.<>c.<ExecuteDbDataReaderAsync>b__211_0(Task`1 result)
   at System.Threading.Tasks.ContinuationResultTaskFromResultTask`2.InnerInvoke()
   at System.Threading.ExecutionContext.RunInternal(ExecutionContext executionContext, ContextCallback callback, Object state)
--- End of stack trace from previous location ---
   at System.Threading.ExecutionContext.RunInternal(ExecutionContext executionContext, ContextCallback callback, Object state)
   at System.Threading.Tasks.Task.ExecuteWithThreadLocal(Task& currentTaskSlot, Thread threadPoolThread)
--- End of stack trace from previous location ---
   at Microsoft.EntityFrameworkCore.Storage.RelationalCommand.ExecuteReaderAsync(RelationalCommandParameterObject parameterObject, CancellationToken cancellationToken)
   at Microsoft.EntityFrameworkCore.Storage.RelationalCommand.ExecuteReaderAsync(RelationalCommandParameterObject parameterObject, CancellationToken cancellationToken)
   at Microsoft.EntityFrameworkCore.Query.Internal.SingleQueryingEnumerable`1.AsyncEnumerator.InitializeReaderAsync(AsyncEnumerator enumerator, CancellationToken cancellationToken)
   at Microsoft.EntityFrameworkCore.Storage.ExecutionStrategy.<>c__DisplayClass30_0`2.<<ExecuteAsync>b__0>d.MoveNext()
--- End of stack trace from previous location ---
   at Microsoft.EntityFrameworkCore.Storage.ExecutionStrategy.ExecuteImplementationAsync[TState,TResult](Func`4 operation, Func`4 verifySucceeded, TState state, CancellationToken cancellationToken)
   at Microsoft.EntityFrameworkCore.Storage.ExecutionStrategy.ExecuteImplementationAsync[TState,TResult](Func`4 operation, Func`4 verifySucceeded, TState state, CancellationToken cancellationToken)
   at Microsoft.EntityFrameworkCore.Storage.ExecutionStrategy.ExecuteAsync[TState,TResult](TState state, Func`4 operation, Func`4 verifySucceeded, CancellationToken cancellationToken)
   at Microsoft.EntityFrameworkCore.Query.Internal.SingleQueryingEnumerable`1.AsyncEnumerator.MoveNextAsync()
   at Microsoft.EntityFrameworkCore.Query.ShapedQueryCompilingExpressionVisitor.SingleOrDefaultAsync[TSource](IAsyncEnumerable`1 asyncEnumerable, CancellationToken cancellationToken)
   at Microsoft.EntityFrameworkCore.Query.ShapedQueryCompilingExpressionVisitor.SingleOrDefaultAsync[TSource](IAsyncEnumerable`1 asyncEnumerable, CancellationToken cancellationToken)
   at LmsPortal.API.Controllers.AuthController.LoginEmployee(EmployeeLoginDto dto) in C:\Users\kaustubh.bhatlawande\Desktop\LMS Portal - Copy\backend\LmsPortal.API\Controllers\AuthController.cs:line 122
   at Microsoft.AspNetCore.Mvc.Infrastructure.ActionMethodExecutor.TaskOfIActionResultExecutor.Execute(ActionContext actionContext, IActionResultTypeMapper mapper, ObjectMethodExecutor executor, Object controller, Object[] arguments)
   at Microsoft.AspNetCore.Mvc.Infrastructure.ControllerActionInvoker.<InvokeActionMethodAsync>g__Awaited|12_0(ControllerActionInvoker invoker, ValueTask`1 actionResultValueTask)
   at Microsoft.AspNetCore.Mvc.Infrastructure.ControllerActionInvoker.<InvokeNextActionFilterAsync>g__Awaited|10_0(ControllerActionInvoker invoker, Task lastTask, State next, Scope scope, Object state, Boolean isCompleted)
   at Microsoft.AspNetCore.Mvc.Infrastructure.ControllerActionInvoker.Rethrow(ActionExecutedContextSealed context)
   at Microsoft.AspNetCore.Mvc.Infrastructure.ControllerActionInvoker.Next(State& next, Scope& scope, Object& state, Boolean& isCompleted)
   at Microsoft.AspNetCore.Mvc.Infrastructure.ControllerActionInvoker.<InvokeInnerFilterAsync>g__Awaited|13_0(ControllerActionInvoker invoker, Task lastTask, State next, Scope scope, Object state, Boolean isCompleted)
   at Microsoft.AspNetCore.Mvc.Infrastructure.ResourceInvoker.<InvokeFilterPipelineAsync>g__Awaited|20_0(ResourceInvoker invoker, Task lastTask, State next, Scope scope, Object state, Boolean isCompleted)
   at Microsoft.AspNetCore.Mvc.Infrastructure.ResourceInvoker.<InvokeAsync>g__Logged|17_1(ResourceInvoker invoker)
   at Microsoft.AspNetCore.Mvc.Infrastructure.ResourceInvoker.<InvokeAsync>g__Logged|17_1(ResourceInvoker invoker)
   at Microsoft.AspNetCore.Routing.EndpointMiddleware.<Invoke>g__AwaitRequestTask|7_0(Endpoint endpoint, Task requestTask, ILogger logger)
   at Microsoft.AspNetCore.Authorization.AuthorizationMiddleware.Invoke(HttpContext context)
   at Microsoft.AspNetCore.Authentication.AuthenticationMiddleware.Invoke(HttpContext context)
   at Serilog.AspNetCore.RequestLoggingMiddleware.Invoke(HttpContext httpContext)
   at Swashbuckle.AspNetCore.SwaggerUI.SwaggerUIMiddleware.Invoke(HttpContext httpContext)
   at Swashbuckle.AspNetCore.Swagger.SwaggerMiddleware.Invoke(HttpContext httpContext, ISwaggerProvider swaggerProvider)
   at Microsoft.AspNetCore.Diagnostics.DeveloperExceptionPageMiddlewareImpl.Invoke(HttpContext context)
ClientConnectionId:86d09a08-8227-4c7d-b1c8-3695e29fd143
Error Number:207,State:1,Class:16
2026-08-04 12:30:14.793 +05:30 [INF] Request finished HTTP/1.1 POST http://localhost:5000/api/auth/login/employee - 500 null text/plain; charset=utf-8 1722.6571ms
2026-08-04 12:30:19.836 +05:30 [INF] Request starting HTTP/1.1 GET http://localhost:5000/api/employees?page=1&pageSize=10 - application/json null
2026-08-04 12:30:19.915 +05:30 [INF] Executing endpoint 'LmsPortal.API.Controllers.EmployeesController.GetEmployees (LmsPortal.API)'
2026-08-04 12:30:19.930 +05:30 [INF] Route matched with {action = "GetEmployees", controller = "Employees"}. Executing controller action with signature System.Threading.Tasks.Task`1[Microsoft.AspNetCore.Mvc.IActionResult] GetEmployees(System.String, System.Nullable`1[System.Int32], System.String, Int32, Int32) on controller LmsPortal.API.Controllers.EmployeesController (LmsPortal.API).
2026-08-04 12:30:20.087 +05:30 [INF] Executed DbCommand (6ms) [Parameters=[], CommandType='"Text"', CommandTimeout='30']
SELECT COUNT(*)
FROM [emp].[Employees] AS [e]
WHERE [e].[IsDeleted] = CAST(0 AS bit)
2026-08-04 12:30:20.253 +05:30 [INF] Executed DbCommand (49ms) [Parameters=[@__p_0='?' (DbType = Int32), @__p_1='?' (DbType = Int32)], CommandType='"Text"', CommandTimeout='30']
SELECT [e0].[Id], [e0].[CreatedAt], [e0].[CreatedBy], [e0].[DepartmentCode], [e0].[DepartmentId], [e0].[DesignationCode], [e0].[DesignationId], [e0].[EmployeeCode], [e0].[EmploymentStatus], [e0].[FirstName], [e0].[IsDeleted], [e0].[IsMasterTester], [e0].[JoiningDate], [e0].[LastName], [e0].[MiddleName], [e0].[OfficeCode], [e0].[OfficeId], [e0].[OfficialEmail], [e0].[RowVersion], [e0].[UpdatedAt], [e0].[UpdatedBy], [e0].[UserId], [d0].[Id], [d0].[CreatedAt], [d0].[CreatedBy], [d0].[DepartmentCode], [d0].[DepartmentName], [d0].[Description], [d0].[IsActive], [d0].[IsDeleted], [d0].[RowVersion], [d0].[UpdatedAt], [d0].[UpdatedBy], [d2].[Id], [d2].[CreatedAt], [d2].[CreatedBy], [d2].[DesignationCode], [d2].[GradeLevel], [d2].[IsActive], [d2].[IsDeleted], [d2].[RowVersion], [d2].[Title], [d2].[UpdatedAt], [d2].[UpdatedBy], [o0].[Id], [o0].[City], [o0].[Country], [o0].[CreatedAt], [o0].[CreatedBy], [o0].[IsActive], [o0].[IsDeleted], [o0].[OfficeCode], [o0].[OfficeName], [o0].[RowVersion], [o0].[State], [o0].[UpdatedAt], [o0].[UpdatedBy]
FROM (
    SELECT [e].[Id], [e].[CreatedAt], [e].[CreatedBy], [e].[DepartmentCode], [e].[DepartmentId], [e].[DesignationCode], [e].[DesignationId], [e].[EmployeeCode], [e].[EmploymentStatus], [e].[FirstName], [e].[IsDeleted], [e].[IsMasterTester], [e].[JoiningDate], [e].[LastName], [e].[MiddleName], [e].[OfficeCode], [e].[OfficeId], [e].[OfficialEmail], [e].[RowVersion], [e].[UpdatedAt], [e].[UpdatedBy], [e].[UserId]
    FROM [emp].[Employees] AS [e]
    WHERE [e].[IsDeleted] = CAST(0 AS bit)
    ORDER BY [e].[CreatedAt] DESC
    OFFSET @__p_0 ROWS FETCH NEXT @__p_1 ROWS ONLY
) AS [e0]
INNER JOIN (
    SELECT [d].[Id], [d].[CreatedAt], [d].[CreatedBy], [d].[DepartmentCode], [d].[DepartmentName], [d].[Description], [d].[IsActive], [d].[IsDeleted], [d].[RowVersion], [d].[UpdatedAt], [d].[UpdatedBy]
    FROM [org].[Departments] AS [d]
    WHERE [d].[IsDeleted] = CAST(0 AS bit)
) AS [d0] ON [e0].[DepartmentId] = [d0].[Id]
INNER JOIN (
    SELECT [d1].[Id], [d1].[CreatedAt], [d1].[CreatedBy], [d1].[DesignationCode], [d1].[GradeLevel], [d1].[IsActive], [d1].[IsDeleted], [d1].[RowVersion], [d1].[Title], [d1].[UpdatedAt], [d1].[UpdatedBy]
    FROM [org].[Designations] AS [d1]
    WHERE [d1].[IsDeleted] = CAST(0 AS bit)
) AS [d2] ON [e0].[DesignationId] = [d2].[Id]
INNER JOIN (
    SELECT [o].[Id], [o].[City], [o].[Country], [o].[CreatedAt], [o].[CreatedBy], [o].[IsActive], [o].[IsDeleted], [o].[OfficeCode], [o].[OfficeName], [o].[RowVersion], [o].[State], [o].[UpdatedAt], [o].[UpdatedBy]
    FROM [org].[Offices] AS [o]
    WHERE [o].[IsDeleted] = CAST(0 AS bit)
) AS [o0] ON [e0].[OfficeId] = [o0].[Id]
ORDER BY [e0].[CreatedAt] DESC
2026-08-04 12:30:20.263 +05:30 [ERR] An exception occurred while iterating over the results of a query for context type 'LmsPortal.API.Data.LmsDbContext'.
System.Data.SqlTypes.SqlNullValueException: Data is Null. This method or property cannot be called on Null values.
   at Microsoft.Data.SqlClient.SqlBuffer.ThrowIfNull()
   at Microsoft.Data.SqlClient.SqlBuffer.get_DateTime()
   at Microsoft.Data.SqlClient.SqlDataReader.GetDateTime(Int32 i)
   at Microsoft.EntityFrameworkCore.Query.Internal.BufferedDataReader.BufferedDataRecord.ReadDateTime(DbDataReader reader, Int32 ordinal, ReaderColumn column)
   at Microsoft.EntityFrameworkCore.Query.Internal.BufferedDataReader.BufferedDataRecord.ReadRow()
   at Microsoft.EntityFrameworkCore.Query.Internal.BufferedDataReader.BufferedDataRecord.InitializeAsync(DbDataReader reader, IReadOnlyList`1 columns, CancellationToken cancellationToken)
   at Microsoft.EntityFrameworkCore.Query.Internal.BufferedDataReader.InitializeAsync(IReadOnlyList`1 columns, CancellationToken cancellationToken)
   at Microsoft.EntityFrameworkCore.Query.Internal.BufferedDataReader.InitializeAsync(IReadOnlyList`1 columns, CancellationToken cancellationToken)
   at Microsoft.EntityFrameworkCore.Storage.RelationalCommand.ExecuteReaderAsync(RelationalCommandParameterObject parameterObject, CancellationToken cancellationToken)
   at Microsoft.EntityFrameworkCore.Storage.RelationalCommand.ExecuteReaderAsync(RelationalCommandParameterObject parameterObject, CancellationToken cancellationToken)
   at Microsoft.EntityFrameworkCore.Query.Internal.SingleQueryingEnumerable`1.AsyncEnumerator.InitializeReaderAsync(AsyncEnumerator enumerator, CancellationToken cancellationToken)
   at Microsoft.EntityFrameworkCore.Storage.ExecutionStrategy.<>c__DisplayClass30_0`2.<<ExecuteAsync>b__0>d.MoveNext()
--- End of stack trace from previous location ---
   at Microsoft.EntityFrameworkCore.Storage.ExecutionStrategy.ExecuteImplementationAsync[TState,TResult](Func`4 operation, Func`4 verifySucceeded, TState state, CancellationToken cancellationToken)
   at Microsoft.EntityFrameworkCore.Storage.ExecutionStrategy.ExecuteImplementationAsync[TState,TResult](Func`4 operation, Func`4 verifySucceeded, TState state, CancellationToken cancellationToken)
   at Microsoft.EntityFrameworkCore.Storage.ExecutionStrategy.ExecuteAsync[TState,TResult](TState state, Func`4 operation, Func`4 verifySucceeded, CancellationToken cancellationToken)
   at Microsoft.EntityFrameworkCore.Query.Internal.SingleQueryingEnumerable`1.AsyncEnumerator.MoveNextAsync()
System.Data.SqlTypes.SqlNullValueException: Data is Null. This method or property cannot be called on Null values.
   at Microsoft.Data.SqlClient.SqlBuffer.ThrowIfNull()
   at Microsoft.Data.SqlClient.SqlBuffer.get_DateTime()
   at Microsoft.Data.SqlClient.SqlDataReader.GetDateTime(Int32 i)
   at Microsoft.EntityFrameworkCore.Query.Internal.BufferedDataReader.BufferedDataRecord.ReadDateTime(DbDataReader reader, Int32 ordinal, ReaderColumn column)
   at Microsoft.EntityFrameworkCore.Query.Internal.BufferedDataReader.BufferedDataRecord.ReadRow()
   at Microsoft.EntityFrameworkCore.Query.Internal.BufferedDataReader.BufferedDataRecord.InitializeAsync(DbDataReader reader, IReadOnlyList`1 columns, CancellationToken cancellationToken)
   at Microsoft.EntityFrameworkCore.Query.Internal.BufferedDataReader.InitializeAsync(IReadOnlyList`1 columns, CancellationToken cancellationToken)
   at Microsoft.EntityFrameworkCore.Query.Internal.BufferedDataReader.InitializeAsync(IReadOnlyList`1 columns, CancellationToken cancellationToken)
   at Microsoft.EntityFrameworkCore.Storage.RelationalCommand.ExecuteReaderAsync(RelationalCommandParameterObject parameterObject, CancellationToken cancellationToken)
   at Microsoft.EntityFrameworkCore.Storage.RelationalCommand.ExecuteReaderAsync(RelationalCommandParameterObject parameterObject, CancellationToken cancellationToken)
   at Microsoft.EntityFrameworkCore.Query.Internal.SingleQueryingEnumerable`1.AsyncEnumerator.InitializeReaderAsync(AsyncEnumerator enumerator, CancellationToken cancellationToken)
   at Microsoft.EntityFrameworkCore.Storage.ExecutionStrategy.<>c__DisplayClass30_0`2.<<ExecuteAsync>b__0>d.MoveNext()
--- End of stack trace from previous location ---
   at Microsoft.EntityFrameworkCore.Storage.ExecutionStrategy.ExecuteImplementationAsync[TState,TResult](Func`4 operation, Func`4 verifySucceeded, TState state, CancellationToken cancellationToken)
   at Microsoft.EntityFrameworkCore.Storage.ExecutionStrategy.ExecuteImplementationAsync[TState,TResult](Func`4 operation, Func`4 verifySucceeded, TState state, CancellationToken cancellationToken)
   at Microsoft.EntityFrameworkCore.Storage.ExecutionStrategy.ExecuteAsync[TState,TResult](TState state, Func`4 operation, Func`4 verifySucceeded, CancellationToken cancellationToken)
   at Microsoft.EntityFrameworkCore.Query.Internal.SingleQueryingEnumerable`1.AsyncEnumerator.MoveNextAsync()
2026-08-04 12:30:20.266 +05:30 [INF] Executed action LmsPortal.API.Controllers.EmployeesController.GetEmployees (LmsPortal.API) in 335.7754ms
2026-08-04 12:30:20.266 +05:30 [INF] Executed endpoint 'LmsPortal.API.Controllers.EmployeesController.GetEmployees (LmsPortal.API)'
2026-08-04 12:30:20.267 +05:30 [ERR] HTTP GET /api/employees responded 500 in 419.3228 ms
System.Data.SqlTypes.SqlNullValueException: Data is Null. This method or property cannot be called on Null values.
   at Microsoft.Data.SqlClient.SqlBuffer.ThrowIfNull()
   at Microsoft.Data.SqlClient.SqlBuffer.get_DateTime()
   at Microsoft.Data.SqlClient.SqlDataReader.GetDateTime(Int32 i)
   at Microsoft.EntityFrameworkCore.Query.Internal.BufferedDataReader.BufferedDataRecord.ReadDateTime(DbDataReader reader, Int32 ordinal, ReaderColumn column)
   at Microsoft.EntityFrameworkCore.Query.Internal.BufferedDataReader.BufferedDataRecord.ReadRow()
   at Microsoft.EntityFrameworkCore.Query.Internal.BufferedDataReader.BufferedDataRecord.InitializeAsync(DbDataReader reader, IReadOnlyList`1 columns, CancellationToken cancellationToken)
   at Microsoft.EntityFrameworkCore.Query.Internal.BufferedDataReader.InitializeAsync(IReadOnlyList`1 columns, CancellationToken cancellationToken)
   at Microsoft.EntityFrameworkCore.Query.Internal.BufferedDataReader.InitializeAsync(IReadOnlyList`1 columns, CancellationToken cancellationToken)
   at Microsoft.EntityFrameworkCore.Storage.RelationalCommand.ExecuteReaderAsync(RelationalCommandParameterObject parameterObject, CancellationToken cancellationToken)
   at Microsoft.EntityFrameworkCore.Storage.RelationalCommand.ExecuteReaderAsync(RelationalCommandParameterObject parameterObject, CancellationToken cancellationToken)
   at Microsoft.EntityFrameworkCore.Query.Internal.SingleQueryingEnumerable`1.AsyncEnumerator.InitializeReaderAsync(AsyncEnumerator enumerator, CancellationToken cancellationToken)
   at Microsoft.EntityFrameworkCore.Storage.ExecutionStrategy.<>c__DisplayClass30_0`2.<<ExecuteAsync>b__0>d.MoveNext()
--- End of stack trace from previous location ---
   at Microsoft.EntityFrameworkCore.Storage.ExecutionStrategy.ExecuteImplementationAsync[TState,TResult](Func`4 operation, Func`4 verifySucceeded, TState state, CancellationToken cancellationToken)
   at Microsoft.EntityFrameworkCore.Storage.ExecutionStrategy.ExecuteImplementationAsync[TState,TResult](Func`4 operation, Func`4 verifySucceeded, TState state, CancellationToken cancellationToken)
   at Microsoft.EntityFrameworkCore.Storage.ExecutionStrategy.ExecuteAsync[TState,TResult](TState state, Func`4 operation, Func`4 verifySucceeded, CancellationToken cancellationToken)
   at Microsoft.EntityFrameworkCore.Query.Internal.SingleQueryingEnumerable`1.AsyncEnumerator.MoveNextAsync()
   at Microsoft.EntityFrameworkCore.EntityFrameworkQueryableExtensions.ToListAsync[TSource](IQueryable`1 source, CancellationToken cancellationToken)
   at Microsoft.EntityFrameworkCore.EntityFrameworkQueryableExtensions.ToListAsync[TSource](IQueryable`1 source, CancellationToken cancellationToken)
   at LmsPortal.API.Controllers.EmployeesController.GetEmployees(String search, Nullable`1 departmentId, String status, Int32 page, Int32 pageSize) in C:\Users\kaustubh.bhatlawande\Desktop\LMS Portal - Copy\backend\LmsPortal.API\Controllers\EmployeesController.cs:line 76
   at Microsoft.AspNetCore.Mvc.Infrastructure.ActionMethodExecutor.TaskOfIActionResultExecutor.Execute(ActionContext actionContext, IActionResultTypeMapper mapper, ObjectMethodExecutor executor, Object controller, Object[] arguments)
   at Microsoft.AspNetCore.Mvc.Infrastructure.ControllerActionInvoker.<InvokeActionMethodAsync>g__Awaited|12_0(ControllerActionInvoker invoker, ValueTask`1 actionResultValueTask)
   at Microsoft.AspNetCore.Mvc.Infrastructure.ControllerActionInvoker.<InvokeNextActionFilterAsync>g__Awaited|10_0(ControllerActionInvoker invoker, Task lastTask, State next, Scope scope, Object state, Boolean isCompleted)
   at Microsoft.AspNetCore.Mvc.Infrastructure.ControllerActionInvoker.Rethrow(ActionExecutedContextSealed context)
   at Microsoft.AspNetCore.Mvc.Infrastructure.ControllerActionInvoker.Next(State& next, Scope& scope, Object& state, Boolean& isCompleted)
   at Microsoft.AspNetCore.Mvc.Infrastructure.ControllerActionInvoker.<InvokeInnerFilterAsync>g__Awaited|13_0(ControllerActionInvoker invoker, Task lastTask, State next, Scope scope, Object state, Boolean isCompleted)
   at Microsoft.AspNetCore.Mvc.Infrastructure.ResourceInvoker.<InvokeFilterPipelineAsync>g__Awaited|20_0(ResourceInvoker invoker, Task lastTask, State next, Scope scope, Object state, Boolean isCompleted)
   at Microsoft.AspNetCore.Mvc.Infrastructure.ResourceInvoker.<InvokeAsync>g__Logged|17_1(ResourceInvoker invoker)
   at Microsoft.AspNetCore.Mvc.Infrastructure.ResourceInvoker.<InvokeAsync>g__Logged|17_1(ResourceInvoker invoker)
   at Microsoft.AspNetCore.Routing.EndpointMiddleware.<Invoke>g__AwaitRequestTask|7_0(Endpoint endpoint, Task requestTask, ILogger logger)
   at Microsoft.AspNetCore.Authorization.AuthorizationMiddleware.Invoke(HttpContext context)
   at Microsoft.AspNetCore.Authentication.AuthenticationMiddleware.Invoke(HttpContext context)
   at Serilog.AspNetCore.RequestLoggingMiddleware.Invoke(HttpContext httpContext)
2026-08-04 12:30:20.655 +05:30 [ERR] An unhandled exception has occurred while executing the request.
System.Data.SqlTypes.SqlNullValueException: Data is Null. This method or property cannot be called on Null values.
   at Microsoft.Data.SqlClient.SqlBuffer.ThrowIfNull()
   at Microsoft.Data.SqlClient.SqlBuffer.get_DateTime()
   at Microsoft.Data.SqlClient.SqlDataReader.GetDateTime(Int32 i)
   at Microsoft.EntityFrameworkCore.Query.Internal.BufferedDataReader.BufferedDataRecord.ReadDateTime(DbDataReader reader, Int32 ordinal, ReaderColumn column)
   at Microsoft.EntityFrameworkCore.Query.Internal.BufferedDataReader.BufferedDataRecord.ReadRow()
   at Microsoft.EntityFrameworkCore.Query.Internal.BufferedDataReader.BufferedDataRecord.InitializeAsync(DbDataReader reader, IReadOnlyList`1 columns, CancellationToken cancellationToken)
   at Microsoft.EntityFrameworkCore.Query.Internal.BufferedDataReader.InitializeAsync(IReadOnlyList`1 columns, CancellationToken cancellationToken)
   at Microsoft.EntityFrameworkCore.Query.Internal.BufferedDataReader.InitializeAsync(IReadOnlyList`1 columns, CancellationToken cancellationToken)
   at Microsoft.EntityFrameworkCore.Storage.RelationalCommand.ExecuteReaderAsync(RelationalCommandParameterObject parameterObject, CancellationToken cancellationToken)
   at Microsoft.EntityFrameworkCore.Storage.RelationalCommand.ExecuteReaderAsync(RelationalCommandParameterObject parameterObject, CancellationToken cancellationToken)
   at Microsoft.EntityFrameworkCore.Query.Internal.SingleQueryingEnumerable`1.AsyncEnumerator.InitializeReaderAsync(AsyncEnumerator enumerator, CancellationToken cancellationToken)
   at Microsoft.EntityFrameworkCore.Storage.ExecutionStrategy.<>c__DisplayClass30_0`2.<<ExecuteAsync>b__0>d.MoveNext()
--- End of stack trace from previous location ---
   at Microsoft.EntityFrameworkCore.Storage.ExecutionStrategy.ExecuteImplementationAsync[TState,TResult](Func`4 operation, Func`4 verifySucceeded, TState state, CancellationToken cancellationToken)
   at Microsoft.EntityFrameworkCore.Storage.ExecutionStrategy.ExecuteImplementationAsync[TState,TResult](Func`4 operation, Func`4 verifySucceeded, TState state, CancellationToken cancellationToken)
   at Microsoft.EntityFrameworkCore.Storage.ExecutionStrategy.ExecuteAsync[TState,TResult](TState state, Func`4 operation, Func`4 verifySucceeded, CancellationToken cancellationToken)
   at Microsoft.EntityFrameworkCore.Query.Internal.SingleQueryingEnumerable`1.AsyncEnumerator.MoveNextAsync()
   at Microsoft.EntityFrameworkCore.EntityFrameworkQueryableExtensions.ToListAsync[TSource](IQueryable`1 source, CancellationToken cancellationToken)
   at Microsoft.EntityFrameworkCore.EntityFrameworkQueryableExtensions.ToListAsync[TSource](IQueryable`1 source, CancellationToken cancellationToken)
   at LmsPortal.API.Controllers.EmployeesController.GetEmployees(String search, Nullable`1 departmentId, String status, Int32 page, Int32 pageSize) in C:\Users\kaustubh.bhatlawande\Desktop\LMS Portal - Copy\backend\LmsPortal.API\Controllers\EmployeesController.cs:line 76
   at Microsoft.AspNetCore.Mvc.Infrastructure.ActionMethodExecutor.TaskOfIActionResultExecutor.Execute(ActionContext actionContext, IActionResultTypeMapper mapper, ObjectMethodExecutor executor, Object controller, Object[] arguments)
   at Microsoft.AspNetCore.Mvc.Infrastructure.ControllerActionInvoker.<InvokeActionMethodAsync>g__Awaited|12_0(ControllerActionInvoker invoker, ValueTask`1 actionResultValueTask)
   at Microsoft.AspNetCore.Mvc.Infrastructure.ControllerActionInvoker.<InvokeNextActionFilterAsync>g__Awaited|10_0(ControllerActionInvoker invoker, Task lastTask, State next, Scope scope, Object state, Boolean isCompleted)
   at Microsoft.AspNetCore.Mvc.Infrastructure.ControllerActionInvoker.Rethrow(ActionExecutedContextSealed context)
   at Microsoft.AspNetCore.Mvc.Infrastructure.ControllerActionInvoker.Next(State& next, Scope& scope, Object& state, Boolean& isCompleted)
   at Microsoft.AspNetCore.Mvc.Infrastructure.ControllerActionInvoker.<InvokeInnerFilterAsync>g__Awaited|13_0(ControllerActionInvoker invoker, Task lastTask, State next, Scope scope, Object state, Boolean isCompleted)
   at Microsoft.AspNetCore.Mvc.Infrastructure.ResourceInvoker.<InvokeFilterPipelineAsync>g__Awaited|20_0(ResourceInvoker invoker, Task lastTask, State next, Scope scope, Object state, Boolean isCompleted)
   at Microsoft.AspNetCore.Mvc.Infrastructure.ResourceInvoker.<InvokeAsync>g__Logged|17_1(ResourceInvoker invoker)
   at Microsoft.AspNetCore.Mvc.Infrastructure.ResourceInvoker.<InvokeAsync>g__Logged|17_1(ResourceInvoker invoker)
   at Microsoft.AspNetCore.Routing.EndpointMiddleware.<Invoke>g__AwaitRequestTask|7_0(Endpoint endpoint, Task requestTask, ILogger logger)
   at Microsoft.AspNetCore.Authorization.AuthorizationMiddleware.Invoke(HttpContext context)
   at Microsoft.AspNetCore.Authentication.AuthenticationMiddleware.Invoke(HttpContext context)
   at Serilog.AspNetCore.RequestLoggingMiddleware.Invoke(HttpContext httpContext)
   at Swashbuckle.AspNetCore.SwaggerUI.SwaggerUIMiddleware.Invoke(HttpContext httpContext)
   at Swashbuckle.AspNetCore.Swagger.SwaggerMiddleware.Invoke(HttpContext httpContext, ISwaggerProvider swaggerProvider)
   at Microsoft.AspNetCore.Diagnostics.DeveloperExceptionPageMiddlewareImpl.Invoke(HttpContext context)
2026-08-04 12:30:20.670 +05:30 [INF] Request finished HTTP/1.1 GET http://localhost:5000/api/employees?page=1&pageSize=10 - 500 null text/plain; charset=utf-8 833.8379ms
2026-08-04 12:30:25.221 +05:30 [INF] Request starting HTTP/1.1 POST http://localhost:5000/api/auth/login/hr - application/json 42
2026-08-04 12:30:25.226 +05:30 [INF] Executing endpoint 'LmsPortal.API.Controllers.AuthController.LoginHR (LmsPortal.API)'
2026-08-04 12:30:25.233 +05:30 [INF] Route matched with {action = "LoginHR", controller = "Auth"}. Executing controller action with signature System.Threading.Tasks.Task`1[Microsoft.AspNetCore.Mvc.IActionResult] LoginHR(LoginDto) on controller LmsPortal.API.Controllers.AuthController (LmsPortal.API).
2026-08-04 12:30:25.316 +05:30 [ERR] Failed executing DbCommand (20ms) [Parameters=[@__ToUpper_0='?' (Size = 4000)], CommandType='"Text"', CommandTimeout='30']
SELECT TOP(1) [u].[Id], [u].[ConcurrencyStamp], [u].[CreatedAt], [u].[CreatedBy], [u].[Email], [u].[IsActive], [u].[IsDeleted], [u].[IsEmailConfirmed], [u].[NormalizedEmail], [u].[NormalizedUsername], [u].[PasswordHash], [u].[PhoneNumber], [u].[RoleId], [u].[RowVersion], [u].[SecurityStamp], [u].[UpdatedAt], [u].[UpdatedBy], [u].[Username], [r0].[Id], [r0].[CreatedAt], [r0].[CreatedBy], [r0].[Description], [r0].[IsDeleted], [r0].[NormalizedRoleName], [r0].[RoleName], [r0].[RowVersion], [r0].[UpdatedAt], [r0].[UpdatedBy]
FROM [sec].[Users] AS [u]
INNER JOIN (
    SELECT [r].[Id], [r].[CreatedAt], [r].[CreatedBy], [r].[Description], [r].[IsDeleted], [r].[NormalizedRoleName], [r].[RoleName], [r].[RowVersion], [r].[UpdatedAt], [r].[UpdatedBy]
    FROM [sec].[Roles] AS [r]
    WHERE [r].[IsDeleted] = CAST(0 AS bit)
) AS [r0] ON [u].[RoleId] = [r0].[Id]
WHERE [u].[IsDeleted] = CAST(0 AS bit) AND [u].[NormalizedUsername] = @__ToUpper_0 AND [u].[IsDeleted] = CAST(0 AS bit)
2026-08-04 12:30:25.317 +05:30 [ERR] An exception occurred while iterating over the results of a query for context type 'LmsPortal.API.Data.LmsDbContext'.
Microsoft.Data.SqlClient.SqlException (0x80131904): Invalid column name 'ConcurrencyStamp'.
Invalid column name 'IsEmailConfirmed'.
Invalid column name 'NormalizedEmail'.
Invalid column name 'PhoneNumber'.
Invalid column name 'SecurityStamp'.
   at Microsoft.Data.SqlClient.SqlCommand.<>c.<ExecuteDbDataReaderAsync>b__211_0(Task`1 result)
   at System.Threading.Tasks.ContinuationResultTaskFromResultTask`2.InnerInvoke()
   at System.Threading.ExecutionContext.RunInternal(ExecutionContext executionContext, ContextCallback callback, Object state)
--- End of stack trace from previous location ---
   at System.Threading.ExecutionContext.RunInternal(ExecutionContext executionContext, ContextCallback callback, Object state)
   at System.Threading.Tasks.Task.ExecuteWithThreadLocal(Task& currentTaskSlot, Thread threadPoolThread)
--- End of stack trace from previous location ---
   at Microsoft.EntityFrameworkCore.Storage.RelationalCommand.ExecuteReaderAsync(RelationalCommandParameterObject parameterObject, CancellationToken cancellationToken)
   at Microsoft.EntityFrameworkCore.Storage.RelationalCommand.ExecuteReaderAsync(RelationalCommandParameterObject parameterObject, CancellationToken cancellationToken)
   at Microsoft.EntityFrameworkCore.Query.Internal.SingleQueryingEnumerable`1.AsyncEnumerator.InitializeReaderAsync(AsyncEnumerator enumerator, CancellationToken cancellationToken)
   at Microsoft.EntityFrameworkCore.Storage.ExecutionStrategy.<>c__DisplayClass30_0`2.<<ExecuteAsync>b__0>d.MoveNext()
--- End of stack trace from previous location ---
   at Microsoft.EntityFrameworkCore.Storage.ExecutionStrategy.ExecuteImplementationAsync[TState,TResult](Func`4 operation, Func`4 verifySucceeded, TState state, CancellationToken cancellationToken)
   at Microsoft.EntityFrameworkCore.Storage.ExecutionStrategy.ExecuteImplementationAsync[TState,TResult](Func`4 operation, Func`4 verifySucceeded, TState state, CancellationToken cancellationToken)
   at Microsoft.EntityFrameworkCore.Storage.ExecutionStrategy.ExecuteAsync[TState,TResult](TState state, Func`4 operation, Func`4 verifySucceeded, CancellationToken cancellationToken)
   at Microsoft.EntityFrameworkCore.Query.Internal.SingleQueryingEnumerable`1.AsyncEnumerator.MoveNextAsync()
ClientConnectionId:86d09a08-8227-4c7d-b1c8-3695e29fd143
Error Number:207,State:1,Class:16
Microsoft.Data.SqlClient.SqlException (0x80131904): Invalid column name 'ConcurrencyStamp'.
Invalid column name 'IsEmailConfirmed'.
Invalid column name 'NormalizedEmail'.
Invalid column name 'PhoneNumber'.
Invalid column name 'SecurityStamp'.
   at Microsoft.Data.SqlClient.SqlCommand.<>c.<ExecuteDbDataReaderAsync>b__211_0(Task`1 result)
   at System.Threading.Tasks.ContinuationResultTaskFromResultTask`2.InnerInvoke()
   at System.Threading.ExecutionContext.RunInternal(ExecutionContext executionContext, ContextCallback callback, Object state)
--- End of stack trace from previous location ---
   at System.Threading.ExecutionContext.RunInternal(ExecutionContext executionContext, ContextCallback callback, Object state)
   at System.Threading.Tasks.Task.ExecuteWithThreadLocal(Task& currentTaskSlot, Thread threadPoolThread)
--- End of stack trace from previous location ---
   at Microsoft.EntityFrameworkCore.Storage.RelationalCommand.ExecuteReaderAsync(RelationalCommandParameterObject parameterObject, CancellationToken cancellationToken)
   at Microsoft.EntityFrameworkCore.Storage.RelationalCommand.ExecuteReaderAsync(RelationalCommandParameterObject parameterObject, CancellationToken cancellationToken)
   at Microsoft.EntityFrameworkCore.Query.Internal.SingleQueryingEnumerable`1.AsyncEnumerator.InitializeReaderAsync(AsyncEnumerator enumerator, CancellationToken cancellationToken)
   at Microsoft.EntityFrameworkCore.Storage.ExecutionStrategy.<>c__DisplayClass30_0`2.<<ExecuteAsync>b__0>d.MoveNext()
--- End of stack trace from previous location ---
   at Microsoft.EntityFrameworkCore.Storage.ExecutionStrategy.ExecuteImplementationAsync[TState,TResult](Func`4 operation, Func`4 verifySucceeded, TState state, CancellationToken cancellationToken)
   at Microsoft.EntityFrameworkCore.Storage.ExecutionStrategy.ExecuteImplementationAsync[TState,TResult](Func`4 operation, Func`4 verifySucceeded, TState state, CancellationToken cancellationToken)
   at Microsoft.EntityFrameworkCore.Storage.ExecutionStrategy.ExecuteAsync[TState,TResult](TState state, Func`4 operation, Func`4 verifySucceeded, CancellationToken cancellationToken)
   at Microsoft.EntityFrameworkCore.Query.Internal.SingleQueryingEnumerable`1.AsyncEnumerator.MoveNextAsync()
ClientConnectionId:86d09a08-8227-4c7d-b1c8-3695e29fd143
Error Number:207,State:1,Class:16
2026-08-04 12:30:25.318 +05:30 [INF] Executed action LmsPortal.API.Controllers.AuthController.LoginHR (LmsPortal.API) in 85.5642ms
2026-08-04 12:30:25.318 +05:30 [INF] Executed endpoint 'LmsPortal.API.Controllers.AuthController.LoginHR (LmsPortal.API)'
2026-08-04 12:30:25.318 +05:30 [ERR] HTTP POST /api/auth/login/hr responded 500 in 94.8727 ms
Microsoft.Data.SqlClient.SqlException (0x80131904): Invalid column name 'ConcurrencyStamp'.
Invalid column name 'IsEmailConfirmed'.
Invalid column name 'NormalizedEmail'.
Invalid column name 'PhoneNumber'.
Invalid column name 'SecurityStamp'.
   at Microsoft.Data.SqlClient.SqlCommand.<>c.<ExecuteDbDataReaderAsync>b__211_0(Task`1 result)
   at System.Threading.Tasks.ContinuationResultTaskFromResultTask`2.InnerInvoke()
   at System.Threading.ExecutionContext.RunInternal(ExecutionContext executionContext, ContextCallback callback, Object state)
--- End of stack trace from previous location ---
   at System.Threading.ExecutionContext.RunInternal(ExecutionContext executionContext, ContextCallback callback, Object state)
   at System.Threading.Tasks.Task.ExecuteWithThreadLocal(Task& currentTaskSlot, Thread threadPoolThread)
--- End of stack trace from previous location ---
   at Microsoft.EntityFrameworkCore.Storage.RelationalCommand.ExecuteReaderAsync(RelationalCommandParameterObject parameterObject, CancellationToken cancellationToken)
   at Microsoft.EntityFrameworkCore.Storage.RelationalCommand.ExecuteReaderAsync(RelationalCommandParameterObject parameterObject, CancellationToken cancellationToken)
   at Microsoft.EntityFrameworkCore.Query.Internal.SingleQueryingEnumerable`1.AsyncEnumerator.InitializeReaderAsync(AsyncEnumerator enumerator, CancellationToken cancellationToken)
   at Microsoft.EntityFrameworkCore.Storage.ExecutionStrategy.<>c__DisplayClass30_0`2.<<ExecuteAsync>b__0>d.MoveNext()
--- End of stack trace from previous location ---
   at Microsoft.EntityFrameworkCore.Storage.ExecutionStrategy.ExecuteImplementationAsync[TState,TResult](Func`4 operation, Func`4 verifySucceeded, TState state, CancellationToken cancellationToken)
   at Microsoft.EntityFrameworkCore.Storage.ExecutionStrategy.ExecuteImplementationAsync[TState,TResult](Func`4 operation, Func`4 verifySucceeded, TState state, CancellationToken cancellationToken)
   at Microsoft.EntityFrameworkCore.Storage.ExecutionStrategy.ExecuteAsync[TState,TResult](TState state, Func`4 operation, Func`4 verifySucceeded, CancellationToken cancellationToken)
   at Microsoft.EntityFrameworkCore.Query.Internal.SingleQueryingEnumerable`1.AsyncEnumerator.MoveNextAsync()
   at Microsoft.EntityFrameworkCore.Query.ShapedQueryCompilingExpressionVisitor.SingleOrDefaultAsync[TSource](IAsyncEnumerable`1 asyncEnumerable, CancellationToken cancellationToken)
   at Microsoft.EntityFrameworkCore.Query.ShapedQueryCompilingExpressionVisitor.SingleOrDefaultAsync[TSource](IAsyncEnumerable`1 asyncEnumerable, CancellationToken cancellationToken)
   at LmsPortal.API.Controllers.AuthController.LoginHR(LoginDto dto) in C:\Users\kaustubh.bhatlawande\Desktop\LMS Portal - Copy\backend\LmsPortal.API\Controllers\AuthController.cs:line 50
   at Microsoft.AspNetCore.Mvc.Infrastructure.ActionMethodExecutor.TaskOfIActionResultExecutor.Execute(ActionContext actionContext, IActionResultTypeMapper mapper, ObjectMethodExecutor executor, Object controller, Object[] arguments)
   at Microsoft.AspNetCore.Mvc.Infrastructure.ControllerActionInvoker.<InvokeActionMethodAsync>g__Awaited|12_0(ControllerActionInvoker invoker, ValueTask`1 actionResultValueTask)
   at Microsoft.AspNetCore.Mvc.Infrastructure.ControllerActionInvoker.<InvokeNextActionFilterAsync>g__Awaited|10_0(ControllerActionInvoker invoker, Task lastTask, State next, Scope scope, Object state, Boolean isCompleted)
   at Microsoft.AspNetCore.Mvc.Infrastructure.ControllerActionInvoker.Rethrow(ActionExecutedContextSealed context)
   at Microsoft.AspNetCore.Mvc.Infrastructure.ControllerActionInvoker.Next(State& next, Scope& scope, Object& state, Boolean& isCompleted)
   at Microsoft.AspNetCore.Mvc.Infrastructure.ControllerActionInvoker.<InvokeInnerFilterAsync>g__Awaited|13_0(ControllerActionInvoker invoker, Task lastTask, State next, Scope scope, Object state, Boolean isCompleted)
   at Microsoft.AspNetCore.Mvc.Infrastructure.ResourceInvoker.<InvokeFilterPipelineAsync>g__Awaited|20_0(ResourceInvoker invoker, Task lastTask, State next, Scope scope, Object state, Boolean isCompleted)
   at Microsoft.AspNetCore.Mvc.Infrastructure.ResourceInvoker.<InvokeAsync>g__Logged|17_1(ResourceInvoker invoker)
   at Microsoft.AspNetCore.Mvc.Infrastructure.ResourceInvoker.<InvokeAsync>g__Logged|17_1(ResourceInvoker invoker)
   at Microsoft.AspNetCore.Routing.EndpointMiddleware.<Invoke>g__AwaitRequestTask|7_0(Endpoint endpoint, Task requestTask, ILogger logger)
   at Microsoft.AspNetCore.Authorization.AuthorizationMiddleware.Invoke(HttpContext context)
   at Microsoft.AspNetCore.Authentication.AuthenticationMiddleware.Invoke(HttpContext context)
   at Serilog.AspNetCore.RequestLoggingMiddleware.Invoke(HttpContext httpContext)
ClientConnectionId:86d09a08-8227-4c7d-b1c8-3695e29fd143
Error Number:207,State:1,Class:16
2026-08-04 12:30:25.321 +05:30 [ERR] An unhandled exception has occurred while executing the request.
Microsoft.Data.SqlClient.SqlException (0x80131904): Invalid column name 'ConcurrencyStamp'.
Invalid column name 'IsEmailConfirmed'.
Invalid column name 'NormalizedEmail'.
Invalid column name 'PhoneNumber'.
Invalid column name 'SecurityStamp'.
   at Microsoft.Data.SqlClient.SqlCommand.<>c.<ExecuteDbDataReaderAsync>b__211_0(Task`1 result)
   at System.Threading.Tasks.ContinuationResultTaskFromResultTask`2.InnerInvoke()
   at System.Threading.ExecutionContext.RunInternal(ExecutionContext executionContext, ContextCallback callback, Object state)
--- End of stack trace from previous location ---
   at System.Threading.ExecutionContext.RunInternal(ExecutionContext executionContext, ContextCallback callback, Object state)
   at System.Threading.Tasks.Task.ExecuteWithThreadLocal(Task& currentTaskSlot, Thread threadPoolThread)
--- End of stack trace from previous location ---
   at Microsoft.EntityFrameworkCore.Storage.RelationalCommand.ExecuteReaderAsync(RelationalCommandParameterObject parameterObject, CancellationToken cancellationToken)
   at Microsoft.EntityFrameworkCore.Storage.RelationalCommand.ExecuteReaderAsync(RelationalCommandParameterObject parameterObject, CancellationToken cancellationToken)
   at Microsoft.EntityFrameworkCore.Query.Internal.SingleQueryingEnumerable`1.AsyncEnumerator.InitializeReaderAsync(AsyncEnumerator enumerator, CancellationToken cancellationToken)
   at Microsoft.EntityFrameworkCore.Storage.ExecutionStrategy.<>c__DisplayClass30_0`2.<<ExecuteAsync>b__0>d.MoveNext()
--- End of stack trace from previous location ---
   at Microsoft.EntityFrameworkCore.Storage.ExecutionStrategy.ExecuteImplementationAsync[TState,TResult](Func`4 operation, Func`4 verifySucceeded, TState state, CancellationToken cancellationToken)
   at Microsoft.EntityFrameworkCore.Storage.ExecutionStrategy.ExecuteImplementationAsync[TState,TResult](Func`4 operation, Func`4 verifySucceeded, TState state, CancellationToken cancellationToken)
   at Microsoft.EntityFrameworkCore.Storage.ExecutionStrategy.ExecuteAsync[TState,TResult](TState state, Func`4 operation, Func`4 verifySucceeded, CancellationToken cancellationToken)
   at Microsoft.EntityFrameworkCore.Query.Internal.SingleQueryingEnumerable`1.AsyncEnumerator.MoveNextAsync()
   at Microsoft.EntityFrameworkCore.Query.ShapedQueryCompilingExpressionVisitor.SingleOrDefaultAsync[TSource](IAsyncEnumerable`1 asyncEnumerable, CancellationToken cancellationToken)
   at Microsoft.EntityFrameworkCore.Query.ShapedQueryCompilingExpressionVisitor.SingleOrDefaultAsync[TSource](IAsyncEnumerable`1 asyncEnumerable, CancellationToken cancellationToken)
   at LmsPortal.API.Controllers.AuthController.LoginHR(LoginDto dto) in C:\Users\kaustubh.bhatlawande\Desktop\LMS Portal - Copy\backend\LmsPortal.API\Controllers\AuthController.cs:line 50
   at Microsoft.AspNetCore.Mvc.Infrastructure.ActionMethodExecutor.TaskOfIActionResultExecutor.Execute(ActionContext actionContext, IActionResultTypeMapper mapper, ObjectMethodExecutor executor, Object controller, Object[] arguments)
   at Microsoft.AspNetCore.Mvc.Infrastructure.ControllerActionInvoker.<InvokeActionMethodAsync>g__Awaited|12_0(ControllerActionInvoker invoker, ValueTask`1 actionResultValueTask)
   at Microsoft.AspNetCore.Mvc.Infrastructure.ControllerActionInvoker.<InvokeNextActionFilterAsync>g__Awaited|10_0(ControllerActionInvoker invoker, Task lastTask, State next, Scope scope, Object state, Boolean isCompleted)
   at Microsoft.AspNetCore.Mvc.Infrastructure.ControllerActionInvoker.Rethrow(ActionExecutedContextSealed context)
   at Microsoft.AspNetCore.Mvc.Infrastructure.ControllerActionInvoker.Next(State& next, Scope& scope, Object& state, Boolean& isCompleted)
   at Microsoft.AspNetCore.Mvc.Infrastructure.ControllerActionInvoker.<InvokeInnerFilterAsync>g__Awaited|13_0(ControllerActionInvoker invoker, Task lastTask, State next, Scope scope, Object state, Boolean isCompleted)
   at Microsoft.AspNetCore.Mvc.Infrastructure.ResourceInvoker.<InvokeFilterPipelineAsync>g__Awaited|20_0(ResourceInvoker invoker, Task lastTask, State next, Scope scope, Object state, Boolean isCompleted)
   at Microsoft.AspNetCore.Mvc.Infrastructure.ResourceInvoker.<InvokeAsync>g__Logged|17_1(ResourceInvoker invoker)
   at Microsoft.AspNetCore.Mvc.Infrastructure.ResourceInvoker.<InvokeAsync>g__Logged|17_1(ResourceInvoker invoker)
   at Microsoft.AspNetCore.Routing.EndpointMiddleware.<Invoke>g__AwaitRequestTask|7_0(Endpoint endpoint, Task requestTask, ILogger logger)
   at Microsoft.AspNetCore.Authorization.AuthorizationMiddleware.Invoke(HttpContext context)
   at Microsoft.AspNetCore.Authentication.AuthenticationMiddleware.Invoke(HttpContext context)
   at Serilog.AspNetCore.RequestLoggingMiddleware.Invoke(HttpContext httpContext)
   at Swashbuckle.AspNetCore.SwaggerUI.SwaggerUIMiddleware.Invoke(HttpContext httpContext)
   at Swashbuckle.AspNetCore.Swagger.SwaggerMiddleware.Invoke(HttpContext httpContext, ISwaggerProvider swaggerProvider)
   at Microsoft.AspNetCore.Diagnostics.DeveloperExceptionPageMiddlewareImpl.Invoke(HttpContext context)
ClientConnectionId:86d09a08-8227-4c7d-b1c8-3695e29fd143
Error Number:207,State:1,Class:16
2026-08-04 12:30:25.324 +05:30 [INF] Request finished HTTP/1.1 POST http://localhost:5000/api/auth/login/hr - 500 null text/plain; charset=utf-8 102.683ms
2026-08-04 12:30:30.839 +05:30 [INF] Request starting HTTP/1.1 POST http://localhost:5000/api/auth/login/employee - application/json 24
2026-08-04 12:30:30.840 +05:30 [INF] Executing endpoint 'LmsPortal.API.Controllers.AuthController.LoginEmployee (LmsPortal.API)'
2026-08-04 12:30:30.840 +05:30 [INF] Route matched with {action = "LoginEmployee", controller = "Auth"}. Executing controller action with signature System.Threading.Tasks.Task`1[Microsoft.AspNetCore.Mvc.IActionResult] LoginEmployee(EmployeeLoginDto) on controller LmsPortal.API.Controllers.AuthController (LmsPortal.API).
2026-08-04 12:30:30.849 +05:30 [ERR] Failed executing DbCommand (4ms) [Parameters=[@__ToUpper_0='?' (Size = 4000)], CommandType='"Text"', CommandTimeout='30']
SELECT TOP(1) [e].[Id], [e].[CreatedAt], [e].[CreatedBy], [e].[DepartmentCode], [e].[DepartmentId], [e].[DesignationCode], [e].[DesignationId], [e].[EmployeeCode], [e].[EmploymentStatus], [e].[FirstName], [e].[IsDeleted], [e].[IsMasterTester], [e].[JoiningDate], [e].[LastName], [e].[MiddleName], [e].[OfficeCode], [e].[OfficeId], [e].[OfficialEmail], [e].[RowVersion], [e].[UpdatedAt], [e].[UpdatedBy], [e].[UserId], [d0].[Id], [d0].[CreatedAt], [d0].[CreatedBy], [d0].[DepartmentCode], [d0].[DepartmentName], [d0].[Description], [d0].[IsActive], [d0].[IsDeleted], [d0].[RowVersion], [d0].[UpdatedAt], [d0].[UpdatedBy], [d2].[Id], [d2].[CreatedAt], [d2].[CreatedBy], [d2].[DesignationCode], [d2].[GradeLevel], [d2].[IsActive], [d2].[IsDeleted], [d2].[RowVersion], [d2].[Title], [d2].[UpdatedAt], [d2].[UpdatedBy], [o0].[Id], [o0].[City], [o0].[Country], [o0].[CreatedAt], [o0].[CreatedBy], [o0].[IsActive], [o0].[IsDeleted], [o0].[OfficeCode], [o0].[OfficeName], [o0].[RowVersion], [o0].[State], [o0].[UpdatedAt], [o0].[UpdatedBy], [u0].[Id], [u0].[ConcurrencyStamp], [u0].[CreatedAt], [u0].[CreatedBy], [u0].[Email], [u0].[IsActive], [u0].[IsDeleted], [u0].[IsEmailConfirmed], [u0].[NormalizedEmail], [u0].[NormalizedUsername], [u0].[PasswordHash], [u0].[PhoneNumber], [u0].[RoleId], [u0].[RowVersion], [u0].[SecurityStamp], [u0].[UpdatedAt], [u0].[UpdatedBy], [u0].[Username]
FROM [emp].[Employees] AS [e]
INNER JOIN (
    SELECT [d].[Id], [d].[CreatedAt], [d].[CreatedBy], [d].[DepartmentCode], [d].[DepartmentName], [d].[Description], [d].[IsActive], [d].[IsDeleted], [d].[RowVersion], [d].[UpdatedAt], [d].[UpdatedBy]
    FROM [org].[Departments] AS [d]
    WHERE [d].[IsDeleted] = CAST(0 AS bit)
) AS [d0] ON [e].[DepartmentId] = [d0].[Id]
INNER JOIN (
    SELECT [d1].[Id], [d1].[CreatedAt], [d1].[CreatedBy], [d1].[DesignationCode], [d1].[GradeLevel], [d1].[IsActive], [d1].[IsDeleted], [d1].[RowVersion], [d1].[Title], [d1].[UpdatedAt], [d1].[UpdatedBy]
    FROM [org].[Designations] AS [d1]
    WHERE [d1].[IsDeleted] = CAST(0 AS bit)
) AS [d2] ON [e].[DesignationId] = [d2].[Id]
INNER JOIN (
    SELECT [o].[Id], [o].[City], [o].[Country], [o].[CreatedAt], [o].[CreatedBy], [o].[IsActive], [o].[IsDeleted], [o].[OfficeCode], [o].[OfficeName], [o].[RowVersion], [o].[State], [o].[UpdatedAt], [o].[UpdatedBy]
    FROM [org].[Offices] AS [o]
    WHERE [o].[IsDeleted] = CAST(0 AS bit)
) AS [o0] ON [e].[OfficeId] = [o0].[Id]
INNER JOIN (
    SELECT [u].[Id], [u].[ConcurrencyStamp], [u].[CreatedAt], [u].[CreatedBy], [u].[Email], [u].[IsActive], [u].[IsDeleted], [u].[IsEmailConfirmed], [u].[NormalizedEmail], [u].[NormalizedUsername], [u].[PasswordHash], [u].[PhoneNumber], [u].[RoleId], [u].[RowVersion], [u].[SecurityStamp], [u].[UpdatedAt], [u].[UpdatedBy], [u].[Username]
    FROM [sec].[Users] AS [u]
    WHERE [u].[IsDeleted] = CAST(0 AS bit)
) AS [u0] ON [e].[UserId] = [u0].[Id]
WHERE [e].[IsDeleted] = CAST(0 AS bit) AND UPPER([e].[EmployeeCode]) = @__ToUpper_0 AND [e].[IsDeleted] = CAST(0 AS bit)
2026-08-04 12:30:30.850 +05:30 [ERR] An exception occurred while iterating over the results of a query for context type 'LmsPortal.API.Data.LmsDbContext'.
Microsoft.Data.SqlClient.SqlException (0x80131904): Invalid column name 'ConcurrencyStamp'.
Invalid column name 'IsEmailConfirmed'.
Invalid column name 'NormalizedEmail'.
Invalid column name 'PhoneNumber'.
Invalid column name 'SecurityStamp'.
   at Microsoft.Data.SqlClient.SqlCommand.<>c.<ExecuteDbDataReaderAsync>b__211_0(Task`1 result)
   at System.Threading.Tasks.ContinuationResultTaskFromResultTask`2.InnerInvoke()
   at System.Threading.ExecutionContext.RunInternal(ExecutionContext executionContext, ContextCallback callback, Object state)
--- End of stack trace from previous location ---
   at System.Threading.ExecutionContext.RunInternal(ExecutionContext executionContext, ContextCallback callback, Object state)
   at System.Threading.Tasks.Task.ExecuteWithThreadLocal(Task& currentTaskSlot, Thread threadPoolThread)
--- End of stack trace from previous location ---
   at Microsoft.EntityFrameworkCore.Storage.RelationalCommand.ExecuteReaderAsync(RelationalCommandParameterObject parameterObject, CancellationToken cancellationToken)
   at Microsoft.EntityFrameworkCore.Storage.RelationalCommand.ExecuteReaderAsync(RelationalCommandParameterObject parameterObject, CancellationToken cancellationToken)
   at Microsoft.EntityFrameworkCore.Query.Internal.SingleQueryingEnumerable`1.AsyncEnumerator.InitializeReaderAsync(AsyncEnumerator enumerator, CancellationToken cancellationToken)
   at Microsoft.EntityFrameworkCore.Storage.ExecutionStrategy.<>c__DisplayClass30_0`2.<<ExecuteAsync>b__0>d.MoveNext()
--- End of stack trace from previous location ---
   at Microsoft.EntityFrameworkCore.Storage.ExecutionStrategy.ExecuteImplementationAsync[TState,TResult](Func`4 operation, Func`4 verifySucceeded, TState state, CancellationToken cancellationToken)
   at Microsoft.EntityFrameworkCore.Storage.ExecutionStrategy.ExecuteImplementationAsync[TState,TResult](Func`4 operation, Func`4 verifySucceeded, TState state, CancellationToken cancellationToken)
   at Microsoft.EntityFrameworkCore.Storage.ExecutionStrategy.ExecuteAsync[TState,TResult](TState state, Func`4 operation, Func`4 verifySucceeded, CancellationToken cancellationToken)
   at Microsoft.EntityFrameworkCore.Query.Internal.SingleQueryingEnumerable`1.AsyncEnumerator.MoveNextAsync()
ClientConnectionId:86d09a08-8227-4c7d-b1c8-3695e29fd143
Error Number:207,State:1,Class:16
Microsoft.Data.SqlClient.SqlException (0x80131904): Invalid column name 'ConcurrencyStamp'.
Invalid column name 'IsEmailConfirmed'.
Invalid column name 'NormalizedEmail'.
Invalid column name 'PhoneNumber'.
Invalid column name 'SecurityStamp'.
   at Microsoft.Data.SqlClient.SqlCommand.<>c.<ExecuteDbDataReaderAsync>b__211_0(Task`1 result)
   at System.Threading.Tasks.ContinuationResultTaskFromResultTask`2.InnerInvoke()
   at System.Threading.ExecutionContext.RunInternal(ExecutionContext executionContext, ContextCallback callback, Object state)
--- End of stack trace from previous location ---
   at System.Threading.ExecutionContext.RunInternal(ExecutionContext executionContext, ContextCallback callback, Object state)
   at System.Threading.Tasks.Task.ExecuteWithThreadLocal(Task& currentTaskSlot, Thread threadPoolThread)
--- End of stack trace from previous location ---
   at Microsoft.EntityFrameworkCore.Storage.RelationalCommand.ExecuteReaderAsync(RelationalCommandParameterObject parameterObject, CancellationToken cancellationToken)
   at Microsoft.EntityFrameworkCore.Storage.RelationalCommand.ExecuteReaderAsync(RelationalCommandParameterObject parameterObject, CancellationToken cancellationToken)
   at Microsoft.EntityFrameworkCore.Query.Internal.SingleQueryingEnumerable`1.AsyncEnumerator.InitializeReaderAsync(AsyncEnumerator enumerator, CancellationToken cancellationToken)
   at Microsoft.EntityFrameworkCore.Storage.ExecutionStrategy.<>c__DisplayClass30_0`2.<<ExecuteAsync>b__0>d.MoveNext()
--- End of stack trace from previous location ---
   at Microsoft.EntityFrameworkCore.Storage.ExecutionStrategy.ExecuteImplementationAsync[TState,TResult](Func`4 operation, Func`4 verifySucceeded, TState state, CancellationToken cancellationToken)
   at Microsoft.EntityFrameworkCore.Storage.ExecutionStrategy.ExecuteImplementationAsync[TState,TResult](Func`4 operation, Func`4 verifySucceeded, TState state, CancellationToken cancellationToken)
   at Microsoft.EntityFrameworkCore.Storage.ExecutionStrategy.ExecuteAsync[TState,TResult](TState state, Func`4 operation, Func`4 verifySucceeded, CancellationToken cancellationToken)
   at Microsoft.EntityFrameworkCore.Query.Internal.SingleQueryingEnumerable`1.AsyncEnumerator.MoveNextAsync()
ClientConnectionId:86d09a08-8227-4c7d-b1c8-3695e29fd143
Error Number:207,State:1,Class:16
2026-08-04 12:30:30.852 +05:30 [INF] Executed action LmsPortal.API.Controllers.AuthController.LoginEmployee (LmsPortal.API) in 12.1677ms
2026-08-04 12:30:30.852 +05:30 [INF] Executed endpoint 'LmsPortal.API.Controllers.AuthController.LoginEmployee (LmsPortal.API)'
2026-08-04 12:30:30.852 +05:30 [ERR] HTTP POST /api/auth/login/employee responded 500 in 12.7696 ms
Microsoft.Data.SqlClient.SqlException (0x80131904): Invalid column name 'ConcurrencyStamp'.
Invalid column name 'IsEmailConfirmed'.
Invalid column name 'NormalizedEmail'.
Invalid column name 'PhoneNumber'.
Invalid column name 'SecurityStamp'.
   at Microsoft.Data.SqlClient.SqlCommand.<>c.<ExecuteDbDataReaderAsync>b__211_0(Task`1 result)
   at System.Threading.Tasks.ContinuationResultTaskFromResultTask`2.InnerInvoke()
   at System.Threading.ExecutionContext.RunInternal(ExecutionContext executionContext, ContextCallback callback, Object state)
--- End of stack trace from previous location ---
   at System.Threading.ExecutionContext.RunInternal(ExecutionContext executionContext, ContextCallback callback, Object state)
   at System.Threading.Tasks.Task.ExecuteWithThreadLocal(Task& currentTaskSlot, Thread threadPoolThread)
--- End of stack trace from previous location ---
   at Microsoft.EntityFrameworkCore.Storage.RelationalCommand.ExecuteReaderAsync(RelationalCommandParameterObject parameterObject, CancellationToken cancellationToken)
   at Microsoft.EntityFrameworkCore.Storage.RelationalCommand.ExecuteReaderAsync(RelationalCommandParameterObject parameterObject, CancellationToken cancellationToken)
   at Microsoft.EntityFrameworkCore.Query.Internal.SingleQueryingEnumerable`1.AsyncEnumerator.InitializeReaderAsync(AsyncEnumerator enumerator, CancellationToken cancellationToken)
   at Microsoft.EntityFrameworkCore.Storage.ExecutionStrategy.<>c__DisplayClass30_0`2.<<ExecuteAsync>b__0>d.MoveNext()
--- End of stack trace from previous location ---
   at Microsoft.EntityFrameworkCore.Storage.ExecutionStrategy.ExecuteImplementationAsync[TState,TResult](Func`4 operation, Func`4 verifySucceeded, TState state, CancellationToken cancellationToken)
   at Microsoft.EntityFrameworkCore.Storage.ExecutionStrategy.ExecuteImplementationAsync[TState,TResult](Func`4 operation, Func`4 verifySucceeded, TState state, CancellationToken cancellationToken)
   at Microsoft.EntityFrameworkCore.Storage.ExecutionStrategy.ExecuteAsync[TState,TResult](TState state, Func`4 operation, Func`4 verifySucceeded, CancellationToken cancellationToken)
   at Microsoft.EntityFrameworkCore.Query.Internal.SingleQueryingEnumerable`1.AsyncEnumerator.MoveNextAsync()
   at Microsoft.EntityFrameworkCore.Query.ShapedQueryCompilingExpressionVisitor.SingleOrDefaultAsync[TSource](IAsyncEnumerable`1 asyncEnumerable, CancellationToken cancellationToken)
   at Microsoft.EntityFrameworkCore.Query.ShapedQueryCompilingExpressionVisitor.SingleOrDefaultAsync[TSource](IAsyncEnumerable`1 asyncEnumerable, CancellationToken cancellationToken)
   at LmsPortal.API.Controllers.AuthController.LoginEmployee(EmployeeLoginDto dto) in C:\Users\kaustubh.bhatlawande\Desktop\LMS Portal - Copy\backend\LmsPortal.API\Controllers\AuthController.cs:line 122
   at Microsoft.AspNetCore.Mvc.Infrastructure.ActionMethodExecutor.TaskOfIActionResultExecutor.Execute(ActionContext actionContext, IActionResultTypeMapper mapper, ObjectMethodExecutor executor, Object controller, Object[] arguments)
   at Microsoft.AspNetCore.Mvc.Infrastructure.ControllerActionInvoker.<InvokeActionMethodAsync>g__Awaited|12_0(ControllerActionInvoker invoker, ValueTask`1 actionResultValueTask)
   at Microsoft.AspNetCore.Mvc.Infrastructure.ControllerActionInvoker.<InvokeNextActionFilterAsync>g__Awaited|10_0(ControllerActionInvoker invoker, Task lastTask, State next, Scope scope, Object state, Boolean isCompleted)
   at Microsoft.AspNetCore.Mvc.Infrastructure.ControllerActionInvoker.Rethrow(ActionExecutedContextSealed context)
   at Microsoft.AspNetCore.Mvc.Infrastructure.ControllerActionInvoker.Next(State& next, Scope& scope, Object& state, Boolean& isCompleted)
   at Microsoft.AspNetCore.Mvc.Infrastructure.ControllerActionInvoker.<InvokeInnerFilterAsync>g__Awaited|13_0(ControllerActionInvoker invoker, Task lastTask, State next, Scope scope, Object state, Boolean isCompleted)
   at Microsoft.AspNetCore.Mvc.Infrastructure.ResourceInvoker.<InvokeFilterPipelineAsync>g__Awaited|20_0(ResourceInvoker invoker, Task lastTask, State next, Scope scope, Object state, Boolean isCompleted)
   at Microsoft.AspNetCore.Mvc.Infrastructure.ResourceInvoker.<InvokeAsync>g__Logged|17_1(ResourceInvoker invoker)
   at Microsoft.AspNetCore.Mvc.Infrastructure.ResourceInvoker.<InvokeAsync>g__Logged|17_1(ResourceInvoker invoker)
   at Microsoft.AspNetCore.Routing.EndpointMiddleware.<Invoke>g__AwaitRequestTask|7_0(Endpoint endpoint, Task requestTask, ILogger logger)
   at Microsoft.AspNetCore.Authorization.AuthorizationMiddleware.Invoke(HttpContext context)
   at Microsoft.AspNetCore.Authentication.AuthenticationMiddleware.Invoke(HttpContext context)
   at Serilog.AspNetCore.RequestLoggingMiddleware.Invoke(HttpContext httpContext)
ClientConnectionId:86d09a08-8227-4c7d-b1c8-3695e29fd143
Error Number:207,State:1,Class:16
2026-08-04 12:30:30.856 +05:30 [ERR] An unhandled exception has occurred while executing the request.
Microsoft.Data.SqlClient.SqlException (0x80131904): Invalid column name 'ConcurrencyStamp'.
Invalid column name 'IsEmailConfirmed'.
Invalid column name 'NormalizedEmail'.
Invalid column name 'PhoneNumber'.
Invalid column name 'SecurityStamp'.
   at Microsoft.Data.SqlClient.SqlCommand.<>c.<ExecuteDbDataReaderAsync>b__211_0(Task`1 result)
   at System.Threading.Tasks.ContinuationResultTaskFromResultTask`2.InnerInvoke()
   at System.Threading.ExecutionContext.RunInternal(ExecutionContext executionContext, ContextCallback callback, Object state)
--- End of stack trace from previous location ---
   at System.Threading.ExecutionContext.RunInternal(ExecutionContext executionContext, ContextCallback callback, Object state)
   at System.Threading.Tasks.Task.ExecuteWithThreadLocal(Task& currentTaskSlot, Thread threadPoolThread)
--- End of stack trace from previous location ---
   at Microsoft.EntityFrameworkCore.Storage.RelationalCommand.ExecuteReaderAsync(RelationalCommandParameterObject parameterObject, CancellationToken cancellationToken)
   at Microsoft.EntityFrameworkCore.Storage.RelationalCommand.ExecuteReaderAsync(RelationalCommandParameterObject parameterObject, CancellationToken cancellationToken)
   at Microsoft.EntityFrameworkCore.Query.Internal.SingleQueryingEnumerable`1.AsyncEnumerator.InitializeReaderAsync(AsyncEnumerator enumerator, CancellationToken cancellationToken)
   at Microsoft.EntityFrameworkCore.Storage.ExecutionStrategy.<>c__DisplayClass30_0`2.<<ExecuteAsync>b__0>d.MoveNext()
--- End of stack trace from previous location ---
   at Microsoft.EntityFrameworkCore.Storage.ExecutionStrategy.ExecuteImplementationAsync[TState,TResult](Func`4 operation, Func`4 verifySucceeded, TState state, CancellationToken cancellationToken)
   at Microsoft.EntityFrameworkCore.Storage.ExecutionStrategy.ExecuteImplementationAsync[TState,TResult](Func`4 operation, Func`4 verifySucceeded, TState state, CancellationToken cancellationToken)
   at Microsoft.EntityFrameworkCore.Storage.ExecutionStrategy.ExecuteAsync[TState,TResult](TState state, Func`4 operation, Func`4 verifySucceeded, CancellationToken cancellationToken)
   at Microsoft.EntityFrameworkCore.Query.Internal.SingleQueryingEnumerable`1.AsyncEnumerator.MoveNextAsync()
   at Microsoft.EntityFrameworkCore.Query.ShapedQueryCompilingExpressionVisitor.SingleOrDefaultAsync[TSource](IAsyncEnumerable`1 asyncEnumerable, CancellationToken cancellationToken)
   at Microsoft.EntityFrameworkCore.Query.ShapedQueryCompilingExpressionVisitor.SingleOrDefaultAsync[TSource](IAsyncEnumerable`1 asyncEnumerable, CancellationToken cancellationToken)
   at LmsPortal.API.Controllers.AuthController.LoginEmployee(EmployeeLoginDto dto) in C:\Users\kaustubh.bhatlawande\Desktop\LMS Portal - Copy\backend\LmsPortal.API\Controllers\AuthController.cs:line 122
   at Microsoft.AspNetCore.Mvc.Infrastructure.ActionMethodExecutor.TaskOfIActionResultExecutor.Execute(ActionContext actionContext, IActionResultTypeMapper mapper, ObjectMethodExecutor executor, Object controller, Object[] arguments)
   at Microsoft.AspNetCore.Mvc.Infrastructure.ControllerActionInvoker.<InvokeActionMethodAsync>g__Awaited|12_0(ControllerActionInvoker invoker, ValueTask`1 actionResultValueTask)
   at Microsoft.AspNetCore.Mvc.Infrastructure.ControllerActionInvoker.<InvokeNextActionFilterAsync>g__Awaited|10_0(ControllerActionInvoker invoker, Task lastTask, State next, Scope scope, Object state, Boolean isCompleted)
   at Microsoft.AspNetCore.Mvc.Infrastructure.ControllerActionInvoker.Rethrow(ActionExecutedContextSealed context)
   at Microsoft.AspNetCore.Mvc.Infrastructure.ControllerActionInvoker.Next(State& next, Scope& scope, Object& state, Boolean& isCompleted)
   at Microsoft.AspNetCore.Mvc.Infrastructure.ControllerActionInvoker.<InvokeInnerFilterAsync>g__Awaited|13_0(ControllerActionInvoker invoker, Task lastTask, State next, Scope scope, Object state, Boolean isCompleted)
   at Microsoft.AspNetCore.Mvc.Infrastructure.ResourceInvoker.<InvokeFilterPipelineAsync>g__Awaited|20_0(ResourceInvoker invoker, Task lastTask, State next, Scope scope, Object state, Boolean isCompleted)
   at Microsoft.AspNetCore.Mvc.Infrastructure.ResourceInvoker.<InvokeAsync>g__Logged|17_1(ResourceInvoker invoker)
   at Microsoft.AspNetCore.Mvc.Infrastructure.ResourceInvoker.<InvokeAsync>g__Logged|17_1(ResourceInvoker invoker)
   at Microsoft.AspNetCore.Routing.EndpointMiddleware.<Invoke>g__AwaitRequestTask|7_0(Endpoint endpoint, Task requestTask, ILogger logger)
   at Microsoft.AspNetCore.Authorization.AuthorizationMiddleware.Invoke(HttpContext context)
   at Microsoft.AspNetCore.Authentication.AuthenticationMiddleware.Invoke(HttpContext context)
   at Serilog.AspNetCore.RequestLoggingMiddleware.Invoke(HttpContext httpContext)
   at Swashbuckle.AspNetCore.SwaggerUI.SwaggerUIMiddleware.Invoke(HttpContext httpContext)
   at Swashbuckle.AspNetCore.Swagger.SwaggerMiddleware.Invoke(HttpContext httpContext, ISwaggerProvider swaggerProvider)
   at Microsoft.AspNetCore.Diagnostics.DeveloperExceptionPageMiddlewareImpl.Invoke(HttpContext context)
ClientConnectionId:86d09a08-8227-4c7d-b1c8-3695e29fd143
Error Number:207,State:1,Class:16
2026-08-04 12:30:30.861 +05:30 [INF] Request finished HTTP/1.1 POST http://localhost:5000/api/auth/login/employee - 500 null text/plain; charset=utf-8 21.789ms
2026-08-04 12:31:35.979 +05:30 [INF] Request starting HTTP/1.1 POST http://localhost:5000/api/auth/login/employee - application/json 2
2026-08-04 12:31:35.979 +05:30 [INF] Executing endpoint 'LmsPortal.API.Controllers.AuthController.LoginEmployee (LmsPortal.API)'
2026-08-04 12:31:35.979 +05:30 [INF] Route matched with {action = "LoginEmployee", controller = "Auth"}. Executing controller action with signature System.Threading.Tasks.Task`1[Microsoft.AspNetCore.Mvc.IActionResult] LoginEmployee(EmployeeLoginDto) on controller LmsPortal.API.Controllers.AuthController (LmsPortal.API).
2026-08-04 12:31:35.988 +05:30 [INF] Executing BadRequestObjectResult, writing value of type 'Microsoft.AspNetCore.Mvc.ValidationProblemDetails'.
2026-08-04 12:31:36.011 +05:30 [INF] Executed action LmsPortal.API.Controllers.AuthController.LoginEmployee (LmsPortal.API) in 31.7345ms
2026-08-04 12:31:36.011 +05:30 [INF] Executed endpoint 'LmsPortal.API.Controllers.AuthController.LoginEmployee (LmsPortal.API)'
2026-08-04 12:31:36.011 +05:30 [INF] HTTP POST /api/auth/login/employee responded 400 in 32.2151 ms
2026-08-04 12:31:36.011 +05:30 [INF] Request finished HTTP/1.1 POST http://localhost:5000/api/auth/login/employee - 400 null application/problem+json; charset=utf-8 32.5538ms
2026-08-04 12:31:36.577 +05:30 [INF] Request starting HTTP/1.1 POST http://localhost:5000/api/auth/login/hr - application/json 2
2026-08-04 12:31:36.578 +05:30 [INF] Executing endpoint 'LmsPortal.API.Controllers.AuthController.LoginHR (LmsPortal.API)'
2026-08-04 12:31:36.578 +05:30 [INF] Route matched with {action = "LoginHR", controller = "Auth"}. Executing controller action with signature System.Threading.Tasks.Task`1[Microsoft.AspNetCore.Mvc.IActionResult] LoginHR(LoginDto) on controller LmsPortal.API.Controllers.AuthController (LmsPortal.API).
2026-08-04 12:31:36.580 +05:30 [INF] Executing BadRequestObjectResult, writing value of type 'Microsoft.AspNetCore.Mvc.ValidationProblemDetails'.
2026-08-04 12:31:36.580 +05:30 [INF] Executed action LmsPortal.API.Controllers.AuthController.LoginHR (LmsPortal.API) in 2.2143ms
2026-08-04 12:31:36.580 +05:30 [INF] Executed endpoint 'LmsPortal.API.Controllers.AuthController.LoginHR (LmsPortal.API)'
2026-08-04 12:31:36.580 +05:30 [INF] HTTP POST /api/auth/login/hr responded 400 in 2.6485 ms
2026-08-04 12:31:36.581 +05:30 [INF] Request finished HTTP/1.1 POST http://localhost:5000/api/auth/login/hr - 400 null application/problem+json; charset=utf-8 3.0527ms
2026-08-04 12:31:43.842 +05:30 [INF] Request starting HTTP/1.1 POST http://localhost:5000/api/auth/login/hr - application/json 43
2026-08-04 12:31:43.843 +05:30 [INF] Executing endpoint 'LmsPortal.API.Controllers.AuthController.LoginHR (LmsPortal.API)'
2026-08-04 12:31:43.843 +05:30 [INF] Route matched with {action = "LoginHR", controller = "Auth"}. Executing controller action with signature System.Threading.Tasks.Task`1[Microsoft.AspNetCore.Mvc.IActionResult] LoginHR(LoginDto) on controller LmsPortal.API.Controllers.AuthController (LmsPortal.API).
2026-08-04 12:31:43.853 +05:30 [INF] Executing BadRequestObjectResult, writing value of type 'Microsoft.AspNetCore.Mvc.ValidationProblemDetails'.
2026-08-04 12:31:43.853 +05:30 [INF] Executed action LmsPortal.API.Controllers.AuthController.LoginHR (LmsPortal.API) in 10.7035ms
2026-08-04 12:31:43.854 +05:30 [INF] Executed endpoint 'LmsPortal.API.Controllers.AuthController.LoginHR (LmsPortal.API)'
2026-08-04 12:31:43.854 +05:30 [INF] HTTP POST /api/auth/login/hr responded 400 in 11.1495 ms
2026-08-04 12:31:43.854 +05:30 [INF] Request finished HTTP/1.1 POST http://localhost:5000/api/auth/login/hr - 400 null application/problem+json; charset=utf-8 11.4439ms
2026-08-04 12:31:44.384 +05:30 [INF] Request starting HTTP/1.1 POST http://localhost:5000/api/auth/login/employee - application/json 25
2026-08-04 12:31:44.384 +05:30 [INF] Executing endpoint 'LmsPortal.API.Controllers.AuthController.LoginEmployee (LmsPortal.API)'
2026-08-04 12:31:44.385 +05:30 [INF] Route matched with {action = "LoginEmployee", controller = "Auth"}. Executing controller action with signature System.Threading.Tasks.Task`1[Microsoft.AspNetCore.Mvc.IActionResult] LoginEmployee(EmployeeLoginDto) on controller LmsPortal.API.Controllers.AuthController (LmsPortal.API).
2026-08-04 12:31:44.387 +05:30 [INF] Executing BadRequestObjectResult, writing value of type 'Microsoft.AspNetCore.Mvc.ValidationProblemDetails'.
2026-08-04 12:31:44.388 +05:30 [INF] Executed action LmsPortal.API.Controllers.AuthController.LoginEmployee (LmsPortal.API) in 2.9416ms
2026-08-04 12:31:44.388 +05:30 [INF] Executed endpoint 'LmsPortal.API.Controllers.AuthController.LoginEmployee (LmsPortal.API)'
2026-08-04 12:31:44.388 +05:30 [INF] HTTP POST /api/auth/login/employee responded 400 in 3.3036 ms
2026-08-04 12:31:44.388 +05:30 [INF] Request finished HTTP/1.1 POST http://localhost:5000/api/auth/login/employee - 400 null application/problem+json; charset=utf-8 3.6206ms
2026-08-04 12:32:16.166 +05:30 [INF] Request starting HTTP/1.1 POST http://localhost:5000/api/auth/login/hr - application/json 42
2026-08-04 12:32:16.166 +05:30 [INF] Executing endpoint 'LmsPortal.API.Controllers.AuthController.LoginHR (LmsPortal.API)'
2026-08-04 12:32:16.166 +05:30 [INF] Route matched with {action = "LoginHR", controller = "Auth"}. Executing controller action with signature System.Threading.Tasks.Task`1[Microsoft.AspNetCore.Mvc.IActionResult] LoginHR(LoginDto) on controller LmsPortal.API.Controllers.AuthController (LmsPortal.API).
2026-08-04 12:32:16.173 +05:30 [ERR] Failed executing DbCommand (3ms) [Parameters=[@__ToUpper_0='?' (Size = 4000)], CommandType='"Text"', CommandTimeout='30']
SELECT TOP(1) [u].[Id], [u].[ConcurrencyStamp], [u].[CreatedAt], [u].[CreatedBy], [u].[Email], [u].[IsActive], [u].[IsDeleted], [u].[IsEmailConfirmed], [u].[NormalizedEmail], [u].[NormalizedUsername], [u].[PasswordHash], [u].[PhoneNumber], [u].[RoleId], [u].[RowVersion], [u].[SecurityStamp], [u].[UpdatedAt], [u].[UpdatedBy], [u].[Username], [r0].[Id], [r0].[CreatedAt], [r0].[CreatedBy], [r0].[Description], [r0].[IsDeleted], [r0].[NormalizedRoleName], [r0].[RoleName], [r0].[RowVersion], [r0].[UpdatedAt], [r0].[UpdatedBy]
FROM [sec].[Users] AS [u]
INNER JOIN (
    SELECT [r].[Id], [r].[CreatedAt], [r].[CreatedBy], [r].[Description], [r].[IsDeleted], [r].[NormalizedRoleName], [r].[RoleName], [r].[RowVersion], [r].[UpdatedAt], [r].[UpdatedBy]
    FROM [sec].[Roles] AS [r]
    WHERE [r].[IsDeleted] = CAST(0 AS bit)
) AS [r0] ON [u].[RoleId] = [r0].[Id]
WHERE [u].[IsDeleted] = CAST(0 AS bit) AND [u].[NormalizedUsername] = @__ToUpper_0 AND [u].[IsDeleted] = CAST(0 AS bit)
2026-08-04 12:32:16.174 +05:30 [ERR] An exception occurred while iterating over the results of a query for context type 'LmsPortal.API.Data.LmsDbContext'.
Microsoft.Data.SqlClient.SqlException (0x80131904): Invalid column name 'ConcurrencyStamp'.
Invalid column name 'IsEmailConfirmed'.
Invalid column name 'NormalizedEmail'.
Invalid column name 'PhoneNumber'.
Invalid column name 'SecurityStamp'.
   at Microsoft.Data.SqlClient.SqlCommand.<>c.<ExecuteDbDataReaderAsync>b__211_0(Task`1 result)
   at System.Threading.Tasks.ContinuationResultTaskFromResultTask`2.InnerInvoke()
   at System.Threading.ExecutionContext.RunInternal(ExecutionContext executionContext, ContextCallback callback, Object state)
--- End of stack trace from previous location ---
   at System.Threading.ExecutionContext.RunInternal(ExecutionContext executionContext, ContextCallback callback, Object state)
   at System.Threading.Tasks.Task.ExecuteWithThreadLocal(Task& currentTaskSlot, Thread threadPoolThread)
--- End of stack trace from previous location ---
   at Microsoft.EntityFrameworkCore.Storage.RelationalCommand.ExecuteReaderAsync(RelationalCommandParameterObject parameterObject, CancellationToken cancellationToken)
   at Microsoft.EntityFrameworkCore.Storage.RelationalCommand.ExecuteReaderAsync(RelationalCommandParameterObject parameterObject, CancellationToken cancellationToken)
   at Microsoft.EntityFrameworkCore.Query.Internal.SingleQueryingEnumerable`1.AsyncEnumerator.InitializeReaderAsync(AsyncEnumerator enumerator, CancellationToken cancellationToken)
   at Microsoft.EntityFrameworkCore.Storage.ExecutionStrategy.<>c__DisplayClass30_0`2.<<ExecuteAsync>b__0>d.MoveNext()
--- End of stack trace from previous location ---
   at Microsoft.EntityFrameworkCore.Storage.ExecutionStrategy.ExecuteImplementationAsync[TState,TResult](Func`4 operation, Func`4 verifySucceeded, TState state, CancellationToken cancellationToken)
   at Microsoft.EntityFrameworkCore.Storage.ExecutionStrategy.ExecuteImplementationAsync[TState,TResult](Func`4 operation, Func`4 verifySucceeded, TState state, CancellationToken cancellationToken)
   at Microsoft.EntityFrameworkCore.Storage.ExecutionStrategy.ExecuteAsync[TState,TResult](TState state, Func`4 operation, Func`4 verifySucceeded, CancellationToken cancellationToken)
   at Microsoft.EntityFrameworkCore.Query.Internal.SingleQueryingEnumerable`1.AsyncEnumerator.MoveNextAsync()
ClientConnectionId:86d09a08-8227-4c7d-b1c8-3695e29fd143
Error Number:207,State:1,Class:16
Microsoft.Data.SqlClient.SqlException (0x80131904): Invalid column name 'ConcurrencyStamp'.
Invalid column name 'IsEmailConfirmed'.
Invalid column name 'NormalizedEmail'.
Invalid column name 'PhoneNumber'.
Invalid column name 'SecurityStamp'.
   at Microsoft.Data.SqlClient.SqlCommand.<>c.<ExecuteDbDataReaderAsync>b__211_0(Task`1 result)
   at System.Threading.Tasks.ContinuationResultTaskFromResultTask`2.InnerInvoke()
   at System.Threading.ExecutionContext.RunInternal(ExecutionContext executionContext, ContextCallback callback, Object state)
--- End of stack trace from previous location ---
   at System.Threading.ExecutionContext.RunInternal(ExecutionContext executionContext, ContextCallback callback, Object state)
   at System.Threading.Tasks.Task.ExecuteWithThreadLocal(Task& currentTaskSlot, Thread threadPoolThread)
--- End of stack trace from previous location ---
   at Microsoft.EntityFrameworkCore.Storage.RelationalCommand.ExecuteReaderAsync(RelationalCommandParameterObject parameterObject, CancellationToken cancellationToken)
   at Microsoft.EntityFrameworkCore.Storage.RelationalCommand.ExecuteReaderAsync(RelationalCommandParameterObject parameterObject, CancellationToken cancellationToken)
   at Microsoft.EntityFrameworkCore.Query.Internal.SingleQueryingEnumerable`1.AsyncEnumerator.InitializeReaderAsync(AsyncEnumerator enumerator, CancellationToken cancellationToken)
   at Microsoft.EntityFrameworkCore.Storage.ExecutionStrategy.<>c__DisplayClass30_0`2.<<ExecuteAsync>b__0>d.MoveNext()
--- End of stack trace from previous location ---
   at Microsoft.EntityFrameworkCore.Storage.ExecutionStrategy.ExecuteImplementationAsync[TState,TResult](Func`4 operation, Func`4 verifySucceeded, TState state, CancellationToken cancellationToken)
   at Microsoft.EntityFrameworkCore.Storage.ExecutionStrategy.ExecuteImplementationAsync[TState,TResult](Func`4 operation, Func`4 verifySucceeded, TState state, CancellationToken cancellationToken)
   at Microsoft.EntityFrameworkCore.Storage.ExecutionStrategy.ExecuteAsync[TState,TResult](TState state, Func`4 operation, Func`4 verifySucceeded, CancellationToken cancellationToken)
   at Microsoft.EntityFrameworkCore.Query.Internal.SingleQueryingEnumerable`1.AsyncEnumerator.MoveNextAsync()
ClientConnectionId:86d09a08-8227-4c7d-b1c8-3695e29fd143
Error Number:207,State:1,Class:16
2026-08-04 12:32:16.175 +05:30 [INF] Executed action LmsPortal.API.Controllers.AuthController.LoginHR (LmsPortal.API) in 8.5124ms
2026-08-04 12:32:16.175 +05:30 [INF] Executed endpoint 'LmsPortal.API.Controllers.AuthController.LoginHR (LmsPortal.API)'
2026-08-04 12:32:16.175 +05:30 [ERR] HTTP POST /api/auth/login/hr responded 500 in 8.9285 ms
Microsoft.Data.SqlClient.SqlException (0x80131904): Invalid column name 'ConcurrencyStamp'.
Invalid column name 'IsEmailConfirmed'.
Invalid column name 'NormalizedEmail'.
Invalid column name 'PhoneNumber'.
Invalid column name 'SecurityStamp'.
   at Microsoft.Data.SqlClient.SqlCommand.<>c.<ExecuteDbDataReaderAsync>b__211_0(Task`1 result)
   at System.Threading.Tasks.ContinuationResultTaskFromResultTask`2.InnerInvoke()
   at System.Threading.ExecutionContext.RunInternal(ExecutionContext executionContext, ContextCallback callback, Object state)
--- End of stack trace from previous location ---
   at System.Threading.ExecutionContext.RunInternal(ExecutionContext executionContext, ContextCallback callback, Object state)
   at System.Threading.Tasks.Task.ExecuteWithThreadLocal(Task& currentTaskSlot, Thread threadPoolThread)
--- End of stack trace from previous location ---
   at Microsoft.EntityFrameworkCore.Storage.RelationalCommand.ExecuteReaderAsync(RelationalCommandParameterObject parameterObject, CancellationToken cancellationToken)
   at Microsoft.EntityFrameworkCore.Storage.RelationalCommand.ExecuteReaderAsync(RelationalCommandParameterObject parameterObject, CancellationToken cancellationToken)
   at Microsoft.EntityFrameworkCore.Query.Internal.SingleQueryingEnumerable`1.AsyncEnumerator.InitializeReaderAsync(AsyncEnumerator enumerator, CancellationToken cancellationToken)
   at Microsoft.EntityFrameworkCore.Storage.ExecutionStrategy.<>c__DisplayClass30_0`2.<<ExecuteAsync>b__0>d.MoveNext()
--- End of stack trace from previous location ---
   at Microsoft.EntityFrameworkCore.Storage.ExecutionStrategy.ExecuteImplementationAsync[TState,TResult](Func`4 operation, Func`4 verifySucceeded, TState state, CancellationToken cancellationToken)
   at Microsoft.EntityFrameworkCore.Storage.ExecutionStrategy.ExecuteImplementationAsync[TState,TResult](Func`4 operation, Func`4 verifySucceeded, TState state, CancellationToken cancellationToken)
   at Microsoft.EntityFrameworkCore.Storage.ExecutionStrategy.ExecuteAsync[TState,TResult](TState state, Func`4 operation, Func`4 verifySucceeded, CancellationToken cancellationToken)
   at Microsoft.EntityFrameworkCore.Query.Internal.SingleQueryingEnumerable`1.AsyncEnumerator.MoveNextAsync()
   at Microsoft.EntityFrameworkCore.Query.ShapedQueryCompilingExpressionVisitor.SingleOrDefaultAsync[TSource](IAsyncEnumerable`1 asyncEnumerable, CancellationToken cancellationToken)
   at Microsoft.EntityFrameworkCore.Query.ShapedQueryCompilingExpressionVisitor.SingleOrDefaultAsync[TSource](IAsyncEnumerable`1 asyncEnumerable, CancellationToken cancellationToken)
   at LmsPortal.API.Controllers.AuthController.LoginHR(LoginDto dto) in C:\Users\kaustubh.bhatlawande\Desktop\LMS Portal - Copy\backend\LmsPortal.API\Controllers\AuthController.cs:line 50
   at Microsoft.AspNetCore.Mvc.Infrastructure.ActionMethodExecutor.TaskOfIActionResultExecutor.Execute(ActionContext actionContext, IActionResultTypeMapper mapper, ObjectMethodExecutor executor, Object controller, Object[] arguments)
   at Microsoft.AspNetCore.Mvc.Infrastructure.ControllerActionInvoker.<InvokeActionMethodAsync>g__Awaited|12_0(ControllerActionInvoker invoker, ValueTask`1 actionResultValueTask)
   at Microsoft.AspNetCore.Mvc.Infrastructure.ControllerActionInvoker.<InvokeNextActionFilterAsync>g__Awaited|10_0(ControllerActionInvoker invoker, Task lastTask, State next, Scope scope, Object state, Boolean isCompleted)
   at Microsoft.AspNetCore.Mvc.Infrastructure.ControllerActionInvoker.Rethrow(ActionExecutedContextSealed context)
   at Microsoft.AspNetCore.Mvc.Infrastructure.ControllerActionInvoker.Next(State& next, Scope& scope, Object& state, Boolean& isCompleted)
   at Microsoft.AspNetCore.Mvc.Infrastructure.ControllerActionInvoker.<InvokeInnerFilterAsync>g__Awaited|13_0(ControllerActionInvoker invoker, Task lastTask, State next, Scope scope, Object state, Boolean isCompleted)
   at Microsoft.AspNetCore.Mvc.Infrastructure.ResourceInvoker.<InvokeFilterPipelineAsync>g__Awaited|20_0(ResourceInvoker invoker, Task lastTask, State next, Scope scope, Object state, Boolean isCompleted)
   at Microsoft.AspNetCore.Mvc.Infrastructure.ResourceInvoker.<InvokeAsync>g__Logged|17_1(ResourceInvoker invoker)
   at Microsoft.AspNetCore.Mvc.Infrastructure.ResourceInvoker.<InvokeAsync>g__Logged|17_1(ResourceInvoker invoker)
   at Microsoft.AspNetCore.Routing.EndpointMiddleware.<Invoke>g__AwaitRequestTask|7_0(Endpoint endpoint, Task requestTask, ILogger logger)
   at Microsoft.AspNetCore.Authorization.AuthorizationMiddleware.Invoke(HttpContext context)
   at Microsoft.AspNetCore.Authentication.AuthenticationMiddleware.Invoke(HttpContext context)
   at Serilog.AspNetCore.RequestLoggingMiddleware.Invoke(HttpContext httpContext)
ClientConnectionId:86d09a08-8227-4c7d-b1c8-3695e29fd143
Error Number:207,State:1,Class:16
2026-08-04 12:32:16.178 +05:30 [ERR] An unhandled exception has occurred while executing the request.
Microsoft.Data.SqlClient.SqlException (0x80131904): Invalid column name 'ConcurrencyStamp'.
Invalid column name 'IsEmailConfirmed'.
Invalid column name 'NormalizedEmail'.
Invalid column name 'PhoneNumber'.
Invalid column name 'SecurityStamp'.
   at Microsoft.Data.SqlClient.SqlCommand.<>c.<ExecuteDbDataReaderAsync>b__211_0(Task`1 result)
   at System.Threading.Tasks.ContinuationResultTaskFromResultTask`2.InnerInvoke()
   at System.Threading.ExecutionContext.RunInternal(ExecutionContext executionContext, ContextCallback callback, Object state)
--- End of stack trace from previous location ---
   at System.Threading.ExecutionContext.RunInternal(ExecutionContext executionContext, ContextCallback callback, Object state)
   at System.Threading.Tasks.Task.ExecuteWithThreadLocal(Task& currentTaskSlot, Thread threadPoolThread)
--- End of stack trace from previous location ---
   at Microsoft.EntityFrameworkCore.Storage.RelationalCommand.ExecuteReaderAsync(RelationalCommandParameterObject parameterObject, CancellationToken cancellationToken)
   at Microsoft.EntityFrameworkCore.Storage.RelationalCommand.ExecuteReaderAsync(RelationalCommandParameterObject parameterObject, CancellationToken cancellationToken)
   at Microsoft.EntityFrameworkCore.Query.Internal.SingleQueryingEnumerable`1.AsyncEnumerator.InitializeReaderAsync(AsyncEnumerator enumerator, CancellationToken cancellationToken)
   at Microsoft.EntityFrameworkCore.Storage.ExecutionStrategy.<>c__DisplayClass30_0`2.<<ExecuteAsync>b__0>d.MoveNext()
--- End of stack trace from previous location ---
   at Microsoft.EntityFrameworkCore.Storage.ExecutionStrategy.ExecuteImplementationAsync[TState,TResult](Func`4 operation, Func`4 verifySucceeded, TState state, CancellationToken cancellationToken)
   at Microsoft.EntityFrameworkCore.Storage.ExecutionStrategy.ExecuteImplementationAsync[TState,TResult](Func`4 operation, Func`4 verifySucceeded, TState state, CancellationToken cancellationToken)
   at Microsoft.EntityFrameworkCore.Storage.ExecutionStrategy.ExecuteAsync[TState,TResult](TState state, Func`4 operation, Func`4 verifySucceeded, CancellationToken cancellationToken)
   at Microsoft.EntityFrameworkCore.Query.Internal.SingleQueryingEnumerable`1.AsyncEnumerator.MoveNextAsync()
   at Microsoft.EntityFrameworkCore.Query.ShapedQueryCompilingExpressionVisitor.SingleOrDefaultAsync[TSource](IAsyncEnumerable`1 asyncEnumerable, CancellationToken cancellationToken)
   at Microsoft.EntityFrameworkCore.Query.ShapedQueryCompilingExpressionVisitor.SingleOrDefaultAsync[TSource](IAsyncEnumerable`1 asyncEnumerable, CancellationToken cancellationToken)
   at LmsPortal.API.Controllers.AuthController.LoginHR(LoginDto dto) in C:\Users\kaustubh.bhatlawande\Desktop\LMS Portal - Copy\backend\LmsPortal.API\Controllers\AuthController.cs:line 50
   at Microsoft.AspNetCore.Mvc.Infrastructure.ActionMethodExecutor.TaskOfIActionResultExecutor.Execute(ActionContext actionContext, IActionResultTypeMapper mapper, ObjectMethodExecutor executor, Object controller, Object[] arguments)
   at Microsoft.AspNetCore.Mvc.Infrastructure.ControllerActionInvoker.<InvokeActionMethodAsync>g__Awaited|12_0(ControllerActionInvoker invoker, ValueTask`1 actionResultValueTask)
   at Microsoft.AspNetCore.Mvc.Infrastructure.ControllerActionInvoker.<InvokeNextActionFilterAsync>g__Awaited|10_0(ControllerActionInvoker invoker, Task lastTask, State next, Scope scope, Object state, Boolean isCompleted)
   at Microsoft.AspNetCore.Mvc.Infrastructure.ControllerActionInvoker.Rethrow(ActionExecutedContextSealed context)
   at Microsoft.AspNetCore.Mvc.Infrastructure.ControllerActionInvoker.Next(State& next, Scope& scope, Object& state, Boolean& isCompleted)
   at Microsoft.AspNetCore.Mvc.Infrastructure.ControllerActionInvoker.<InvokeInnerFilterAsync>g__Awaited|13_0(ControllerActionInvoker invoker, Task lastTask, State next, Scope scope, Object state, Boolean isCompleted)
   at Microsoft.AspNetCore.Mvc.Infrastructure.ResourceInvoker.<InvokeFilterPipelineAsync>g__Awaited|20_0(ResourceInvoker invoker, Task lastTask, State next, Scope scope, Object state, Boolean isCompleted)
   at Microsoft.AspNetCore.Mvc.Infrastructure.ResourceInvoker.<InvokeAsync>g__Logged|17_1(ResourceInvoker invoker)
   at Microsoft.AspNetCore.Mvc.Infrastructure.ResourceInvoker.<InvokeAsync>g__Logged|17_1(ResourceInvoker invoker)
   at Microsoft.AspNetCore.Routing.EndpointMiddleware.<Invoke>g__AwaitRequestTask|7_0(Endpoint endpoint, Task requestTask, ILogger logger)
   at Microsoft.AspNetCore.Authorization.AuthorizationMiddleware.Invoke(HttpContext context)
   at Microsoft.AspNetCore.Authentication.AuthenticationMiddleware.Invoke(HttpContext context)
   at Serilog.AspNetCore.RequestLoggingMiddleware.Invoke(HttpContext httpContext)
   at Swashbuckle.AspNetCore.SwaggerUI.SwaggerUIMiddleware.Invoke(HttpContext httpContext)
   at Swashbuckle.AspNetCore.Swagger.SwaggerMiddleware.Invoke(HttpContext httpContext, ISwaggerProvider swaggerProvider)
   at Microsoft.AspNetCore.Diagnostics.DeveloperExceptionPageMiddlewareImpl.Invoke(HttpContext context)
ClientConnectionId:86d09a08-8227-4c7d-b1c8-3695e29fd143
Error Number:207,State:1,Class:16
2026-08-04 12:32:16.183 +05:30 [INF] Request finished HTTP/1.1 POST http://localhost:5000/api/auth/login/hr - 500 null text/plain; charset=utf-8 16.86ms
2026-08-04 12:32:16.209 +05:30 [INF] Request starting HTTP/1.1 POST http://localhost:5000/api/auth/login/employee - application/json 24
2026-08-04 12:32:16.209 +05:30 [INF] Executing endpoint 'LmsPortal.API.Controllers.AuthController.LoginEmployee (LmsPortal.API)'
2026-08-04 12:32:16.210 +05:30 [INF] Route matched with {action = "LoginEmployee", controller = "Auth"}. Executing controller action with signature System.Threading.Tasks.Task`1[Microsoft.AspNetCore.Mvc.IActionResult] LoginEmployee(EmployeeLoginDto) on controller LmsPortal.API.Controllers.AuthController (LmsPortal.API).
2026-08-04 12:32:16.216 +05:30 [ERR] Failed executing DbCommand (4ms) [Parameters=[@__ToUpper_0='?' (Size = 4000)], CommandType='"Text"', CommandTimeout='30']
SELECT TOP(1) [e].[Id], [e].[CreatedAt], [e].[CreatedBy], [e].[DepartmentCode], [e].[DepartmentId], [e].[DesignationCode], [e].[DesignationId], [e].[EmployeeCode], [e].[EmploymentStatus], [e].[FirstName], [e].[IsDeleted], [e].[IsMasterTester], [e].[JoiningDate], [e].[LastName], [e].[MiddleName], [e].[OfficeCode], [e].[OfficeId], [e].[OfficialEmail], [e].[RowVersion], [e].[UpdatedAt], [e].[UpdatedBy], [e].[UserId], [d0].[Id], [d0].[CreatedAt], [d0].[CreatedBy], [d0].[DepartmentCode], [d0].[DepartmentName], [d0].[Description], [d0].[IsActive], [d0].[IsDeleted], [d0].[RowVersion], [d0].[UpdatedAt], [d0].[UpdatedBy], [d2].[Id], [d2].[CreatedAt], [d2].[CreatedBy], [d2].[DesignationCode], [d2].[GradeLevel], [d2].[IsActive], [d2].[IsDeleted], [d2].[RowVersion], [d2].[Title], [d2].[UpdatedAt], [d2].[UpdatedBy], [o0].[Id], [o0].[City], [o0].[Country], [o0].[CreatedAt], [o0].[CreatedBy], [o0].[IsActive], [o0].[IsDeleted], [o0].[OfficeCode], [o0].[OfficeName], [o0].[RowVersion], [o0].[State], [o0].[UpdatedAt], [o0].[UpdatedBy], [u0].[Id], [u0].[ConcurrencyStamp], [u0].[CreatedAt], [u0].[CreatedBy], [u0].[Email], [u0].[IsActive], [u0].[IsDeleted], [u0].[IsEmailConfirmed], [u0].[NormalizedEmail], [u0].[NormalizedUsername], [u0].[PasswordHash], [u0].[PhoneNumber], [u0].[RoleId], [u0].[RowVersion], [u0].[SecurityStamp], [u0].[UpdatedAt], [u0].[UpdatedBy], [u0].[Username]
FROM [emp].[Employees] AS [e]
INNER JOIN (
    SELECT [d].[Id], [d].[CreatedAt], [d].[CreatedBy], [d].[DepartmentCode], [d].[DepartmentName], [d].[Description], [d].[IsActive], [d].[IsDeleted], [d].[RowVersion], [d].[UpdatedAt], [d].[UpdatedBy]
    FROM [org].[Departments] AS [d]
    WHERE [d].[IsDeleted] = CAST(0 AS bit)
) AS [d0] ON [e].[DepartmentId] = [d0].[Id]
INNER JOIN (
    SELECT [d1].[Id], [d1].[CreatedAt], [d1].[CreatedBy], [d1].[DesignationCode], [d1].[GradeLevel], [d1].[IsActive], [d1].[IsDeleted], [d1].[RowVersion], [d1].[Title], [d1].[UpdatedAt], [d1].[UpdatedBy]
    FROM [org].[Designations] AS [d1]
    WHERE [d1].[IsDeleted] = CAST(0 AS bit)
) AS [d2] ON [e].[DesignationId] = [d2].[Id]
INNER JOIN (
    SELECT [o].[Id], [o].[City], [o].[Country], [o].[CreatedAt], [o].[CreatedBy], [o].[IsActive], [o].[IsDeleted], [o].[OfficeCode], [o].[OfficeName], [o].[RowVersion], [o].[State], [o].[UpdatedAt], [o].[UpdatedBy]
    FROM [org].[Offices] AS [o]
    WHERE [o].[IsDeleted] = CAST(0 AS bit)
) AS [o0] ON [e].[OfficeId] = [o0].[Id]
INNER JOIN (
    SELECT [u].[Id], [u].[ConcurrencyStamp], [u].[CreatedAt], [u].[CreatedBy], [u].[Email], [u].[IsActive], [u].[IsDeleted], [u].[IsEmailConfirmed], [u].[NormalizedEmail], [u].[NormalizedUsername], [u].[PasswordHash], [u].[PhoneNumber], [u].[RoleId], [u].[RowVersion], [u].[SecurityStamp], [u].[UpdatedAt], [u].[UpdatedBy], [u].[Username]
    FROM [sec].[Users] AS [u]
    WHERE [u].[IsDeleted] = CAST(0 AS bit)
) AS [u0] ON [e].[UserId] = [u0].[Id]
WHERE [e].[IsDeleted] = CAST(0 AS bit) AND UPPER([e].[EmployeeCode]) = @__ToUpper_0 AND [e].[IsDeleted] = CAST(0 AS bit)
2026-08-04 12:32:16.217 +05:30 [ERR] An exception occurred while iterating over the results of a query for context type 'LmsPortal.API.Data.LmsDbContext'.
Microsoft.Data.SqlClient.SqlException (0x80131904): Invalid column name 'ConcurrencyStamp'.
Invalid column name 'IsEmailConfirmed'.
Invalid column name 'NormalizedEmail'.
Invalid column name 'PhoneNumber'.
Invalid column name 'SecurityStamp'.
   at Microsoft.Data.SqlClient.SqlCommand.<>c.<ExecuteDbDataReaderAsync>b__211_0(Task`1 result)
   at System.Threading.Tasks.ContinuationResultTaskFromResultTask`2.InnerInvoke()
   at System.Threading.ExecutionContext.RunInternal(ExecutionContext executionContext, ContextCallback callback, Object state)
--- End of stack trace from previous location ---
   at System.Threading.ExecutionContext.RunInternal(ExecutionContext executionContext, ContextCallback callback, Object state)
   at System.Threading.Tasks.Task.ExecuteWithThreadLocal(Task& currentTaskSlot, Thread threadPoolThread)
--- End of stack trace from previous location ---
   at Microsoft.EntityFrameworkCore.Storage.RelationalCommand.ExecuteReaderAsync(RelationalCommandParameterObject parameterObject, CancellationToken cancellationToken)
   at Microsoft.EntityFrameworkCore.Storage.RelationalCommand.ExecuteReaderAsync(RelationalCommandParameterObject parameterObject, CancellationToken cancellationToken)
   at Microsoft.EntityFrameworkCore.Query.Internal.SingleQueryingEnumerable`1.AsyncEnumerator.InitializeReaderAsync(AsyncEnumerator enumerator, CancellationToken cancellationToken)
   at Microsoft.EntityFrameworkCore.Storage.ExecutionStrategy.<>c__DisplayClass30_0`2.<<ExecuteAsync>b__0>d.MoveNext()
--- End of stack trace from previous location ---
   at Microsoft.EntityFrameworkCore.Storage.ExecutionStrategy.ExecuteImplementationAsync[TState,TResult](Func`4 operation, Func`4 verifySucceeded, TState state, CancellationToken cancellationToken)
   at Microsoft.EntityFrameworkCore.Storage.ExecutionStrategy.ExecuteImplementationAsync[TState,TResult](Func`4 operation, Func`4 verifySucceeded, TState state, CancellationToken cancellationToken)
   at Microsoft.EntityFrameworkCore.Storage.ExecutionStrategy.ExecuteAsync[TState,TResult](TState state, Func`4 operation, Func`4 verifySucceeded, CancellationToken cancellationToken)
   at Microsoft.EntityFrameworkCore.Query.Internal.SingleQueryingEnumerable`1.AsyncEnumerator.MoveNextAsync()
ClientConnectionId:86d09a08-8227-4c7d-b1c8-3695e29fd143
Error Number:207,State:1,Class:16
Microsoft.Data.SqlClient.SqlException (0x80131904): Invalid column name 'ConcurrencyStamp'.
Invalid column name 'IsEmailConfirmed'.
Invalid column name 'NormalizedEmail'.
Invalid column name 'PhoneNumber'.
Invalid column name 'SecurityStamp'.
   at Microsoft.Data.SqlClient.SqlCommand.<>c.<ExecuteDbDataReaderAsync>b__211_0(Task`1 result)
   at System.Threading.Tasks.ContinuationResultTaskFromResultTask`2.InnerInvoke()
   at System.Threading.ExecutionContext.RunInternal(ExecutionContext executionContext, ContextCallback callback, Object state)
--- End of stack trace from previous location ---
   at System.Threading.ExecutionContext.RunInternal(ExecutionContext executionContext, ContextCallback callback, Object state)
   at System.Threading.Tasks.Task.ExecuteWithThreadLocal(Task& currentTaskSlot, Thread threadPoolThread)
--- End of stack trace from previous location ---
   at Microsoft.EntityFrameworkCore.Storage.RelationalCommand.ExecuteReaderAsync(RelationalCommandParameterObject parameterObject, CancellationToken cancellationToken)
   at Microsoft.EntityFrameworkCore.Storage.RelationalCommand.ExecuteReaderAsync(RelationalCommandParameterObject parameterObject, CancellationToken cancellationToken)
   at Microsoft.EntityFrameworkCore.Query.Internal.SingleQueryingEnumerable`1.AsyncEnumerator.InitializeReaderAsync(AsyncEnumerator enumerator, CancellationToken cancellationToken)
   at Microsoft.EntityFrameworkCore.Storage.ExecutionStrategy.<>c__DisplayClass30_0`2.<<ExecuteAsync>b__0>d.MoveNext()
--- End of stack trace from previous location ---
   at Microsoft.EntityFrameworkCore.Storage.ExecutionStrategy.ExecuteImplementationAsync[TState,TResult](Func`4 operation, Func`4 verifySucceeded, TState state, CancellationToken cancellationToken)
   at Microsoft.EntityFrameworkCore.Storage.ExecutionStrategy.ExecuteImplementationAsync[TState,TResult](Func`4 operation, Func`4 verifySucceeded, TState state, CancellationToken cancellationToken)
   at Microsoft.EntityFrameworkCore.Storage.ExecutionStrategy.ExecuteAsync[TState,TResult](TState state, Func`4 operation, Func`4 verifySucceeded, CancellationToken cancellationToken)
   at Microsoft.EntityFrameworkCore.Query.Internal.SingleQueryingEnumerable`1.AsyncEnumerator.MoveNextAsync()
ClientConnectionId:86d09a08-8227-4c7d-b1c8-3695e29fd143
Error Number:207,State:1,Class:16
2026-08-04 12:32:16.218 +05:30 [INF] Executed action LmsPortal.API.Controllers.AuthController.LoginEmployee (LmsPortal.API) in 8.5072ms
2026-08-04 12:32:16.218 +05:30 [INF] Executed endpoint 'LmsPortal.API.Controllers.AuthController.LoginEmployee (LmsPortal.API)'
2026-08-04 12:32:16.218 +05:30 [ERR] HTTP POST /api/auth/login/employee responded 500 in 9.0400 ms
Microsoft.Data.SqlClient.SqlException (0x80131904): Invalid column name 'ConcurrencyStamp'.
Invalid column name 'IsEmailConfirmed'.
Invalid column name 'NormalizedEmail'.
Invalid column name 'PhoneNumber'.
Invalid column name 'SecurityStamp'.
   at Microsoft.Data.SqlClient.SqlCommand.<>c.<ExecuteDbDataReaderAsync>b__211_0(Task`1 result)
   at System.Threading.Tasks.ContinuationResultTaskFromResultTask`2.InnerInvoke()
   at System.Threading.ExecutionContext.RunInternal(ExecutionContext executionContext, ContextCallback callback, Object state)
--- End of stack trace from previous location ---
   at System.Threading.ExecutionContext.RunInternal(ExecutionContext executionContext, ContextCallback callback, Object state)
   at System.Threading.Tasks.Task.ExecuteWithThreadLocal(Task& currentTaskSlot, Thread threadPoolThread)
--- End of stack trace from previous location ---
   at Microsoft.EntityFrameworkCore.Storage.RelationalCommand.ExecuteReaderAsync(RelationalCommandParameterObject parameterObject, CancellationToken cancellationToken)
   at Microsoft.EntityFrameworkCore.Storage.RelationalCommand.ExecuteReaderAsync(RelationalCommandParameterObject parameterObject, CancellationToken cancellationToken)
   at Microsoft.EntityFrameworkCore.Query.Internal.SingleQueryingEnumerable`1.AsyncEnumerator.InitializeReaderAsync(AsyncEnumerator enumerator, CancellationToken cancellationToken)
   at Microsoft.EntityFrameworkCore.Storage.ExecutionStrategy.<>c__DisplayClass30_0`2.<<ExecuteAsync>b__0>d.MoveNext()
--- End of stack trace from previous location ---
   at Microsoft.EntityFrameworkCore.Storage.ExecutionStrategy.ExecuteImplementationAsync[TState,TResult](Func`4 operation, Func`4 verifySucceeded, TState state, CancellationToken cancellationToken)
   at Microsoft.EntityFrameworkCore.Storage.ExecutionStrategy.ExecuteImplementationAsync[TState,TResult](Func`4 operation, Func`4 verifySucceeded, TState state, CancellationToken cancellationToken)
   at Microsoft.EntityFrameworkCore.Storage.ExecutionStrategy.ExecuteAsync[TState,TResult](TState state, Func`4 operation, Func`4 verifySucceeded, CancellationToken cancellationToken)
   at Microsoft.EntityFrameworkCore.Query.Internal.SingleQueryingEnumerable`1.AsyncEnumerator.MoveNextAsync()
   at Microsoft.EntityFrameworkCore.Query.ShapedQueryCompilingExpressionVisitor.SingleOrDefaultAsync[TSource](IAsyncEnumerable`1 asyncEnumerable, CancellationToken cancellationToken)
   at Microsoft.EntityFrameworkCore.Query.ShapedQueryCompilingExpressionVisitor.SingleOrDefaultAsync[TSource](IAsyncEnumerable`1 asyncEnumerable, CancellationToken cancellationToken)
   at LmsPortal.API.Controllers.AuthController.LoginEmployee(EmployeeLoginDto dto) in C:\Users\kaustubh.bhatlawande\Desktop\LMS Portal - Copy\backend\LmsPortal.API\Controllers\AuthController.cs:line 122
   at Microsoft.AspNetCore.Mvc.Infrastructure.ActionMethodExecutor.TaskOfIActionResultExecutor.Execute(ActionContext actionContext, IActionResultTypeMapper mapper, ObjectMethodExecutor executor, Object controller, Object[] arguments)
   at Microsoft.AspNetCore.Mvc.Infrastructure.ControllerActionInvoker.<InvokeActionMethodAsync>g__Awaited|12_0(ControllerActionInvoker invoker, ValueTask`1 actionResultValueTask)
   at Microsoft.AspNetCore.Mvc.Infrastructure.ControllerActionInvoker.<InvokeNextActionFilterAsync>g__Awaited|10_0(ControllerActionInvoker invoker, Task lastTask, State next, Scope scope, Object state, Boolean isCompleted)
   at Microsoft.AspNetCore.Mvc.Infrastructure.ControllerActionInvoker.Rethrow(ActionExecutedContextSealed context)
   at Microsoft.AspNetCore.Mvc.Infrastructure.ControllerActionInvoker.Next(State& next, Scope& scope, Object& state, Boolean& isCompleted)
   at Microsoft.AspNetCore.Mvc.Infrastructure.ControllerActionInvoker.<InvokeInnerFilterAsync>g__Awaited|13_0(ControllerActionInvoker invoker, Task lastTask, State next, Scope scope, Object state, Boolean isCompleted)
   at Microsoft.AspNetCore.Mvc.Infrastructure.ResourceInvoker.<InvokeFilterPipelineAsync>g__Awaited|20_0(ResourceInvoker invoker, Task lastTask, State next, Scope scope, Object state, Boolean isCompleted)
   at Microsoft.AspNetCore.Mvc.Infrastructure.ResourceInvoker.<InvokeAsync>g__Logged|17_1(ResourceInvoker invoker)
   at Microsoft.AspNetCore.Mvc.Infrastructure.ResourceInvoker.<InvokeAsync>g__Logged|17_1(ResourceInvoker invoker)
   at Microsoft.AspNetCore.Routing.EndpointMiddleware.<Invoke>g__AwaitRequestTask|7_0(Endpoint endpoint, Task requestTask, ILogger logger)
   at Microsoft.AspNetCore.Authorization.AuthorizationMiddleware.Invoke(HttpContext context)
   at Microsoft.AspNetCore.Authentication.AuthenticationMiddleware.Invoke(HttpContext context)
   at Serilog.AspNetCore.RequestLoggingMiddleware.Invoke(HttpContext httpContext)
ClientConnectionId:86d09a08-8227-4c7d-b1c8-3695e29fd143
Error Number:207,State:1,Class:16
2026-08-04 12:32:16.221 +05:30 [ERR] An unhandled exception has occurred while executing the request.
Microsoft.Data.SqlClient.SqlException (0x80131904): Invalid column name 'ConcurrencyStamp'.
Invalid column name 'IsEmailConfirmed'.
Invalid column name 'NormalizedEmail'.
Invalid column name 'PhoneNumber'.
Invalid column name 'SecurityStamp'.
   at Microsoft.Data.SqlClient.SqlCommand.<>c.<ExecuteDbDataReaderAsync>b__211_0(Task`1 result)
   at System.Threading.Tasks.ContinuationResultTaskFromResultTask`2.InnerInvoke()
   at System.Threading.ExecutionContext.RunInternal(ExecutionContext executionContext, ContextCallback callback, Object state)
--- End of stack trace from previous location ---
   at System.Threading.ExecutionContext.RunInternal(ExecutionContext executionContext, ContextCallback callback, Object state)
   at System.Threading.Tasks.Task.ExecuteWithThreadLocal(Task& currentTaskSlot, Thread threadPoolThread)
--- End of stack trace from previous location ---
   at Microsoft.EntityFrameworkCore.Storage.RelationalCommand.ExecuteReaderAsync(RelationalCommandParameterObject parameterObject, CancellationToken cancellationToken)
   at Microsoft.EntityFrameworkCore.Storage.RelationalCommand.ExecuteReaderAsync(RelationalCommandParameterObject parameterObject, CancellationToken cancellationToken)
   at Microsoft.EntityFrameworkCore.Query.Internal.SingleQueryingEnumerable`1.AsyncEnumerator.InitializeReaderAsync(AsyncEnumerator enumerator, CancellationToken cancellationToken)
   at Microsoft.EntityFrameworkCore.Storage.ExecutionStrategy.<>c__DisplayClass30_0`2.<<ExecuteAsync>b__0>d.MoveNext()
--- End of stack trace from previous location ---
   at Microsoft.EntityFrameworkCore.Storage.ExecutionStrategy.ExecuteImplementationAsync[TState,TResult](Func`4 operation, Func`4 verifySucceeded, TState state, CancellationToken cancellationToken)
   at Microsoft.EntityFrameworkCore.Storage.ExecutionStrategy.ExecuteImplementationAsync[TState,TResult](Func`4 operation, Func`4 verifySucceeded, TState state, CancellationToken cancellationToken)
   at Microsoft.EntityFrameworkCore.Storage.ExecutionStrategy.ExecuteAsync[TState,TResult](TState state, Func`4 operation, Func`4 verifySucceeded, CancellationToken cancellationToken)
   at Microsoft.EntityFrameworkCore.Query.Internal.SingleQueryingEnumerable`1.AsyncEnumerator.MoveNextAsync()
   at Microsoft.EntityFrameworkCore.Query.ShapedQueryCompilingExpressionVisitor.SingleOrDefaultAsync[TSource](IAsyncEnumerable`1 asyncEnumerable, CancellationToken cancellationToken)
   at Microsoft.EntityFrameworkCore.Query.ShapedQueryCompilingExpressionVisitor.SingleOrDefaultAsync[TSource](IAsyncEnumerable`1 asyncEnumerable, CancellationToken cancellationToken)
   at LmsPortal.API.Controllers.AuthController.LoginEmployee(EmployeeLoginDto dto) in C:\Users\kaustubh.bhatlawande\Desktop\LMS Portal - Copy\backend\LmsPortal.API\Controllers\AuthController.cs:line 122
   at Microsoft.AspNetCore.Mvc.Infrastructure.ActionMethodExecutor.TaskOfIActionResultExecutor.Execute(ActionContext actionContext, IActionResultTypeMapper mapper, ObjectMethodExecutor executor, Object controller, Object[] arguments)
   at Microsoft.AspNetCore.Mvc.Infrastructure.ControllerActionInvoker.<InvokeActionMethodAsync>g__Awaited|12_0(ControllerActionInvoker invoker, ValueTask`1 actionResultValueTask)
   at Microsoft.AspNetCore.Mvc.Infrastructure.ControllerActionInvoker.<InvokeNextActionFilterAsync>g__Awaited|10_0(ControllerActionInvoker invoker, Task lastTask, State next, Scope scope, Object state, Boolean isCompleted)
   at Microsoft.AspNetCore.Mvc.Infrastructure.ControllerActionInvoker.Rethrow(ActionExecutedContextSealed context)
   at Microsoft.AspNetCore.Mvc.Infrastructure.ControllerActionInvoker.Next(State& next, Scope& scope, Object& state, Boolean& isCompleted)
   at Microsoft.AspNetCore.Mvc.Infrastructure.ControllerActionInvoker.<InvokeInnerFilterAsync>g__Awaited|13_0(ControllerActionInvoker invoker, Task lastTask, State next, Scope scope, Object state, Boolean isCompleted)
   at Microsoft.AspNetCore.Mvc.Infrastructure.ResourceInvoker.<InvokeFilterPipelineAsync>g__Awaited|20_0(ResourceInvoker invoker, Task lastTask, State next, Scope scope, Object state, Boolean isCompleted)
   at Microsoft.AspNetCore.Mvc.Infrastructure.ResourceInvoker.<InvokeAsync>g__Logged|17_1(ResourceInvoker invoker)
   at Microsoft.AspNetCore.Mvc.Infrastructure.ResourceInvoker.<InvokeAsync>g__Logged|17_1(ResourceInvoker invoker)
   at Microsoft.AspNetCore.Routing.EndpointMiddleware.<Invoke>g__AwaitRequestTask|7_0(Endpoint endpoint, Task requestTask, ILogger logger)
   at Microsoft.AspNetCore.Authorization.AuthorizationMiddleware.Invoke(HttpContext context)
   at Microsoft.AspNetCore.Authentication.AuthenticationMiddleware.Invoke(HttpContext context)
   at Serilog.AspNetCore.RequestLoggingMiddleware.Invoke(HttpContext httpContext)
   at Swashbuckle.AspNetCore.SwaggerUI.SwaggerUIMiddleware.Invoke(HttpContext httpContext)
   at Swashbuckle.AspNetCore.Swagger.SwaggerMiddleware.Invoke(HttpContext httpContext, ISwaggerProvider swaggerProvider)
   at Microsoft.AspNetCore.Diagnostics.DeveloperExceptionPageMiddlewareImpl.Invoke(HttpContext context)
ClientConnectionId:86d09a08-8227-4c7d-b1c8-3695e29fd143
Error Number:207,State:1,Class:16
2026-08-04 12:32:16.226 +05:30 [INF] Request finished HTTP/1.1 POST http://localhost:5000/api/auth/login/employee - 500 null text/plain; charset=utf-8 16.3407ms
2026-08-04 12:34:07.936 +05:30 [INF] Request starting HTTP/1.1 POST http://localhost:5000/api/auth/login/hr - application/json 42
2026-08-04 12:34:07.937 +05:30 [INF] Executing endpoint 'LmsPortal.API.Controllers.AuthController.LoginHR (LmsPortal.API)'
2026-08-04 12:34:07.937 +05:30 [INF] Route matched with {action = "LoginHR", controller = "Auth"}. Executing controller action with signature System.Threading.Tasks.Task`1[Microsoft.AspNetCore.Mvc.IActionResult] LoginHR(LoginDto) on controller LmsPortal.API.Controllers.AuthController (LmsPortal.API).
2026-08-04 12:34:07.955 +05:30 [INF] Executed DbCommand (13ms) [Parameters=[@__ToUpper_0='?' (Size = 4000)], CommandType='"Text"', CommandTimeout='30']
SELECT TOP(1) [u].[Id], [u].[ConcurrencyStamp], [u].[CreatedAt], [u].[CreatedBy], [u].[Email], [u].[IsActive], [u].[IsDeleted], [u].[IsEmailConfirmed], [u].[NormalizedEmail], [u].[NormalizedUsername], [u].[PasswordHash], [u].[PhoneNumber], [u].[RoleId], [u].[RowVersion], [u].[SecurityStamp], [u].[UpdatedAt], [u].[UpdatedBy], [u].[Username], [r0].[Id], [r0].[CreatedAt], [r0].[CreatedBy], [r0].[Description], [r0].[IsDeleted], [r0].[NormalizedRoleName], [r0].[RoleName], [r0].[RowVersion], [r0].[UpdatedAt], [r0].[UpdatedBy]
FROM [sec].[Users] AS [u]
INNER JOIN (
    SELECT [r].[Id], [r].[CreatedAt], [r].[CreatedBy], [r].[Description], [r].[IsDeleted], [r].[NormalizedRoleName], [r].[RoleName], [r].[RowVersion], [r].[UpdatedAt], [r].[UpdatedBy]
    FROM [sec].[Roles] AS [r]
    WHERE [r].[IsDeleted] = CAST(0 AS bit)
) AS [r0] ON [u].[RoleId] = [r0].[Id]
WHERE [u].[IsDeleted] = CAST(0 AS bit) AND [u].[NormalizedUsername] = @__ToUpper_0 AND [u].[IsDeleted] = CAST(0 AS bit)
2026-08-04 12:34:07.956 +05:30 [ERR] An exception occurred while iterating over the results of a query for context type 'LmsPortal.API.Data.LmsDbContext'.
System.Data.SqlTypes.SqlNullValueException: Data is Null. This method or property cannot be called on Null values.
   at Microsoft.Data.SqlClient.SqlBuffer.ThrowIfNull()
   at Microsoft.Data.SqlClient.SqlBuffer.get_DateTime()
   at Microsoft.Data.SqlClient.SqlDataReader.GetDateTime(Int32 i)
   at Microsoft.EntityFrameworkCore.Query.Internal.BufferedDataReader.BufferedDataRecord.ReadDateTime(DbDataReader reader, Int32 ordinal, ReaderColumn column)
   at Microsoft.EntityFrameworkCore.Query.Internal.BufferedDataReader.BufferedDataRecord.ReadRow()
   at Microsoft.EntityFrameworkCore.Query.Internal.BufferedDataReader.BufferedDataRecord.InitializeAsync(DbDataReader reader, IReadOnlyList`1 columns, CancellationToken cancellationToken)
   at Microsoft.EntityFrameworkCore.Query.Internal.BufferedDataReader.InitializeAsync(IReadOnlyList`1 columns, CancellationToken cancellationToken)
   at Microsoft.EntityFrameworkCore.Query.Internal.BufferedDataReader.InitializeAsync(IReadOnlyList`1 columns, CancellationToken cancellationToken)
   at Microsoft.EntityFrameworkCore.Storage.RelationalCommand.ExecuteReaderAsync(RelationalCommandParameterObject parameterObject, CancellationToken cancellationToken)
   at Microsoft.EntityFrameworkCore.Storage.RelationalCommand.ExecuteReaderAsync(RelationalCommandParameterObject parameterObject, CancellationToken cancellationToken)
   at Microsoft.EntityFrameworkCore.Query.Internal.SingleQueryingEnumerable`1.AsyncEnumerator.InitializeReaderAsync(AsyncEnumerator enumerator, CancellationToken cancellationToken)
   at Microsoft.EntityFrameworkCore.Storage.ExecutionStrategy.<>c__DisplayClass30_0`2.<<ExecuteAsync>b__0>d.MoveNext()
--- End of stack trace from previous location ---
   at Microsoft.EntityFrameworkCore.Storage.ExecutionStrategy.ExecuteImplementationAsync[TState,TResult](Func`4 operation, Func`4 verifySucceeded, TState state, CancellationToken cancellationToken)
   at Microsoft.EntityFrameworkCore.Storage.ExecutionStrategy.ExecuteImplementationAsync[TState,TResult](Func`4 operation, Func`4 verifySucceeded, TState state, CancellationToken cancellationToken)
   at Microsoft.EntityFrameworkCore.Storage.ExecutionStrategy.ExecuteAsync[TState,TResult](TState state, Func`4 operation, Func`4 verifySucceeded, CancellationToken cancellationToken)
   at Microsoft.EntityFrameworkCore.Query.Internal.SingleQueryingEnumerable`1.AsyncEnumerator.MoveNextAsync()
System.Data.SqlTypes.SqlNullValueException: Data is Null. This method or property cannot be called on Null values.
   at Microsoft.Data.SqlClient.SqlBuffer.ThrowIfNull()
   at Microsoft.Data.SqlClient.SqlBuffer.get_DateTime()
   at Microsoft.Data.SqlClient.SqlDataReader.GetDateTime(Int32 i)
   at Microsoft.EntityFrameworkCore.Query.Internal.BufferedDataReader.BufferedDataRecord.ReadDateTime(DbDataReader reader, Int32 ordinal, ReaderColumn column)
   at Microsoft.EntityFrameworkCore.Query.Internal.BufferedDataReader.BufferedDataRecord.ReadRow()
   at Microsoft.EntityFrameworkCore.Query.Internal.BufferedDataReader.BufferedDataRecord.InitializeAsync(DbDataReader reader, IReadOnlyList`1 columns, CancellationToken cancellationToken)
   at Microsoft.EntityFrameworkCore.Query.Internal.BufferedDataReader.InitializeAsync(IReadOnlyList`1 columns, CancellationToken cancellationToken)
   at Microsoft.EntityFrameworkCore.Query.Internal.BufferedDataReader.InitializeAsync(IReadOnlyList`1 columns, CancellationToken cancellationToken)
   at Microsoft.EntityFrameworkCore.Storage.RelationalCommand.ExecuteReaderAsync(RelationalCommandParameterObject parameterObject, CancellationToken cancellationToken)
   at Microsoft.EntityFrameworkCore.Storage.RelationalCommand.ExecuteReaderAsync(RelationalCommandParameterObject parameterObject, CancellationToken cancellationToken)
   at Microsoft.EntityFrameworkCore.Query.Internal.SingleQueryingEnumerable`1.AsyncEnumerator.InitializeReaderAsync(AsyncEnumerator enumerator, CancellationToken cancellationToken)
   at Microsoft.EntityFrameworkCore.Storage.ExecutionStrategy.<>c__DisplayClass30_0`2.<<ExecuteAsync>b__0>d.MoveNext()
--- End of stack trace from previous location ---
   at Microsoft.EntityFrameworkCore.Storage.ExecutionStrategy.ExecuteImplementationAsync[TState,TResult](Func`4 operation, Func`4 verifySucceeded, TState state, CancellationToken cancellationToken)
   at Microsoft.EntityFrameworkCore.Storage.ExecutionStrategy.ExecuteImplementationAsync[TState,TResult](Func`4 operation, Func`4 verifySucceeded, TState state, CancellationToken cancellationToken)
   at Microsoft.EntityFrameworkCore.Storage.ExecutionStrategy.ExecuteAsync[TState,TResult](TState state, Func`4 operation, Func`4 verifySucceeded, CancellationToken cancellationToken)
   at Microsoft.EntityFrameworkCore.Query.Internal.SingleQueryingEnumerable`1.AsyncEnumerator.MoveNextAsync()
2026-08-04 12:34:07.957 +05:30 [INF] Executed action LmsPortal.API.Controllers.AuthController.LoginHR (LmsPortal.API) in 20.4877ms
2026-08-04 12:34:07.957 +05:30 [INF] Executed endpoint 'LmsPortal.API.Controllers.AuthController.LoginHR (LmsPortal.API)'
2026-08-04 12:34:07.957 +05:30 [ERR] HTTP POST /api/auth/login/hr responded 500 in 20.9340 ms
System.Data.SqlTypes.SqlNullValueException: Data is Null. This method or property cannot be called on Null values.
   at Microsoft.Data.SqlClient.SqlBuffer.ThrowIfNull()
   at Microsoft.Data.SqlClient.SqlBuffer.get_DateTime()
   at Microsoft.Data.SqlClient.SqlDataReader.GetDateTime(Int32 i)
   at Microsoft.EntityFrameworkCore.Query.Internal.BufferedDataReader.BufferedDataRecord.ReadDateTime(DbDataReader reader, Int32 ordinal, ReaderColumn column)
   at Microsoft.EntityFrameworkCore.Query.Internal.BufferedDataReader.BufferedDataRecord.ReadRow()
   at Microsoft.EntityFrameworkCore.Query.Internal.BufferedDataReader.BufferedDataRecord.InitializeAsync(DbDataReader reader, IReadOnlyList`1 columns, CancellationToken cancellationToken)
   at Microsoft.EntityFrameworkCore.Query.Internal.BufferedDataReader.InitializeAsync(IReadOnlyList`1 columns, CancellationToken cancellationToken)
   at Microsoft.EntityFrameworkCore.Query.Internal.BufferedDataReader.InitializeAsync(IReadOnlyList`1 columns, CancellationToken cancellationToken)
   at Microsoft.EntityFrameworkCore.Storage.RelationalCommand.ExecuteReaderAsync(RelationalCommandParameterObject parameterObject, CancellationToken cancellationToken)
   at Microsoft.EntityFrameworkCore.Storage.RelationalCommand.ExecuteReaderAsync(RelationalCommandParameterObject parameterObject, CancellationToken cancellationToken)
   at Microsoft.EntityFrameworkCore.Query.Internal.SingleQueryingEnumerable`1.AsyncEnumerator.InitializeReaderAsync(AsyncEnumerator enumerator, CancellationToken cancellationToken)
   at Microsoft.EntityFrameworkCore.Storage.ExecutionStrategy.<>c__DisplayClass30_0`2.<<ExecuteAsync>b__0>d.MoveNext()
--- End of stack trace from previous location ---
   at Microsoft.EntityFrameworkCore.Storage.ExecutionStrategy.ExecuteImplementationAsync[TState,TResult](Func`4 operation, Func`4 verifySucceeded, TState state, CancellationToken cancellationToken)
   at Microsoft.EntityFrameworkCore.Storage.ExecutionStrategy.ExecuteImplementationAsync[TState,TResult](Func`4 operation, Func`4 verifySucceeded, TState state, CancellationToken cancellationToken)
   at Microsoft.EntityFrameworkCore.Storage.ExecutionStrategy.ExecuteAsync[TState,TResult](TState state, Func`4 operation, Func`4 verifySucceeded, CancellationToken cancellationToken)
   at Microsoft.EntityFrameworkCore.Query.Internal.SingleQueryingEnumerable`1.AsyncEnumerator.MoveNextAsync()
   at Microsoft.EntityFrameworkCore.Query.ShapedQueryCompilingExpressionVisitor.SingleOrDefaultAsync[TSource](IAsyncEnumerable`1 asyncEnumerable, CancellationToken cancellationToken)
   at Microsoft.EntityFrameworkCore.Query.ShapedQueryCompilingExpressionVisitor.SingleOrDefaultAsync[TSource](IAsyncEnumerable`1 asyncEnumerable, CancellationToken cancellationToken)
   at LmsPortal.API.Controllers.AuthController.LoginHR(LoginDto dto) in C:\Users\kaustubh.bhatlawande\Desktop\LMS Portal - Copy\backend\LmsPortal.API\Controllers\AuthController.cs:line 50
   at Microsoft.AspNetCore.Mvc.Infrastructure.ActionMethodExecutor.TaskOfIActionResultExecutor.Execute(ActionContext actionContext, IActionResultTypeMapper mapper, ObjectMethodExecutor executor, Object controller, Object[] arguments)
   at Microsoft.AspNetCore.Mvc.Infrastructure.ControllerActionInvoker.<InvokeActionMethodAsync>g__Awaited|12_0(ControllerActionInvoker invoker, ValueTask`1 actionResultValueTask)
   at Microsoft.AspNetCore.Mvc.Infrastructure.ControllerActionInvoker.<InvokeNextActionFilterAsync>g__Awaited|10_0(ControllerActionInvoker invoker, Task lastTask, State next, Scope scope, Object state, Boolean isCompleted)
   at Microsoft.AspNetCore.Mvc.Infrastructure.ControllerActionInvoker.Rethrow(ActionExecutedContextSealed context)
   at Microsoft.AspNetCore.Mvc.Infrastructure.ControllerActionInvoker.Next(State& next, Scope& scope, Object& state, Boolean& isCompleted)
   at Microsoft.AspNetCore.Mvc.Infrastructure.ControllerActionInvoker.<InvokeInnerFilterAsync>g__Awaited|13_0(ControllerActionInvoker invoker, Task lastTask, State next, Scope scope, Object state, Boolean isCompleted)
   at Microsoft.AspNetCore.Mvc.Infrastructure.ResourceInvoker.<InvokeFilterPipelineAsync>g__Awaited|20_0(ResourceInvoker invoker, Task lastTask, State next, Scope scope, Object state, Boolean isCompleted)
   at Microsoft.AspNetCore.Mvc.Infrastructure.ResourceInvoker.<InvokeAsync>g__Logged|17_1(ResourceInvoker invoker)
   at Microsoft.AspNetCore.Mvc.Infrastructure.ResourceInvoker.<InvokeAsync>g__Logged|17_1(ResourceInvoker invoker)
   at Microsoft.AspNetCore.Routing.EndpointMiddleware.<Invoke>g__AwaitRequestTask|7_0(Endpoint endpoint, Task requestTask, ILogger logger)
   at Microsoft.AspNetCore.Authorization.AuthorizationMiddleware.Invoke(HttpContext context)
   at Microsoft.AspNetCore.Authentication.AuthenticationMiddleware.Invoke(HttpContext context)
   at Serilog.AspNetCore.RequestLoggingMiddleware.Invoke(HttpContext httpContext)
2026-08-04 12:34:07.959 +05:30 [ERR] An unhandled exception has occurred while executing the request.
System.Data.SqlTypes.SqlNullValueException: Data is Null. This method or property cannot be called on Null values.
   at Microsoft.Data.SqlClient.SqlBuffer.ThrowIfNull()
   at Microsoft.Data.SqlClient.SqlBuffer.get_DateTime()
   at Microsoft.Data.SqlClient.SqlDataReader.GetDateTime(Int32 i)
   at Microsoft.EntityFrameworkCore.Query.Internal.BufferedDataReader.BufferedDataRecord.ReadDateTime(DbDataReader reader, Int32 ordinal, ReaderColumn column)
   at Microsoft.EntityFrameworkCore.Query.Internal.BufferedDataReader.BufferedDataRecord.ReadRow()
   at Microsoft.EntityFrameworkCore.Query.Internal.BufferedDataReader.BufferedDataRecord.InitializeAsync(DbDataReader reader, IReadOnlyList`1 columns, CancellationToken cancellationToken)
   at Microsoft.EntityFrameworkCore.Query.Internal.BufferedDataReader.InitializeAsync(IReadOnlyList`1 columns, CancellationToken cancellationToken)
   at Microsoft.EntityFrameworkCore.Query.Internal.BufferedDataReader.InitializeAsync(IReadOnlyList`1 columns, CancellationToken cancellationToken)
   at Microsoft.EntityFrameworkCore.Storage.RelationalCommand.ExecuteReaderAsync(RelationalCommandParameterObject parameterObject, CancellationToken cancellationToken)
   at Microsoft.EntityFrameworkCore.Storage.RelationalCommand.ExecuteReaderAsync(RelationalCommandParameterObject parameterObject, CancellationToken cancellationToken)
   at Microsoft.EntityFrameworkCore.Query.Internal.SingleQueryingEnumerable`1.AsyncEnumerator.InitializeReaderAsync(AsyncEnumerator enumerator, CancellationToken cancellationToken)
   at Microsoft.EntityFrameworkCore.Storage.ExecutionStrategy.<>c__DisplayClass30_0`2.<<ExecuteAsync>b__0>d.MoveNext()
--- End of stack trace from previous location ---
   at Microsoft.EntityFrameworkCore.Storage.ExecutionStrategy.ExecuteImplementationAsync[TState,TResult](Func`4 operation, Func`4 verifySucceeded, TState state, CancellationToken cancellationToken)
   at Microsoft.EntityFrameworkCore.Storage.ExecutionStrategy.ExecuteImplementationAsync[TState,TResult](Func`4 operation, Func`4 verifySucceeded, TState state, CancellationToken cancellationToken)
   at Microsoft.EntityFrameworkCore.Storage.ExecutionStrategy.ExecuteAsync[TState,TResult](TState state, Func`4 operation, Func`4 verifySucceeded, CancellationToken cancellationToken)
   at Microsoft.EntityFrameworkCore.Query.Internal.SingleQueryingEnumerable`1.AsyncEnumerator.MoveNextAsync()
   at Microsoft.EntityFrameworkCore.Query.ShapedQueryCompilingExpressionVisitor.SingleOrDefaultAsync[TSource](IAsyncEnumerable`1 asyncEnumerable, CancellationToken cancellationToken)
   at Microsoft.EntityFrameworkCore.Query.ShapedQueryCompilingExpressionVisitor.SingleOrDefaultAsync[TSource](IAsyncEnumerable`1 asyncEnumerable, CancellationToken cancellationToken)
   at LmsPortal.API.Controllers.AuthController.LoginHR(LoginDto dto) in C:\Users\kaustubh.bhatlawande\Desktop\LMS Portal - Copy\backend\LmsPortal.API\Controllers\AuthController.cs:line 50
   at Microsoft.AspNetCore.Mvc.Infrastructure.ActionMethodExecutor.TaskOfIActionResultExecutor.Execute(ActionContext actionContext, IActionResultTypeMapper mapper, ObjectMethodExecutor executor, Object controller, Object[] arguments)
   at Microsoft.AspNetCore.Mvc.Infrastructure.ControllerActionInvoker.<InvokeActionMethodAsync>g__Awaited|12_0(ControllerActionInvoker invoker, ValueTask`1 actionResultValueTask)
   at Microsoft.AspNetCore.Mvc.Infrastructure.ControllerActionInvoker.<InvokeNextActionFilterAsync>g__Awaited|10_0(ControllerActionInvoker invoker, Task lastTask, State next, Scope scope, Object state, Boolean isCompleted)
   at Microsoft.AspNetCore.Mvc.Infrastructure.ControllerActionInvoker.Rethrow(ActionExecutedContextSealed context)
   at Microsoft.AspNetCore.Mvc.Infrastructure.ControllerActionInvoker.Next(State& next, Scope& scope, Object& state, Boolean& isCompleted)
   at Microsoft.AspNetCore.Mvc.Infrastructure.ControllerActionInvoker.<InvokeInnerFilterAsync>g__Awaited|13_0(ControllerActionInvoker invoker, Task lastTask, State next, Scope scope, Object state, Boolean isCompleted)
   at Microsoft.AspNetCore.Mvc.Infrastructure.ResourceInvoker.<InvokeFilterPipelineAsync>g__Awaited|20_0(ResourceInvoker invoker, Task lastTask, State next, Scope scope, Object state, Boolean isCompleted)
   at Microsoft.AspNetCore.Mvc.Infrastructure.ResourceInvoker.<InvokeAsync>g__Logged|17_1(ResourceInvoker invoker)
   at Microsoft.AspNetCore.Mvc.Infrastructure.ResourceInvoker.<InvokeAsync>g__Logged|17_1(ResourceInvoker invoker)
   at Microsoft.AspNetCore.Routing.EndpointMiddleware.<Invoke>g__AwaitRequestTask|7_0(Endpoint endpoint, Task requestTask, ILogger logger)
   at Microsoft.AspNetCore.Authorization.AuthorizationMiddleware.Invoke(HttpContext context)
   at Microsoft.AspNetCore.Authentication.AuthenticationMiddleware.Invoke(HttpContext context)
   at Serilog.AspNetCore.RequestLoggingMiddleware.Invoke(HttpContext httpContext)
   at Swashbuckle.AspNetCore.SwaggerUI.SwaggerUIMiddleware.Invoke(HttpContext httpContext)
   at Swashbuckle.AspNetCore.Swagger.SwaggerMiddleware.Invoke(HttpContext httpContext, ISwaggerProvider swaggerProvider)
   at Microsoft.AspNetCore.Diagnostics.DeveloperExceptionPageMiddlewareImpl.Invoke(HttpContext context)
2026-08-04 12:34:07.962 +05:30 [INF] Request finished HTTP/1.1 POST http://localhost:5000/api/auth/login/hr - 500 null text/plain; charset=utf-8 25.3466ms
2026-08-04 12:34:07.986 +05:30 [INF] Request starting HTTP/1.1 POST http://localhost:5000/api/auth/login/employee - application/json 24
2026-08-04 12:34:07.987 +05:30 [INF] Executing endpoint 'LmsPortal.API.Controllers.AuthController.LoginEmployee (LmsPortal.API)'
2026-08-04 12:34:07.987 +05:30 [INF] Route matched with {action = "LoginEmployee", controller = "Auth"}. Executing controller action with signature System.Threading.Tasks.Task`1[Microsoft.AspNetCore.Mvc.IActionResult] LoginEmployee(EmployeeLoginDto) on controller LmsPortal.API.Controllers.AuthController (LmsPortal.API).
2026-08-04 12:34:08.008 +05:30 [INF] Executed DbCommand (19ms) [Parameters=[@__ToUpper_0='?' (Size = 4000)], CommandType='"Text"', CommandTimeout='30']
SELECT TOP(1) [e].[Id], [e].[CreatedAt], [e].[CreatedBy], [e].[DepartmentCode], [e].[DepartmentId], [e].[DesignationCode], [e].[DesignationId], [e].[EmployeeCode], [e].[EmploymentStatus], [e].[FirstName], [e].[IsDeleted], [e].[IsMasterTester], [e].[JoiningDate], [e].[LastName], [e].[MiddleName], [e].[OfficeCode], [e].[OfficeId], [e].[OfficialEmail], [e].[RowVersion], [e].[UpdatedAt], [e].[UpdatedBy], [e].[UserId], [d0].[Id], [d0].[CreatedAt], [d0].[CreatedBy], [d0].[DepartmentCode], [d0].[DepartmentName], [d0].[Description], [d0].[IsActive], [d0].[IsDeleted], [d0].[RowVersion], [d0].[UpdatedAt], [d0].[UpdatedBy], [d2].[Id], [d2].[CreatedAt], [d2].[CreatedBy], [d2].[DesignationCode], [d2].[GradeLevel], [d2].[IsActive], [d2].[IsDeleted], [d2].[RowVersion], [d2].[Title], [d2].[UpdatedAt], [d2].[UpdatedBy], [o0].[Id], [o0].[City], [o0].[Country], [o0].[CreatedAt], [o0].[CreatedBy], [o0].[IsActive], [o0].[IsDeleted], [o0].[OfficeCode], [o0].[OfficeName], [o0].[RowVersion], [o0].[State], [o0].[UpdatedAt], [o0].[UpdatedBy], [u0].[Id], [u0].[ConcurrencyStamp], [u0].[CreatedAt], [u0].[CreatedBy], [u0].[Email], [u0].[IsActive], [u0].[IsDeleted], [u0].[IsEmailConfirmed], [u0].[NormalizedEmail], [u0].[NormalizedUsername], [u0].[PasswordHash], [u0].[PhoneNumber], [u0].[RoleId], [u0].[RowVersion], [u0].[SecurityStamp], [u0].[UpdatedAt], [u0].[UpdatedBy], [u0].[Username]
FROM [emp].[Employees] AS [e]
INNER JOIN (
    SELECT [d].[Id], [d].[CreatedAt], [d].[CreatedBy], [d].[DepartmentCode], [d].[DepartmentName], [d].[Description], [d].[IsActive], [d].[IsDeleted], [d].[RowVersion], [d].[UpdatedAt], [d].[UpdatedBy]
    FROM [org].[Departments] AS [d]
    WHERE [d].[IsDeleted] = CAST(0 AS bit)
) AS [d0] ON [e].[DepartmentId] = [d0].[Id]
INNER JOIN (
    SELECT [d1].[Id], [d1].[CreatedAt], [d1].[CreatedBy], [d1].[DesignationCode], [d1].[GradeLevel], [d1].[IsActive], [d1].[IsDeleted], [d1].[RowVersion], [d1].[Title], [d1].[UpdatedAt], [d1].[UpdatedBy]
    FROM [org].[Designations] AS [d1]
    WHERE [d1].[IsDeleted] = CAST(0 AS bit)
) AS [d2] ON [e].[DesignationId] = [d2].[Id]
INNER JOIN (
    SELECT [o].[Id], [o].[City], [o].[Country], [o].[CreatedAt], [o].[CreatedBy], [o].[IsActive], [o].[IsDeleted], [o].[OfficeCode], [o].[OfficeName], [o].[RowVersion], [o].[State], [o].[UpdatedAt], [o].[UpdatedBy]
    FROM [org].[Offices] AS [o]
    WHERE [o].[IsDeleted] = CAST(0 AS bit)
) AS [o0] ON [e].[OfficeId] = [o0].[Id]
INNER JOIN (
    SELECT [u].[Id], [u].[ConcurrencyStamp], [u].[CreatedAt], [u].[CreatedBy], [u].[Email], [u].[IsActive], [u].[IsDeleted], [u].[IsEmailConfirmed], [u].[NormalizedEmail], [u].[NormalizedUsername], [u].[PasswordHash], [u].[PhoneNumber], [u].[RoleId], [u].[RowVersion], [u].[SecurityStamp], [u].[UpdatedAt], [u].[UpdatedBy], [u].[Username]
    FROM [sec].[Users] AS [u]
    WHERE [u].[IsDeleted] = CAST(0 AS bit)
) AS [u0] ON [e].[UserId] = [u0].[Id]
WHERE [e].[IsDeleted] = CAST(0 AS bit) AND UPPER([e].[EmployeeCode]) = @__ToUpper_0 AND [e].[IsDeleted] = CAST(0 AS bit)
2026-08-04 12:34:08.008 +05:30 [ERR] An exception occurred while iterating over the results of a query for context type 'LmsPortal.API.Data.LmsDbContext'.
System.Data.SqlTypes.SqlNullValueException: Data is Null. This method or property cannot be called on Null values.
   at Microsoft.Data.SqlClient.SqlBuffer.ThrowIfNull()
   at Microsoft.Data.SqlClient.SqlBuffer.get_DateTime()
   at Microsoft.Data.SqlClient.SqlDataReader.GetDateTime(Int32 i)
   at Microsoft.EntityFrameworkCore.Query.Internal.BufferedDataReader.BufferedDataRecord.ReadDateTime(DbDataReader reader, Int32 ordinal, ReaderColumn column)
   at Microsoft.EntityFrameworkCore.Query.Internal.BufferedDataReader.BufferedDataRecord.ReadRow()
   at Microsoft.EntityFrameworkCore.Query.Internal.BufferedDataReader.BufferedDataRecord.InitializeAsync(DbDataReader reader, IReadOnlyList`1 columns, CancellationToken cancellationToken)
   at Microsoft.EntityFrameworkCore.Query.Internal.BufferedDataReader.InitializeAsync(IReadOnlyList`1 columns, CancellationToken cancellationToken)
   at Microsoft.EntityFrameworkCore.Query.Internal.BufferedDataReader.InitializeAsync(IReadOnlyList`1 columns, CancellationToken cancellationToken)
   at Microsoft.EntityFrameworkCore.Storage.RelationalCommand.ExecuteReaderAsync(RelationalCommandParameterObject parameterObject, CancellationToken cancellationToken)
   at Microsoft.EntityFrameworkCore.Storage.RelationalCommand.ExecuteReaderAsync(RelationalCommandParameterObject parameterObject, CancellationToken cancellationToken)
   at Microsoft.EntityFrameworkCore.Query.Internal.SingleQueryingEnumerable`1.AsyncEnumerator.InitializeReaderAsync(AsyncEnumerator enumerator, CancellationToken cancellationToken)
   at Microsoft.EntityFrameworkCore.Storage.ExecutionStrategy.<>c__DisplayClass30_0`2.<<ExecuteAsync>b__0>d.MoveNext()
--- End of stack trace from previous location ---
   at Microsoft.EntityFrameworkCore.Storage.ExecutionStrategy.ExecuteImplementationAsync[TState,TResult](Func`4 operation, Func`4 verifySucceeded, TState state, CancellationToken cancellationToken)
   at Microsoft.EntityFrameworkCore.Storage.ExecutionStrategy.ExecuteImplementationAsync[TState,TResult](Func`4 operation, Func`4 verifySucceeded, TState state, CancellationToken cancellationToken)
   at Microsoft.EntityFrameworkCore.Storage.ExecutionStrategy.ExecuteAsync[TState,TResult](TState state, Func`4 operation, Func`4 verifySucceeded, CancellationToken cancellationToken)
   at Microsoft.EntityFrameworkCore.Query.Internal.SingleQueryingEnumerable`1.AsyncEnumerator.MoveNextAsync()
System.Data.SqlTypes.SqlNullValueException: Data is Null. This method or property cannot be called on Null values.
   at Microsoft.Data.SqlClient.SqlBuffer.ThrowIfNull()
   at Microsoft.Data.SqlClient.SqlBuffer.get_DateTime()
   at Microsoft.Data.SqlClient.SqlDataReader.GetDateTime(Int32 i)
   at Microsoft.EntityFrameworkCore.Query.Internal.BufferedDataReader.BufferedDataRecord.ReadDateTime(DbDataReader reader, Int32 ordinal, ReaderColumn column)
   at Microsoft.EntityFrameworkCore.Query.Internal.BufferedDataReader.BufferedDataRecord.ReadRow()
   at Microsoft.EntityFrameworkCore.Query.Internal.BufferedDataReader.BufferedDataRecord.InitializeAsync(DbDataReader reader, IReadOnlyList`1 columns, CancellationToken cancellationToken)
   at Microsoft.EntityFrameworkCore.Query.Internal.BufferedDataReader.InitializeAsync(IReadOnlyList`1 columns, CancellationToken cancellationToken)
   at Microsoft.EntityFrameworkCore.Query.Internal.BufferedDataReader.InitializeAsync(IReadOnlyList`1 columns, CancellationToken cancellationToken)
   at Microsoft.EntityFrameworkCore.Storage.RelationalCommand.ExecuteReaderAsync(RelationalCommandParameterObject parameterObject, CancellationToken cancellationToken)
   at Microsoft.EntityFrameworkCore.Storage.RelationalCommand.ExecuteReaderAsync(RelationalCommandParameterObject parameterObject, CancellationToken cancellationToken)
   at Microsoft.EntityFrameworkCore.Query.Internal.SingleQueryingEnumerable`1.AsyncEnumerator.InitializeReaderAsync(AsyncEnumerator enumerator, CancellationToken cancellationToken)
   at Microsoft.EntityFrameworkCore.Storage.ExecutionStrategy.<>c__DisplayClass30_0`2.<<ExecuteAsync>b__0>d.MoveNext()
--- End of stack trace from previous location ---
   at Microsoft.EntityFrameworkCore.Storage.ExecutionStrategy.ExecuteImplementationAsync[TState,TResult](Func`4 operation, Func`4 verifySucceeded, TState state, CancellationToken cancellationToken)
   at Microsoft.EntityFrameworkCore.Storage.ExecutionStrategy.ExecuteImplementationAsync[TState,TResult](Func`4 operation, Func`4 verifySucceeded, TState state, CancellationToken cancellationToken)
   at Microsoft.EntityFrameworkCore.Storage.ExecutionStrategy.ExecuteAsync[TState,TResult](TState state, Func`4 operation, Func`4 verifySucceeded, CancellationToken cancellationToken)
   at Microsoft.EntityFrameworkCore.Query.Internal.SingleQueryingEnumerable`1.AsyncEnumerator.MoveNextAsync()
2026-08-04 12:34:08.010 +05:30 [INF] Executed action LmsPortal.API.Controllers.AuthController.LoginEmployee (LmsPortal.API) in 22.9852ms
2026-08-04 12:34:08.010 +05:30 [INF] Executed endpoint 'LmsPortal.API.Controllers.AuthController.LoginEmployee (LmsPortal.API)'
2026-08-04 12:34:08.010 +05:30 [ERR] HTTP POST /api/auth/login/employee responded 500 in 23.4221 ms
System.Data.SqlTypes.SqlNullValueException: Data is Null. This method or property cannot be called on Null values.
   at Microsoft.Data.SqlClient.SqlBuffer.ThrowIfNull()
   at Microsoft.Data.SqlClient.SqlBuffer.get_DateTime()
   at Microsoft.Data.SqlClient.SqlDataReader.GetDateTime(Int32 i)
   at Microsoft.EntityFrameworkCore.Query.Internal.BufferedDataReader.BufferedDataRecord.ReadDateTime(DbDataReader reader, Int32 ordinal, ReaderColumn column)
   at Microsoft.EntityFrameworkCore.Query.Internal.BufferedDataReader.BufferedDataRecord.ReadRow()
   at Microsoft.EntityFrameworkCore.Query.Internal.BufferedDataReader.BufferedDataRecord.InitializeAsync(DbDataReader reader, IReadOnlyList`1 columns, CancellationToken cancellationToken)
   at Microsoft.EntityFrameworkCore.Query.Internal.BufferedDataReader.InitializeAsync(IReadOnlyList`1 columns, CancellationToken cancellationToken)
   at Microsoft.EntityFrameworkCore.Query.Internal.BufferedDataReader.InitializeAsync(IReadOnlyList`1 columns, CancellationToken cancellationToken)
   at Microsoft.EntityFrameworkCore.Storage.RelationalCommand.ExecuteReaderAsync(RelationalCommandParameterObject parameterObject, CancellationToken cancellationToken)
   at Microsoft.EntityFrameworkCore.Storage.RelationalCommand.ExecuteReaderAsync(RelationalCommandParameterObject parameterObject, CancellationToken cancellationToken)
   at Microsoft.EntityFrameworkCore.Query.Internal.SingleQueryingEnumerable`1.AsyncEnumerator.InitializeReaderAsync(AsyncEnumerator enumerator, CancellationToken cancellationToken)
   at Microsoft.EntityFrameworkCore.Storage.ExecutionStrategy.<>c__DisplayClass30_0`2.<<ExecuteAsync>b__0>d.MoveNext()
--- End of stack trace from previous location ---
   at Microsoft.EntityFrameworkCore.Storage.ExecutionStrategy.ExecuteImplementationAsync[TState,TResult](Func`4 operation, Func`4 verifySucceeded, TState state, CancellationToken cancellationToken)
   at Microsoft.EntityFrameworkCore.Storage.ExecutionStrategy.ExecuteImplementationAsync[TState,TResult](Func`4 operation, Func`4 verifySucceeded, TState state, CancellationToken cancellationToken)
   at Microsoft.EntityFrameworkCore.Storage.ExecutionStrategy.ExecuteAsync[TState,TResult](TState state, Func`4 operation, Func`4 verifySucceeded, CancellationToken cancellationToken)
   at Microsoft.EntityFrameworkCore.Query.Internal.SingleQueryingEnumerable`1.AsyncEnumerator.MoveNextAsync()
   at Microsoft.EntityFrameworkCore.Query.ShapedQueryCompilingExpressionVisitor.SingleOrDefaultAsync[TSource](IAsyncEnumerable`1 asyncEnumerable, CancellationToken cancellationToken)
   at Microsoft.EntityFrameworkCore.Query.ShapedQueryCompilingExpressionVisitor.SingleOrDefaultAsync[TSource](IAsyncEnumerable`1 asyncEnumerable, CancellationToken cancellationToken)
   at LmsPortal.API.Controllers.AuthController.LoginEmployee(EmployeeLoginDto dto) in C:\Users\kaustubh.bhatlawande\Desktop\LMS Portal - Copy\backend\LmsPortal.API\Controllers\AuthController.cs:line 122
   at Microsoft.AspNetCore.Mvc.Infrastructure.ActionMethodExecutor.TaskOfIActionResultExecutor.Execute(ActionContext actionContext, IActionResultTypeMapper mapper, ObjectMethodExecutor executor, Object controller, Object[] arguments)
   at Microsoft.AspNetCore.Mvc.Infrastructure.ControllerActionInvoker.<InvokeActionMethodAsync>g__Awaited|12_0(ControllerActionInvoker invoker, ValueTask`1 actionResultValueTask)
   at Microsoft.AspNetCore.Mvc.Infrastructure.ControllerActionInvoker.<InvokeNextActionFilterAsync>g__Awaited|10_0(ControllerActionInvoker invoker, Task lastTask, State next, Scope scope, Object state, Boolean isCompleted)
   at Microsoft.AspNetCore.Mvc.Infrastructure.ControllerActionInvoker.Rethrow(ActionExecutedContextSealed context)
   at Microsoft.AspNetCore.Mvc.Infrastructure.ControllerActionInvoker.Next(State& next, Scope& scope, Object& state, Boolean& isCompleted)
   at Microsoft.AspNetCore.Mvc.Infrastructure.ControllerActionInvoker.<InvokeInnerFilterAsync>g__Awaited|13_0(ControllerActionInvoker invoker, Task lastTask, State next, Scope scope, Object state, Boolean isCompleted)
   at Microsoft.AspNetCore.Mvc.Infrastructure.ResourceInvoker.<InvokeFilterPipelineAsync>g__Awaited|20_0(ResourceInvoker invoker, Task lastTask, State next, Scope scope, Object state, Boolean isCompleted)
   at Microsoft.AspNetCore.Mvc.Infrastructure.ResourceInvoker.<InvokeAsync>g__Logged|17_1(ResourceInvoker invoker)
   at Microsoft.AspNetCore.Mvc.Infrastructure.ResourceInvoker.<InvokeAsync>g__Logged|17_1(ResourceInvoker invoker)
   at Microsoft.AspNetCore.Routing.EndpointMiddleware.<Invoke>g__AwaitRequestTask|7_0(Endpoint endpoint, Task requestTask, ILogger logger)
   at Microsoft.AspNetCore.Authorization.AuthorizationMiddleware.Invoke(HttpContext context)
   at Microsoft.AspNetCore.Authentication.AuthenticationMiddleware.Invoke(HttpContext context)
   at Serilog.AspNetCore.RequestLoggingMiddleware.Invoke(HttpContext httpContext)
2026-08-04 12:34:08.012 +05:30 [ERR] An unhandled exception has occurred while executing the request.
System.Data.SqlTypes.SqlNullValueException: Data is Null. This method or property cannot be called on Null values.
   at Microsoft.Data.SqlClient.SqlBuffer.ThrowIfNull()
   at Microsoft.Data.SqlClient.SqlBuffer.get_DateTime()
   at Microsoft.Data.SqlClient.SqlDataReader.GetDateTime(Int32 i)
   at Microsoft.EntityFrameworkCore.Query.Internal.BufferedDataReader.BufferedDataRecord.ReadDateTime(DbDataReader reader, Int32 ordinal, ReaderColumn column)
   at Microsoft.EntityFrameworkCore.Query.Internal.BufferedDataReader.BufferedDataRecord.ReadRow()
   at Microsoft.EntityFrameworkCore.Query.Internal.BufferedDataReader.BufferedDataRecord.InitializeAsync(DbDataReader reader, IReadOnlyList`1 columns, CancellationToken cancellationToken)
   at Microsoft.EntityFrameworkCore.Query.Internal.BufferedDataReader.InitializeAsync(IReadOnlyList`1 columns, CancellationToken cancellationToken)
   at Microsoft.EntityFrameworkCore.Query.Internal.BufferedDataReader.InitializeAsync(IReadOnlyList`1 columns, CancellationToken cancellationToken)
   at Microsoft.EntityFrameworkCore.Storage.RelationalCommand.ExecuteReaderAsync(RelationalCommandParameterObject parameterObject, CancellationToken cancellationToken)
   at Microsoft.EntityFrameworkCore.Storage.RelationalCommand.ExecuteReaderAsync(RelationalCommandParameterObject parameterObject, CancellationToken cancellationToken)
   at Microsoft.EntityFrameworkCore.Query.Internal.SingleQueryingEnumerable`1.AsyncEnumerator.InitializeReaderAsync(AsyncEnumerator enumerator, CancellationToken cancellationToken)
   at Microsoft.EntityFrameworkCore.Storage.ExecutionStrategy.<>c__DisplayClass30_0`2.<<ExecuteAsync>b__0>d.MoveNext()
--- End of stack trace from previous location ---
   at Microsoft.EntityFrameworkCore.Storage.ExecutionStrategy.ExecuteImplementationAsync[TState,TResult](Func`4 operation, Func`4 verifySucceeded, TState state, CancellationToken cancellationToken)
   at Microsoft.EntityFrameworkCore.Storage.ExecutionStrategy.ExecuteImplementationAsync[TState,TResult](Func`4 operation, Func`4 verifySucceeded, TState state, CancellationToken cancellationToken)
   at Microsoft.EntityFrameworkCore.Storage.ExecutionStrategy.ExecuteAsync[TState,TResult](TState state, Func`4 operation, Func`4 verifySucceeded, CancellationToken cancellationToken)
   at Microsoft.EntityFrameworkCore.Query.Internal.SingleQueryingEnumerable`1.AsyncEnumerator.MoveNextAsync()
   at Microsoft.EntityFrameworkCore.Query.ShapedQueryCompilingExpressionVisitor.SingleOrDefaultAsync[TSource](IAsyncEnumerable`1 asyncEnumerable, CancellationToken cancellationToken)
   at Microsoft.EntityFrameworkCore.Query.ShapedQueryCompilingExpressionVisitor.SingleOrDefaultAsync[TSource](IAsyncEnumerable`1 asyncEnumerable, CancellationToken cancellationToken)
   at LmsPortal.API.Controllers.AuthController.LoginEmployee(EmployeeLoginDto dto) in C:\Users\kaustubh.bhatlawande\Desktop\LMS Portal - Copy\backend\LmsPortal.API\Controllers\AuthController.cs:line 122
   at Microsoft.AspNetCore.Mvc.Infrastructure.ActionMethodExecutor.TaskOfIActionResultExecutor.Execute(ActionContext actionContext, IActionResultTypeMapper mapper, ObjectMethodExecutor executor, Object controller, Object[] arguments)
   at Microsoft.AspNetCore.Mvc.Infrastructure.ControllerActionInvoker.<InvokeActionMethodAsync>g__Awaited|12_0(ControllerActionInvoker invoker, ValueTask`1 actionResultValueTask)
   at Microsoft.AspNetCore.Mvc.Infrastructure.ControllerActionInvoker.<InvokeNextActionFilterAsync>g__Awaited|10_0(ControllerActionInvoker invoker, Task lastTask, State next, Scope scope, Object state, Boolean isCompleted)
   at Microsoft.AspNetCore.Mvc.Infrastructure.ControllerActionInvoker.Rethrow(ActionExecutedContextSealed context)
   at Microsoft.AspNetCore.Mvc.Infrastructure.ControllerActionInvoker.Next(State& next, Scope& scope, Object& state, Boolean& isCompleted)
   at Microsoft.AspNetCore.Mvc.Infrastructure.ControllerActionInvoker.<InvokeInnerFilterAsync>g__Awaited|13_0(ControllerActionInvoker invoker, Task lastTask, State next, Scope scope, Object state, Boolean isCompleted)
   at Microsoft.AspNetCore.Mvc.Infrastructure.ResourceInvoker.<InvokeFilterPipelineAsync>g__Awaited|20_0(ResourceInvoker invoker, Task lastTask, State next, Scope scope, Object state, Boolean isCompleted)
   at Microsoft.AspNetCore.Mvc.Infrastructure.ResourceInvoker.<InvokeAsync>g__Logged|17_1(ResourceInvoker invoker)
   at Microsoft.AspNetCore.Mvc.Infrastructure.ResourceInvoker.<InvokeAsync>g__Logged|17_1(ResourceInvoker invoker)
   at Microsoft.AspNetCore.Routing.EndpointMiddleware.<Invoke>g__AwaitRequestTask|7_0(Endpoint endpoint, Task requestTask, ILogger logger)
   at Microsoft.AspNetCore.Authorization.AuthorizationMiddleware.Invoke(HttpContext context)
   at Microsoft.AspNetCore.Authentication.AuthenticationMiddleware.Invoke(HttpContext context)
   at Serilog.AspNetCore.RequestLoggingMiddleware.Invoke(HttpContext httpContext)
   at Swashbuckle.AspNetCore.SwaggerUI.SwaggerUIMiddleware.Invoke(HttpContext httpContext)
   at Swashbuckle.AspNetCore.Swagger.SwaggerMiddleware.Invoke(HttpContext httpContext, ISwaggerProvider swaggerProvider)
   at Microsoft.AspNetCore.Diagnostics.DeveloperExceptionPageMiddlewareImpl.Invoke(HttpContext context)
2026-08-04 12:34:08.015 +05:30 [INF] Request finished HTTP/1.1 POST http://localhost:5000/api/auth/login/employee - 500 null text/plain; charset=utf-8 28.2024ms
2026-08-04 12:34:29.902 +05:30 [INF] Request starting HTTP/1.1 POST http://localhost:5000/api/auth/login/hr - application/json 42
2026-08-04 12:34:29.902 +05:30 [INF] Executing endpoint 'LmsPortal.API.Controllers.AuthController.LoginHR (LmsPortal.API)'
2026-08-04 12:34:29.902 +05:30 [INF] Route matched with {action = "LoginHR", controller = "Auth"}. Executing controller action with signature System.Threading.Tasks.Task`1[Microsoft.AspNetCore.Mvc.IActionResult] LoginHR(LoginDto) on controller LmsPortal.API.Controllers.AuthController (LmsPortal.API).
2026-08-04 12:34:29.906 +05:30 [INF] Executed DbCommand (2ms) [Parameters=[@__ToUpper_0='?' (Size = 4000)], CommandType='"Text"', CommandTimeout='30']
SELECT TOP(1) [u].[Id], [u].[ConcurrencyStamp], [u].[CreatedAt], [u].[CreatedBy], [u].[Email], [u].[IsActive], [u].[IsDeleted], [u].[IsEmailConfirmed], [u].[NormalizedEmail], [u].[NormalizedUsername], [u].[PasswordHash], [u].[PhoneNumber], [u].[RoleId], [u].[RowVersion], [u].[SecurityStamp], [u].[UpdatedAt], [u].[UpdatedBy], [u].[Username], [r0].[Id], [r0].[CreatedAt], [r0].[CreatedBy], [r0].[Description], [r0].[IsDeleted], [r0].[NormalizedRoleName], [r0].[RoleName], [r0].[RowVersion], [r0].[UpdatedAt], [r0].[UpdatedBy]
FROM [sec].[Users] AS [u]
INNER JOIN (
    SELECT [r].[Id], [r].[CreatedAt], [r].[CreatedBy], [r].[Description], [r].[IsDeleted], [r].[NormalizedRoleName], [r].[RoleName], [r].[RowVersion], [r].[UpdatedAt], [r].[UpdatedBy]
    FROM [sec].[Roles] AS [r]
    WHERE [r].[IsDeleted] = CAST(0 AS bit)
) AS [r0] ON [u].[RoleId] = [r0].[Id]
WHERE [u].[IsDeleted] = CAST(0 AS bit) AND [u].[NormalizedUsername] = @__ToUpper_0 AND [u].[IsDeleted] = CAST(0 AS bit)
2026-08-04 12:34:29.907 +05:30 [ERR] An exception occurred while iterating over the results of a query for context type 'LmsPortal.API.Data.LmsDbContext'.
System.Data.SqlTypes.SqlNullValueException: Data is Null. This method or property cannot be called on Null values.
   at Microsoft.Data.SqlClient.SqlBuffer.ThrowIfNull()
   at Microsoft.Data.SqlClient.SqlBuffer.get_DateTime()
   at Microsoft.Data.SqlClient.SqlDataReader.GetDateTime(Int32 i)
   at Microsoft.EntityFrameworkCore.Query.Internal.BufferedDataReader.BufferedDataRecord.ReadDateTime(DbDataReader reader, Int32 ordinal, ReaderColumn column)
   at Microsoft.EntityFrameworkCore.Query.Internal.BufferedDataReader.BufferedDataRecord.ReadRow()
   at Microsoft.EntityFrameworkCore.Query.Internal.BufferedDataReader.BufferedDataRecord.InitializeAsync(DbDataReader reader, IReadOnlyList`1 columns, CancellationToken cancellationToken)
   at Microsoft.EntityFrameworkCore.Query.Internal.BufferedDataReader.InitializeAsync(IReadOnlyList`1 columns, CancellationToken cancellationToken)
   at Microsoft.EntityFrameworkCore.Query.Internal.BufferedDataReader.InitializeAsync(IReadOnlyList`1 columns, CancellationToken cancellationToken)
   at Microsoft.EntityFrameworkCore.Storage.RelationalCommand.ExecuteReaderAsync(RelationalCommandParameterObject parameterObject, CancellationToken cancellationToken)
   at Microsoft.EntityFrameworkCore.Storage.RelationalCommand.ExecuteReaderAsync(RelationalCommandParameterObject parameterObject, CancellationToken cancellationToken)
   at Microsoft.EntityFrameworkCore.Query.Internal.SingleQueryingEnumerable`1.AsyncEnumerator.InitializeReaderAsync(AsyncEnumerator enumerator, CancellationToken cancellationToken)
   at Microsoft.EntityFrameworkCore.Storage.ExecutionStrategy.<>c__DisplayClass30_0`2.<<ExecuteAsync>b__0>d.MoveNext()
--- End of stack trace from previous location ---
   at Microsoft.EntityFrameworkCore.Storage.ExecutionStrategy.ExecuteImplementationAsync[TState,TResult](Func`4 operation, Func`4 verifySucceeded, TState state, CancellationToken cancellationToken)
   at Microsoft.EntityFrameworkCore.Storage.ExecutionStrategy.ExecuteImplementationAsync[TState,TResult](Func`4 operation, Func`4 verifySucceeded, TState state, CancellationToken cancellationToken)
   at Microsoft.EntityFrameworkCore.Storage.ExecutionStrategy.ExecuteAsync[TState,TResult](TState state, Func`4 operation, Func`4 verifySucceeded, CancellationToken cancellationToken)
   at Microsoft.EntityFrameworkCore.Query.Internal.SingleQueryingEnumerable`1.AsyncEnumerator.MoveNextAsync()
System.Data.SqlTypes.SqlNullValueException: Data is Null. This method or property cannot be called on Null values.
   at Microsoft.Data.SqlClient.SqlBuffer.ThrowIfNull()
   at Microsoft.Data.SqlClient.SqlBuffer.get_DateTime()
   at Microsoft.Data.SqlClient.SqlDataReader.GetDateTime(Int32 i)
   at Microsoft.EntityFrameworkCore.Query.Internal.BufferedDataReader.BufferedDataRecord.ReadDateTime(DbDataReader reader, Int32 ordinal, ReaderColumn column)
   at Microsoft.EntityFrameworkCore.Query.Internal.BufferedDataReader.BufferedDataRecord.ReadRow()
   at Microsoft.EntityFrameworkCore.Query.Internal.BufferedDataReader.BufferedDataRecord.InitializeAsync(DbDataReader reader, IReadOnlyList`1 columns, CancellationToken cancellationToken)
   at Microsoft.EntityFrameworkCore.Query.Internal.BufferedDataReader.InitializeAsync(IReadOnlyList`1 columns, CancellationToken cancellationToken)
   at Microsoft.EntityFrameworkCore.Query.Internal.BufferedDataReader.InitializeAsync(IReadOnlyList`1 columns, CancellationToken cancellationToken)
   at Microsoft.EntityFrameworkCore.Storage.RelationalCommand.ExecuteReaderAsync(RelationalCommandParameterObject parameterObject, CancellationToken cancellationToken)
   at Microsoft.EntityFrameworkCore.Storage.RelationalCommand.ExecuteReaderAsync(RelationalCommandParameterObject parameterObject, CancellationToken cancellationToken)
   at Microsoft.EntityFrameworkCore.Query.Internal.SingleQueryingEnumerable`1.AsyncEnumerator.InitializeReaderAsync(AsyncEnumerator enumerator, CancellationToken cancellationToken)
   at Microsoft.EntityFrameworkCore.Storage.ExecutionStrategy.<>c__DisplayClass30_0`2.<<ExecuteAsync>b__0>d.MoveNext()
--- End of stack trace from previous location ---
   at Microsoft.EntityFrameworkCore.Storage.ExecutionStrategy.ExecuteImplementationAsync[TState,TResult](Func`4 operation, Func`4 verifySucceeded, TState state, CancellationToken cancellationToken)
   at Microsoft.EntityFrameworkCore.Storage.ExecutionStrategy.ExecuteImplementationAsync[TState,TResult](Func`4 operation, Func`4 verifySucceeded, TState state, CancellationToken cancellationToken)
   at Microsoft.EntityFrameworkCore.Storage.ExecutionStrategy.ExecuteAsync[TState,TResult](TState state, Func`4 operation, Func`4 verifySucceeded, CancellationToken cancellationToken)
   at Microsoft.EntityFrameworkCore.Query.Internal.SingleQueryingEnumerable`1.AsyncEnumerator.MoveNextAsync()
2026-08-04 12:34:29.909 +05:30 [INF] Executed action LmsPortal.API.Controllers.AuthController.LoginHR (LmsPortal.API) in 6.7355ms
2026-08-04 12:34:29.909 +05:30 [INF] Executed endpoint 'LmsPortal.API.Controllers.AuthController.LoginHR (LmsPortal.API)'
2026-08-04 12:34:29.909 +05:30 [ERR] HTTP POST /api/auth/login/hr responded 500 in 7.1469 ms
System.Data.SqlTypes.SqlNullValueException: Data is Null. This method or property cannot be called on Null values.
   at Microsoft.Data.SqlClient.SqlBuffer.ThrowIfNull()
   at Microsoft.Data.SqlClient.SqlBuffer.get_DateTime()
   at Microsoft.Data.SqlClient.SqlDataReader.GetDateTime(Int32 i)
   at Microsoft.EntityFrameworkCore.Query.Internal.BufferedDataReader.BufferedDataRecord.ReadDateTime(DbDataReader reader, Int32 ordinal, ReaderColumn column)
   at Microsoft.EntityFrameworkCore.Query.Internal.BufferedDataReader.BufferedDataRecord.ReadRow()
   at Microsoft.EntityFrameworkCore.Query.Internal.BufferedDataReader.BufferedDataRecord.InitializeAsync(DbDataReader reader, IReadOnlyList`1 columns, CancellationToken cancellationToken)
   at Microsoft.EntityFrameworkCore.Query.Internal.BufferedDataReader.InitializeAsync(IReadOnlyList`1 columns, CancellationToken cancellationToken)
   at Microsoft.EntityFrameworkCore.Query.Internal.BufferedDataReader.InitializeAsync(IReadOnlyList`1 columns, CancellationToken cancellationToken)
   at Microsoft.EntityFrameworkCore.Storage.RelationalCommand.ExecuteReaderAsync(RelationalCommandParameterObject parameterObject, CancellationToken cancellationToken)
   at Microsoft.EntityFrameworkCore.Storage.RelationalCommand.ExecuteReaderAsync(RelationalCommandParameterObject parameterObject, CancellationToken cancellationToken)
   at Microsoft.EntityFrameworkCore.Query.Internal.SingleQueryingEnumerable`1.AsyncEnumerator.InitializeReaderAsync(AsyncEnumerator enumerator, CancellationToken cancellationToken)
   at Microsoft.EntityFrameworkCore.Storage.ExecutionStrategy.<>c__DisplayClass30_0`2.<<ExecuteAsync>b__0>d.MoveNext()
--- End of stack trace from previous location ---
   at Microsoft.EntityFrameworkCore.Storage.ExecutionStrategy.ExecuteImplementationAsync[TState,TResult](Func`4 operation, Func`4 verifySucceeded, TState state, CancellationToken cancellationToken)
   at Microsoft.EntityFrameworkCore.Storage.ExecutionStrategy.ExecuteImplementationAsync[TState,TResult](Func`4 operation, Func`4 verifySucceeded, TState state, CancellationToken cancellationToken)
   at Microsoft.EntityFrameworkCore.Storage.ExecutionStrategy.ExecuteAsync[TState,TResult](TState state, Func`4 operation, Func`4 verifySucceeded, CancellationToken cancellationToken)
   at Microsoft.EntityFrameworkCore.Query.Internal.SingleQueryingEnumerable`1.AsyncEnumerator.MoveNextAsync()
   at Microsoft.EntityFrameworkCore.Query.ShapedQueryCompilingExpressionVisitor.SingleOrDefaultAsync[TSource](IAsyncEnumerable`1 asyncEnumerable, CancellationToken cancellationToken)
   at Microsoft.EntityFrameworkCore.Query.ShapedQueryCompilingExpressionVisitor.SingleOrDefaultAsync[TSource](IAsyncEnumerable`1 asyncEnumerable, CancellationToken cancellationToken)
   at LmsPortal.API.Controllers.AuthController.LoginHR(LoginDto dto) in C:\Users\kaustubh.bhatlawande\Desktop\LMS Portal - Copy\backend\LmsPortal.API\Controllers\AuthController.cs:line 50
   at Microsoft.AspNetCore.Mvc.Infrastructure.ActionMethodExecutor.TaskOfIActionResultExecutor.Execute(ActionContext actionContext, IActionResultTypeMapper mapper, ObjectMethodExecutor executor, Object controller, Object[] arguments)
   at Microsoft.AspNetCore.Mvc.Infrastructure.ControllerActionInvoker.<InvokeActionMethodAsync>g__Awaited|12_0(ControllerActionInvoker invoker, ValueTask`1 actionResultValueTask)
   at Microsoft.AspNetCore.Mvc.Infrastructure.ControllerActionInvoker.<InvokeNextActionFilterAsync>g__Awaited|10_0(ControllerActionInvoker invoker, Task lastTask, State next, Scope scope, Object state, Boolean isCompleted)
   at Microsoft.AspNetCore.Mvc.Infrastructure.ControllerActionInvoker.Rethrow(ActionExecutedContextSealed context)
   at Microsoft.AspNetCore.Mvc.Infrastructure.ControllerActionInvoker.Next(State& next, Scope& scope, Object& state, Boolean& isCompleted)
   at Microsoft.AspNetCore.Mvc.Infrastructure.ControllerActionInvoker.<InvokeInnerFilterAsync>g__Awaited|13_0(ControllerActionInvoker invoker, Task lastTask, State next, Scope scope, Object state, Boolean isCompleted)
   at Microsoft.AspNetCore.Mvc.Infrastructure.ResourceInvoker.<InvokeFilterPipelineAsync>g__Awaited|20_0(ResourceInvoker invoker, Task lastTask, State next, Scope scope, Object state, Boolean isCompleted)
   at Microsoft.AspNetCore.Mvc.Infrastructure.ResourceInvoker.<InvokeAsync>g__Logged|17_1(ResourceInvoker invoker)
   at Microsoft.AspNetCore.Mvc.Infrastructure.ResourceInvoker.<InvokeAsync>g__Logged|17_1(ResourceInvoker invoker)
   at Microsoft.AspNetCore.Routing.EndpointMiddleware.<Invoke>g__AwaitRequestTask|7_0(Endpoint endpoint, Task requestTask, ILogger logger)
   at Microsoft.AspNetCore.Authorization.AuthorizationMiddleware.Invoke(HttpContext context)
   at Microsoft.AspNetCore.Authentication.AuthenticationMiddleware.Invoke(HttpContext context)
   at Serilog.AspNetCore.RequestLoggingMiddleware.Invoke(HttpContext httpContext)
2026-08-04 12:34:29.911 +05:30 [ERR] An unhandled exception has occurred while executing the request.
System.Data.SqlTypes.SqlNullValueException: Data is Null. This method or property cannot be called on Null values.
   at Microsoft.Data.SqlClient.SqlBuffer.ThrowIfNull()
   at Microsoft.Data.SqlClient.SqlBuffer.get_DateTime()
   at Microsoft.Data.SqlClient.SqlDataReader.GetDateTime(Int32 i)
   at Microsoft.EntityFrameworkCore.Query.Internal.BufferedDataReader.BufferedDataRecord.ReadDateTime(DbDataReader reader, Int32 ordinal, ReaderColumn column)
   at Microsoft.EntityFrameworkCore.Query.Internal.BufferedDataReader.BufferedDataRecord.ReadRow()
   at Microsoft.EntityFrameworkCore.Query.Internal.BufferedDataReader.BufferedDataRecord.InitializeAsync(DbDataReader reader, IReadOnlyList`1 columns, CancellationToken cancellationToken)
   at Microsoft.EntityFrameworkCore.Query.Internal.BufferedDataReader.InitializeAsync(IReadOnlyList`1 columns, CancellationToken cancellationToken)
   at Microsoft.EntityFrameworkCore.Query.Internal.BufferedDataReader.InitializeAsync(IReadOnlyList`1 columns, CancellationToken cancellationToken)
   at Microsoft.EntityFrameworkCore.Storage.RelationalCommand.ExecuteReaderAsync(RelationalCommandParameterObject parameterObject, CancellationToken cancellationToken)
   at Microsoft.EntityFrameworkCore.Storage.RelationalCommand.ExecuteReaderAsync(RelationalCommandParameterObject parameterObject, CancellationToken cancellationToken)
   at Microsoft.EntityFrameworkCore.Query.Internal.SingleQueryingEnumerable`1.AsyncEnumerator.InitializeReaderAsync(AsyncEnumerator enumerator, CancellationToken cancellationToken)
   at Microsoft.EntityFrameworkCore.Storage.ExecutionStrategy.<>c__DisplayClass30_0`2.<<ExecuteAsync>b__0>d.MoveNext()
--- End of stack trace from previous location ---
   at Microsoft.EntityFrameworkCore.Storage.ExecutionStrategy.ExecuteImplementationAsync[TState,TResult](Func`4 operation, Func`4 verifySucceeded, TState state, CancellationToken cancellationToken)
   at Microsoft.EntityFrameworkCore.Storage.ExecutionStrategy.ExecuteImplementationAsync[TState,TResult](Func`4 operation, Func`4 verifySucceeded, TState state, CancellationToken cancellationToken)
   at Microsoft.EntityFrameworkCore.Storage.ExecutionStrategy.ExecuteAsync[TState,TResult](TState state, Func`4 operation, Func`4 verifySucceeded, CancellationToken cancellationToken)
   at Microsoft.EntityFrameworkCore.Query.Internal.SingleQueryingEnumerable`1.AsyncEnumerator.MoveNextAsync()
   at Microsoft.EntityFrameworkCore.Query.ShapedQueryCompilingExpressionVisitor.SingleOrDefaultAsync[TSource](IAsyncEnumerable`1 asyncEnumerable, CancellationToken cancellationToken)
   at Microsoft.EntityFrameworkCore.Query.ShapedQueryCompilingExpressionVisitor.SingleOrDefaultAsync[TSource](IAsyncEnumerable`1 asyncEnumerable, CancellationToken cancellationToken)
   at LmsPortal.API.Controllers.AuthController.LoginHR(LoginDto dto) in C:\Users\kaustubh.bhatlawande\Desktop\LMS Portal - Copy\backend\LmsPortal.API\Controllers\AuthController.cs:line 50
   at Microsoft.AspNetCore.Mvc.Infrastructure.ActionMethodExecutor.TaskOfIActionResultExecutor.Execute(ActionContext actionContext, IActionResultTypeMapper mapper, ObjectMethodExecutor executor, Object controller, Object[] arguments)
   at Microsoft.AspNetCore.Mvc.Infrastructure.ControllerActionInvoker.<InvokeActionMethodAsync>g__Awaited|12_0(ControllerActionInvoker invoker, ValueTask`1 actionResultValueTask)
   at Microsoft.AspNetCore.Mvc.Infrastructure.ControllerActionInvoker.<InvokeNextActionFilterAsync>g__Awaited|10_0(ControllerActionInvoker invoker, Task lastTask, State next, Scope scope, Object state, Boolean isCompleted)
   at Microsoft.AspNetCore.Mvc.Infrastructure.ControllerActionInvoker.Rethrow(ActionExecutedContextSealed context)
   at Microsoft.AspNetCore.Mvc.Infrastructure.ControllerActionInvoker.Next(State& next, Scope& scope, Object& state, Boolean& isCompleted)
   at Microsoft.AspNetCore.Mvc.Infrastructure.ControllerActionInvoker.<InvokeInnerFilterAsync>g__Awaited|13_0(ControllerActionInvoker invoker, Task lastTask, State next, Scope scope, Object state, Boolean isCompleted)
   at Microsoft.AspNetCore.Mvc.Infrastructure.ResourceInvoker.<InvokeFilterPipelineAsync>g__Awaited|20_0(ResourceInvoker invoker, Task lastTask, State next, Scope scope, Object state, Boolean isCompleted)
   at Microsoft.AspNetCore.Mvc.Infrastructure.ResourceInvoker.<InvokeAsync>g__Logged|17_1(ResourceInvoker invoker)
   at Microsoft.AspNetCore.Mvc.Infrastructure.ResourceInvoker.<InvokeAsync>g__Logged|17_1(ResourceInvoker invoker)
   at Microsoft.AspNetCore.Routing.EndpointMiddleware.<Invoke>g__AwaitRequestTask|7_0(Endpoint endpoint, Task requestTask, ILogger logger)
   at Microsoft.AspNetCore.Authorization.AuthorizationMiddleware.Invoke(HttpContext context)
   at Microsoft.AspNetCore.Authentication.AuthenticationMiddleware.Invoke(HttpContext context)
   at Serilog.AspNetCore.RequestLoggingMiddleware.Invoke(HttpContext httpContext)
   at Swashbuckle.AspNetCore.SwaggerUI.SwaggerUIMiddleware.Invoke(HttpContext httpContext)
   at Swashbuckle.AspNetCore.Swagger.SwaggerMiddleware.Invoke(HttpContext httpContext, ISwaggerProvider swaggerProvider)
   at Microsoft.AspNetCore.Diagnostics.DeveloperExceptionPageMiddlewareImpl.Invoke(HttpContext context)
2026-08-04 12:34:29.913 +05:30 [INF] Request finished HTTP/1.1 POST http://localhost:5000/api/auth/login/hr - 500 null text/plain; charset=utf-8 11.8215ms
2026-08-04 12:34:29.936 +05:30 [INF] Request starting HTTP/1.1 POST http://localhost:5000/api/auth/login/employee - application/json 24
2026-08-04 12:34:29.936 +05:30 [INF] Executing endpoint 'LmsPortal.API.Controllers.AuthController.LoginEmployee (LmsPortal.API)'
2026-08-04 12:34:29.936 +05:30 [INF] Route matched with {action = "LoginEmployee", controller = "Auth"}. Executing controller action with signature System.Threading.Tasks.Task`1[Microsoft.AspNetCore.Mvc.IActionResult] LoginEmployee(EmployeeLoginDto) on controller LmsPortal.API.Controllers.AuthController (LmsPortal.API).
2026-08-04 12:34:29.940 +05:30 [INF] Executed DbCommand (2ms) [Parameters=[@__ToUpper_0='?' (Size = 4000)], CommandType='"Text"', CommandTimeout='30']
SELECT TOP(1) [e].[Id], [e].[CreatedAt], [e].[CreatedBy], [e].[DepartmentCode], [e].[DepartmentId], [e].[DesignationCode], [e].[DesignationId], [e].[EmployeeCode], [e].[EmploymentStatus], [e].[FirstName], [e].[IsDeleted], [e].[IsMasterTester], [e].[JoiningDate], [e].[LastName], [e].[MiddleName], [e].[OfficeCode], [e].[OfficeId], [e].[OfficialEmail], [e].[RowVersion], [e].[UpdatedAt], [e].[UpdatedBy], [e].[UserId], [d0].[Id], [d0].[CreatedAt], [d0].[CreatedBy], [d0].[DepartmentCode], [d0].[DepartmentName], [d0].[Description], [d0].[IsActive], [d0].[IsDeleted], [d0].[RowVersion], [d0].[UpdatedAt], [d0].[UpdatedBy], [d2].[Id], [d2].[CreatedAt], [d2].[CreatedBy], [d2].[DesignationCode], [d2].[GradeLevel], [d2].[IsActive], [d2].[IsDeleted], [d2].[RowVersion], [d2].[Title], [d2].[UpdatedAt], [d2].[UpdatedBy], [o0].[Id], [o0].[City], [o0].[Country], [o0].[CreatedAt], [o0].[CreatedBy], [o0].[IsActive], [o0].[IsDeleted], [o0].[OfficeCode], [o0].[OfficeName], [o0].[RowVersion], [o0].[State], [o0].[UpdatedAt], [o0].[UpdatedBy], [u0].[Id], [u0].[ConcurrencyStamp], [u0].[CreatedAt], [u0].[CreatedBy], [u0].[Email], [u0].[IsActive], [u0].[IsDeleted], [u0].[IsEmailConfirmed], [u0].[NormalizedEmail], [u0].[NormalizedUsername], [u0].[PasswordHash], [u0].[PhoneNumber], [u0].[RoleId], [u0].[RowVersion], [u0].[SecurityStamp], [u0].[UpdatedAt], [u0].[UpdatedBy], [u0].[Username]
FROM [emp].[Employees] AS [e]
INNER JOIN (
    SELECT [d].[Id], [d].[CreatedAt], [d].[CreatedBy], [d].[DepartmentCode], [d].[DepartmentName], [d].[Description], [d].[IsActive], [d].[IsDeleted], [d].[RowVersion], [d].[UpdatedAt], [d].[UpdatedBy]
    FROM [org].[Departments] AS [d]
    WHERE [d].[IsDeleted] = CAST(0 AS bit)
) AS [d0] ON [e].[DepartmentId] = [d0].[Id]
INNER JOIN (
    SELECT [d1].[Id], [d1].[CreatedAt], [d1].[CreatedBy], [d1].[DesignationCode], [d1].[GradeLevel], [d1].[IsActive], [d1].[IsDeleted], [d1].[RowVersion], [d1].[Title], [d1].[UpdatedAt], [d1].[UpdatedBy]
    FROM [org].[Designations] AS [d1]
    WHERE [d1].[IsDeleted] = CAST(0 AS bit)
) AS [d2] ON [e].[DesignationId] = [d2].[Id]
INNER JOIN (
    SELECT [o].[Id], [o].[City], [o].[Country], [o].[CreatedAt], [o].[CreatedBy], [o].[IsActive], [o].[IsDeleted], [o].[OfficeCode], [o].[OfficeName], [o].[RowVersion], [o].[State], [o].[UpdatedAt], [o].[UpdatedBy]
    FROM [org].[Offices] AS [o]
    WHERE [o].[IsDeleted] = CAST(0 AS bit)
) AS [o0] ON [e].[OfficeId] = [o0].[Id]
INNER JOIN (
    SELECT [u].[Id], [u].[ConcurrencyStamp], [u].[CreatedAt], [u].[CreatedBy], [u].[Email], [u].[IsActive], [u].[IsDeleted], [u].[IsEmailConfirmed], [u].[NormalizedEmail], [u].[NormalizedUsername], [u].[PasswordHash], [u].[PhoneNumber], [u].[RoleId], [u].[RowVersion], [u].[SecurityStamp], [u].[UpdatedAt], [u].[UpdatedBy], [u].[Username]
    FROM [sec].[Users] AS [u]
    WHERE [u].[IsDeleted] = CAST(0 AS bit)
) AS [u0] ON [e].[UserId] = [u0].[Id]
WHERE [e].[IsDeleted] = CAST(0 AS bit) AND UPPER([e].[EmployeeCode]) = @__ToUpper_0 AND [e].[IsDeleted] = CAST(0 AS bit)
2026-08-04 12:34:30.245 +05:30 [INF] Executed DbCommand (7ms) [Parameters=[@p0='?' (Size = 4000), @p1='?' (DbType = DateTime2), @p2='?' (Size = 4000), @p3='?' (Size = 4000), @p4='?' (Size = 4000), @p5='?' (Size = 4000), @p6='?' (DbType = Int32)], CommandType='"Text"', CommandTimeout='30']
SET IMPLICIT_TRANSACTIONS OFF;
SET NOCOUNT ON;
INSERT INTO [adm].[ActivityLogs] ([Action], [CreatedAt], [Details], [IpAddress], [Role], [UserAgent], [UserId])
OUTPUT INSERTED.[Id]
VALUES (@p0, @p1, @p2, @p3, @p4, @p5, @p6);
2026-08-04 12:34:30.263 +05:30 [INF] Executing OkObjectResult, writing value of type '<>f__AnonymousType14`4[[System.Boolean, System.Private.CoreLib, Version=10.0.0.0, Culture=neutral, PublicKeyToken=7cec85d7bea7798e],[System.String, System.Private.CoreLib, Version=10.0.0.0, Culture=neutral, PublicKeyToken=7cec85d7bea7798e],[<>f__AnonymousType15`7[[System.Int32, System.Private.CoreLib, Version=10.0.0.0, Culture=neutral, PublicKeyToken=7cec85d7bea7798e],[System.String, System.Private.CoreLib, Version=10.0.0.0, Culture=neutral, PublicKeyToken=7cec85d7bea7798e],[System.String, System.Private.CoreLib, Version=10.0.0.0, Culture=neutral, PublicKeyToken=7cec85d7bea7798e],[System.String, System.Private.CoreLib, Version=10.0.0.0, Culture=neutral, PublicKeyToken=7cec85d7bea7798e],[System.String, System.Private.CoreLib, Version=10.0.0.0, Culture=neutral, PublicKeyToken=7cec85d7bea7798e],[System.String, System.Private.CoreLib, Version=10.0.0.0, Culture=neutral, PublicKeyToken=7cec85d7bea7798e],[System.String, System.Private.CoreLib, Version=10.0.0.0, Culture=neutral, PublicKeyToken=7cec85d7bea7798e]], LmsPortal.API, Version=1.0.0.0, Culture=neutral, PublicKeyToken=null],[System.String, System.Private.CoreLib, Version=10.0.0.0, Culture=neutral, PublicKeyToken=7cec85d7bea7798e]]'.
2026-08-04 12:34:30.273 +05:30 [INF] Executed action LmsPortal.API.Controllers.AuthController.LoginEmployee (LmsPortal.API) in 336.6138ms
2026-08-04 12:34:30.273 +05:30 [INF] Executed endpoint 'LmsPortal.API.Controllers.AuthController.LoginEmployee (LmsPortal.API)'
2026-08-04 12:34:30.273 +05:30 [INF] HTTP POST /api/auth/login/employee responded 200 in 337.0331 ms
2026-08-04 12:34:30.273 +05:30 [INF] Request finished HTTP/1.1 POST http://localhost:5000/api/auth/login/employee - 200 null application/json; charset=utf-8 337.3122ms
2026-08-04 12:34:46.608 +05:30 [INF] Request starting HTTP/1.1 POST http://localhost:5000/api/auth/login/hr - application/json 42
2026-08-04 12:34:46.609 +05:30 [INF] Executing endpoint 'LmsPortal.API.Controllers.AuthController.LoginHR (LmsPortal.API)'
2026-08-04 12:34:46.609 +05:30 [INF] Route matched with {action = "LoginHR", controller = "Auth"}. Executing controller action with signature System.Threading.Tasks.Task`1[Microsoft.AspNetCore.Mvc.IActionResult] LoginHR(LoginDto) on controller LmsPortal.API.Controllers.AuthController (LmsPortal.API).
2026-08-04 12:34:46.617 +05:30 [INF] Executed DbCommand (5ms) [Parameters=[@__ToUpper_0='?' (Size = 4000)], CommandType='"Text"', CommandTimeout='30']
SELECT TOP(1) [u].[Id], [u].[ConcurrencyStamp], [u].[CreatedAt], [u].[CreatedBy], [u].[Email], [u].[IsActive], [u].[IsDeleted], [u].[IsEmailConfirmed], [u].[NormalizedEmail], [u].[NormalizedUsername], [u].[PasswordHash], [u].[PhoneNumber], [u].[RoleId], [u].[RowVersion], [u].[SecurityStamp], [u].[UpdatedAt], [u].[UpdatedBy], [u].[Username], [r0].[Id], [r0].[CreatedAt], [r0].[CreatedBy], [r0].[Description], [r0].[IsDeleted], [r0].[NormalizedRoleName], [r0].[RoleName], [r0].[RowVersion], [r0].[UpdatedAt], [r0].[UpdatedBy]
FROM [sec].[Users] AS [u]
INNER JOIN (
    SELECT [r].[Id], [r].[CreatedAt], [r].[CreatedBy], [r].[Description], [r].[IsDeleted], [r].[NormalizedRoleName], [r].[RoleName], [r].[RowVersion], [r].[UpdatedAt], [r].[UpdatedBy]
    FROM [sec].[Roles] AS [r]
    WHERE [r].[IsDeleted] = CAST(0 AS bit)
) AS [r0] ON [u].[RoleId] = [r0].[Id]
WHERE [u].[IsDeleted] = CAST(0 AS bit) AND [u].[NormalizedUsername] = @__ToUpper_0 AND [u].[IsDeleted] = CAST(0 AS bit)
2026-08-04 12:34:47.047 +05:30 [INF] Executed DbCommand (6ms) [Parameters=[@p1='?' (DbType = Int32), @p0='?' (Size = 4000), @p2='?' (Size = 8) (DbType = Binary)], CommandType='"Text"', CommandTimeout='30']
SET IMPLICIT_TRANSACTIONS OFF;
SET NOCOUNT ON;
UPDATE [sec].[Users] SET [PasswordHash] = @p0
OUTPUT INSERTED.[RowVersion]
WHERE [Id] = @p1 AND [RowVersion] = @p2;
2026-08-04 12:34:47.057 +05:30 [INF] Executed DbCommand (6ms) [Parameters=[@p0='?' (Size = 4000), @p1='?' (DbType = DateTime2), @p2='?' (Size = 4000), @p3='?' (Size = 4000), @p4='?' (Size = 4000), @p5='?' (Size = 4000), @p6='?' (DbType = Int32)], CommandType='"Text"', CommandTimeout='30']
SET IMPLICIT_TRANSACTIONS OFF;
SET NOCOUNT ON;
INSERT INTO [adm].[ActivityLogs] ([Action], [CreatedAt], [Details], [IpAddress], [Role], [UserAgent], [UserId])
OUTPUT INSERTED.[Id]
VALUES (@p0, @p1, @p2, @p3, @p4, @p5, @p6);
2026-08-04 12:34:47.058 +05:30 [INF] Executing OkObjectResult, writing value of type '<>f__AnonymousType12`4[[System.Boolean, System.Private.CoreLib, Version=10.0.0.0, Culture=neutral, PublicKeyToken=7cec85d7bea7798e],[System.String, System.Private.CoreLib, Version=10.0.0.0, Culture=neutral, PublicKeyToken=7cec85d7bea7798e],[<>f__AnonymousType13`5[[System.Int32, System.Private.CoreLib, Version=10.0.0.0, Culture=neutral, PublicKeyToken=7cec85d7bea7798e],[System.String, System.Private.CoreLib, Version=10.0.0.0, Culture=neutral, PublicKeyToken=7cec85d7bea7798e],[System.String, System.Private.CoreLib, Version=10.0.0.0, Culture=neutral, PublicKeyToken=7cec85d7bea7798e],[System.String, System.Private.CoreLib, Version=10.0.0.0, Culture=neutral, PublicKeyToken=7cec85d7bea7798e],[System.String, System.Private.CoreLib, Version=10.0.0.0, Culture=neutral, PublicKeyToken=7cec85d7bea7798e]], LmsPortal.API, Version=1.0.0.0, Culture=neutral, PublicKeyToken=null],[System.String, System.Private.CoreLib, Version=10.0.0.0, Culture=neutral, PublicKeyToken=7cec85d7bea7798e]]'.
2026-08-04 12:34:47.061 +05:30 [INF] Executed action LmsPortal.API.Controllers.AuthController.LoginHR (LmsPortal.API) in 451.9318ms
2026-08-04 12:34:47.061 +05:30 [INF] Executed endpoint 'LmsPortal.API.Controllers.AuthController.LoginHR (LmsPortal.API)'
2026-08-04 12:34:47.061 +05:30 [INF] HTTP POST /api/auth/login/hr responded 200 in 452.2571 ms
2026-08-04 12:34:47.061 +05:30 [INF] Request finished HTTP/1.1 POST http://localhost:5000/api/auth/login/hr - 200 null application/json; charset=utf-8 452.5143ms
2026-08-04 12:34:47.099 +05:30 [INF] Request starting HTTP/1.1 POST http://localhost:5000/api/auth/login/employee - application/json 24
2026-08-04 12:34:47.099 +05:30 [INF] Executing endpoint 'LmsPortal.API.Controllers.AuthController.LoginEmployee (LmsPortal.API)'
2026-08-04 12:34:47.099 +05:30 [INF] Route matched with {action = "LoginEmployee", controller = "Auth"}. Executing controller action with signature System.Threading.Tasks.Task`1[Microsoft.AspNetCore.Mvc.IActionResult] LoginEmployee(EmployeeLoginDto) on controller LmsPortal.API.Controllers.AuthController (LmsPortal.API).
2026-08-04 12:34:47.102 +05:30 [INF] Executed DbCommand (1ms) [Parameters=[@__ToUpper_0='?' (Size = 4000)], CommandType='"Text"', CommandTimeout='30']
SELECT TOP(1) [e].[Id], [e].[CreatedAt], [e].[CreatedBy], [e].[DepartmentCode], [e].[DepartmentId], [e].[DesignationCode], [e].[DesignationId], [e].[EmployeeCode], [e].[EmploymentStatus], [e].[FirstName], [e].[IsDeleted], [e].[IsMasterTester], [e].[JoiningDate], [e].[LastName], [e].[MiddleName], [e].[OfficeCode], [e].[OfficeId], [e].[OfficialEmail], [e].[RowVersion], [e].[UpdatedAt], [e].[UpdatedBy], [e].[UserId], [d0].[Id], [d0].[CreatedAt], [d0].[CreatedBy], [d0].[DepartmentCode], [d0].[DepartmentName], [d0].[Description], [d0].[IsActive], [d0].[IsDeleted], [d0].[RowVersion], [d0].[UpdatedAt], [d0].[UpdatedBy], [d2].[Id], [d2].[CreatedAt], [d2].[CreatedBy], [d2].[DesignationCode], [d2].[GradeLevel], [d2].[IsActive], [d2].[IsDeleted], [d2].[RowVersion], [d2].[Title], [d2].[UpdatedAt], [d2].[UpdatedBy], [o0].[Id], [o0].[City], [o0].[Country], [o0].[CreatedAt], [o0].[CreatedBy], [o0].[IsActive], [o0].[IsDeleted], [o0].[OfficeCode], [o0].[OfficeName], [o0].[RowVersion], [o0].[State], [o0].[UpdatedAt], [o0].[UpdatedBy], [u0].[Id], [u0].[ConcurrencyStamp], [u0].[CreatedAt], [u0].[CreatedBy], [u0].[Email], [u0].[IsActive], [u0].[IsDeleted], [u0].[IsEmailConfirmed], [u0].[NormalizedEmail], [u0].[NormalizedUsername], [u0].[PasswordHash], [u0].[PhoneNumber], [u0].[RoleId], [u0].[RowVersion], [u0].[SecurityStamp], [u0].[UpdatedAt], [u0].[UpdatedBy], [u0].[Username]
FROM [emp].[Employees] AS [e]
INNER JOIN (
    SELECT [d].[Id], [d].[CreatedAt], [d].[CreatedBy], [d].[DepartmentCode], [d].[DepartmentName], [d].[Description], [d].[IsActive], [d].[IsDeleted], [d].[RowVersion], [d].[UpdatedAt], [d].[UpdatedBy]
    FROM [org].[Departments] AS [d]
    WHERE [d].[IsDeleted] = CAST(0 AS bit)
) AS [d0] ON [e].[DepartmentId] = [d0].[Id]
INNER JOIN (
    SELECT [d1].[Id], [d1].[CreatedAt], [d1].[CreatedBy], [d1].[DesignationCode], [d1].[GradeLevel], [d1].[IsActive], [d1].[IsDeleted], [d1].[RowVersion], [d1].[Title], [d1].[UpdatedAt], [d1].[UpdatedBy]
    FROM [org].[Designations] AS [d1]
    WHERE [d1].[IsDeleted] = CAST(0 AS bit)
) AS [d2] ON [e].[DesignationId] = [d2].[Id]
INNER JOIN (
    SELECT [o].[Id], [o].[City], [o].[Country], [o].[CreatedAt], [o].[CreatedBy], [o].[IsActive], [o].[IsDeleted], [o].[OfficeCode], [o].[OfficeName], [o].[RowVersion], [o].[State], [o].[UpdatedAt], [o].[UpdatedBy]
    FROM [org].[Offices] AS [o]
    WHERE [o].[IsDeleted] = CAST(0 AS bit)
) AS [o0] ON [e].[OfficeId] = [o0].[Id]
INNER JOIN (
    SELECT [u].[Id], [u].[ConcurrencyStamp], [u].[CreatedAt], [u].[CreatedBy], [u].[Email], [u].[IsActive], [u].[IsDeleted], [u].[IsEmailConfirmed], [u].[NormalizedEmail], [u].[NormalizedUsername], [u].[PasswordHash], [u].[PhoneNumber], [u].[RoleId], [u].[RowVersion], [u].[SecurityStamp], [u].[UpdatedAt], [u].[UpdatedBy], [u].[Username]
    FROM [sec].[Users] AS [u]
    WHERE [u].[IsDeleted] = CAST(0 AS bit)
) AS [u0] ON [e].[UserId] = [u0].[Id]
WHERE [e].[IsDeleted] = CAST(0 AS bit) AND UPPER([e].[EmployeeCode]) = @__ToUpper_0 AND [e].[IsDeleted] = CAST(0 AS bit)
2026-08-04 12:34:47.105 +05:30 [INF] Executed DbCommand (2ms) [Parameters=[@p0='?' (Size = 4000), @p1='?' (DbType = DateTime2), @p2='?' (Size = 4000), @p3='?' (Size = 4000), @p4='?' (Size = 4000), @p5='?' (Size = 4000), @p6='?' (DbType = Int32)], CommandType='"Text"', CommandTimeout='30']
SET IMPLICIT_TRANSACTIONS OFF;
SET NOCOUNT ON;
INSERT INTO [adm].[ActivityLogs] ([Action], [CreatedAt], [Details], [IpAddress], [Role], [UserAgent], [UserId])
OUTPUT INSERTED.[Id]
VALUES (@p0, @p1, @p2, @p3, @p4, @p5, @p6);
2026-08-04 12:34:47.106 +05:30 [INF] Executing OkObjectResult, writing value of type '<>f__AnonymousType14`4[[System.Boolean, System.Private.CoreLib, Version=10.0.0.0, Culture=neutral, PublicKeyToken=7cec85d7bea7798e],[System.String, System.Private.CoreLib, Version=10.0.0.0, Culture=neutral, PublicKeyToken=7cec85d7bea7798e],[<>f__AnonymousType15`7[[System.Int32, System.Private.CoreLib, Version=10.0.0.0, Culture=neutral, PublicKeyToken=7cec85d7bea7798e],[System.String, System.Private.CoreLib, Version=10.0.0.0, Culture=neutral, PublicKeyToken=7cec85d7bea7798e],[System.String, System.Private.CoreLib, Version=10.0.0.0, Culture=neutral, PublicKeyToken=7cec85d7bea7798e],[System.String, System.Private.CoreLib, Version=10.0.0.0, Culture=neutral, PublicKeyToken=7cec85d7bea7798e],[System.String, System.Private.CoreLib, Version=10.0.0.0, Culture=neutral, PublicKeyToken=7cec85d7bea7798e],[System.String, System.Private.CoreLib, Version=10.0.0.0, Culture=neutral, PublicKeyToken=7cec85d7bea7798e],[System.String, System.Private.CoreLib, Version=10.0.0.0, Culture=neutral, PublicKeyToken=7cec85d7bea7798e]], LmsPortal.API, Version=1.0.0.0, Culture=neutral, PublicKeyToken=null],[System.String, System.Private.CoreLib, Version=10.0.0.0, Culture=neutral, PublicKeyToken=7cec85d7bea7798e]]'.
2026-08-04 12:34:47.106 +05:30 [INF] Executed action LmsPortal.API.Controllers.AuthController.LoginEmployee (LmsPortal.API) in 6.6812ms
2026-08-04 12:34:47.106 +05:30 [INF] Executed endpoint 'LmsPortal.API.Controllers.AuthController.LoginEmployee (LmsPortal.API)'
2026-08-04 12:34:47.106 +05:30 [INF] HTTP POST /api/auth/login/employee responded 200 in 6.8895 ms
2026-08-04 12:34:47.106 +05:30 [INF] Request finished HTTP/1.1 POST http://localhost:5000/api/auth/login/employee - 200 null application/json; charset=utf-8 7.0907ms
2026-08-04 12:35:03.372 +05:30 [INF] Request starting HTTP/1.1 POST http://localhost:5000/api/auth/login/employee - application/json 24
2026-08-04 12:35:03.372 +05:30 [INF] Executing endpoint 'LmsPortal.API.Controllers.AuthController.LoginEmployee (LmsPortal.API)'
2026-08-04 12:35:03.372 +05:30 [INF] Route matched with {action = "LoginEmployee", controller = "Auth"}. Executing controller action with signature System.Threading.Tasks.Task`1[Microsoft.AspNetCore.Mvc.IActionResult] LoginEmployee(EmployeeLoginDto) on controller LmsPortal.API.Controllers.AuthController (LmsPortal.API).
2026-08-04 12:35:03.376 +05:30 [INF] Executed DbCommand (2ms) [Parameters=[@__ToUpper_0='?' (Size = 4000)], CommandType='"Text"', CommandTimeout='30']
SELECT TOP(1) [e].[Id], [e].[CreatedAt], [e].[CreatedBy], [e].[DepartmentCode], [e].[DepartmentId], [e].[DesignationCode], [e].[DesignationId], [e].[EmployeeCode], [e].[EmploymentStatus], [e].[FirstName], [e].[IsDeleted], [e].[IsMasterTester], [e].[JoiningDate], [e].[LastName], [e].[MiddleName], [e].[OfficeCode], [e].[OfficeId], [e].[OfficialEmail], [e].[RowVersion], [e].[UpdatedAt], [e].[UpdatedBy], [e].[UserId], [d0].[Id], [d0].[CreatedAt], [d0].[CreatedBy], [d0].[DepartmentCode], [d0].[DepartmentName], [d0].[Description], [d0].[IsActive], [d0].[IsDeleted], [d0].[RowVersion], [d0].[UpdatedAt], [d0].[UpdatedBy], [d2].[Id], [d2].[CreatedAt], [d2].[CreatedBy], [d2].[DesignationCode], [d2].[GradeLevel], [d2].[IsActive], [d2].[IsDeleted], [d2].[RowVersion], [d2].[Title], [d2].[UpdatedAt], [d2].[UpdatedBy], [o0].[Id], [o0].[City], [o0].[Country], [o0].[CreatedAt], [o0].[CreatedBy], [o0].[IsActive], [o0].[IsDeleted], [o0].[OfficeCode], [o0].[OfficeName], [o0].[RowVersion], [o0].[State], [o0].[UpdatedAt], [o0].[UpdatedBy], [u0].[Id], [u0].[ConcurrencyStamp], [u0].[CreatedAt], [u0].[CreatedBy], [u0].[Email], [u0].[IsActive], [u0].[IsDeleted], [u0].[IsEmailConfirmed], [u0].[NormalizedEmail], [u0].[NormalizedUsername], [u0].[PasswordHash], [u0].[PhoneNumber], [u0].[RoleId], [u0].[RowVersion], [u0].[SecurityStamp], [u0].[UpdatedAt], [u0].[UpdatedBy], [u0].[Username]
FROM [emp].[Employees] AS [e]
INNER JOIN (
    SELECT [d].[Id], [d].[CreatedAt], [d].[CreatedBy], [d].[DepartmentCode], [d].[DepartmentName], [d].[Description], [d].[IsActive], [d].[IsDeleted], [d].[RowVersion], [d].[UpdatedAt], [d].[UpdatedBy]
    FROM [org].[Departments] AS [d]
    WHERE [d].[IsDeleted] = CAST(0 AS bit)
) AS [d0] ON [e].[DepartmentId] = [d0].[Id]
INNER JOIN (
    SELECT [d1].[Id], [d1].[CreatedAt], [d1].[CreatedBy], [d1].[DesignationCode], [d1].[GradeLevel], [d1].[IsActive], [d1].[IsDeleted], [d1].[RowVersion], [d1].[Title], [d1].[UpdatedAt], [d1].[UpdatedBy]
    FROM [org].[Designations] AS [d1]
    WHERE [d1].[IsDeleted] = CAST(0 AS bit)
) AS [d2] ON [e].[DesignationId] = [d2].[Id]
INNER JOIN (
    SELECT [o].[Id], [o].[City], [o].[Country], [o].[CreatedAt], [o].[CreatedBy], [o].[IsActive], [o].[IsDeleted], [o].[OfficeCode], [o].[OfficeName], [o].[RowVersion], [o].[State], [o].[UpdatedAt], [o].[UpdatedBy]
    FROM [org].[Offices] AS [o]
    WHERE [o].[IsDeleted] = CAST(0 AS bit)
) AS [o0] ON [e].[OfficeId] = [o0].[Id]
INNER JOIN (
    SELECT [u].[Id], [u].[ConcurrencyStamp], [u].[CreatedAt], [u].[CreatedBy], [u].[Email], [u].[IsActive], [u].[IsDeleted], [u].[IsEmailConfirmed], [u].[NormalizedEmail], [u].[NormalizedUsername], [u].[PasswordHash], [u].[PhoneNumber], [u].[RoleId], [u].[RowVersion], [u].[SecurityStamp], [u].[UpdatedAt], [u].[UpdatedBy], [u].[Username]
    FROM [sec].[Users] AS [u]
    WHERE [u].[IsDeleted] = CAST(0 AS bit)
) AS [u0] ON [e].[UserId] = [u0].[Id]
WHERE [e].[IsDeleted] = CAST(0 AS bit) AND UPPER([e].[EmployeeCode]) = @__ToUpper_0 AND [e].[IsDeleted] = CAST(0 AS bit)
2026-08-04 12:35:03.380 +05:30 [INF] Executed DbCommand (2ms) [Parameters=[@p0='?' (Size = 4000), @p1='?' (DbType = DateTime2), @p2='?' (Size = 4000), @p3='?' (Size = 4000), @p4='?' (Size = 4000), @p5='?' (Size = 4000), @p6='?' (DbType = Int32)], CommandType='"Text"', CommandTimeout='30']
SET IMPLICIT_TRANSACTIONS OFF;
SET NOCOUNT ON;
INSERT INTO [adm].[ActivityLogs] ([Action], [CreatedAt], [Details], [IpAddress], [Role], [UserAgent], [UserId])
OUTPUT INSERTED.[Id]
VALUES (@p0, @p1, @p2, @p3, @p4, @p5, @p6);
2026-08-04 12:35:03.380 +05:30 [INF] Executing OkObjectResult, writing value of type '<>f__AnonymousType14`4[[System.Boolean, System.Private.CoreLib, Version=10.0.0.0, Culture=neutral, PublicKeyToken=7cec85d7bea7798e],[System.String, System.Private.CoreLib, Version=10.0.0.0, Culture=neutral, PublicKeyToken=7cec85d7bea7798e],[<>f__AnonymousType15`7[[System.Int32, System.Private.CoreLib, Version=10.0.0.0, Culture=neutral, PublicKeyToken=7cec85d7bea7798e],[System.String, System.Private.CoreLib, Version=10.0.0.0, Culture=neutral, PublicKeyToken=7cec85d7bea7798e],[System.String, System.Private.CoreLib, Version=10.0.0.0, Culture=neutral, PublicKeyToken=7cec85d7bea7798e],[System.String, System.Private.CoreLib, Version=10.0.0.0, Culture=neutral, PublicKeyToken=7cec85d7bea7798e],[System.String, System.Private.CoreLib, Version=10.0.0.0, Culture=neutral, PublicKeyToken=7cec85d7bea7798e],[System.String, System.Private.CoreLib, Version=10.0.0.0, Culture=neutral, PublicKeyToken=7cec85d7bea7798e],[System.String, System.Private.CoreLib, Version=10.0.0.0, Culture=neutral, PublicKeyToken=7cec85d7bea7798e]], LmsPortal.API, Version=1.0.0.0, Culture=neutral, PublicKeyToken=null],[System.String, System.Private.CoreLib, Version=10.0.0.0, Culture=neutral, PublicKeyToken=7cec85d7bea7798e]]'.
2026-08-04 12:35:03.380 +05:30 [INF] Executed action LmsPortal.API.Controllers.AuthController.LoginEmployee (LmsPortal.API) in 7.7903ms
2026-08-04 12:35:03.380 +05:30 [INF] Executed endpoint 'LmsPortal.API.Controllers.AuthController.LoginEmployee (LmsPortal.API)'
2026-08-04 12:35:03.380 +05:30 [INF] HTTP POST /api/auth/login/employee responded 200 in 8.1374 ms
2026-08-04 12:35:03.380 +05:30 [INF] Request finished HTTP/1.1 POST http://localhost:5000/api/auth/login/employee - 200 null application/json; charset=utf-8 8.3737ms
2026-08-04 12:35:05.833 +05:30 [INF] Request starting HTTP/1.1 GET http://localhost:5000/api/learning/state - application/json null
2026-08-04 12:35:05.837 +05:30 [INF] Executing endpoint 'LmsPortal.API.Controllers.LearningController.GetLearningState (LmsPortal.API)'
2026-08-04 12:35:05.847 +05:30 [INF] Route matched with {action = "GetLearningState", controller = "Learning"}. Executing controller action with signature System.Threading.Tasks.Task`1[Microsoft.AspNetCore.Mvc.IActionResult] GetLearningState() on controller LmsPortal.API.Controllers.LearningController (LmsPortal.API).
2026-08-04 12:35:06.025 +05:30 [INF] Executed DbCommand (39ms) [Parameters=[@__userId_0='?' (DbType = Int32)], CommandType='"Text"', CommandTimeout='30']
SELECT TOP(1) [e].[Id], [e].[CreatedAt], [e].[CreatedBy], [e].[DepartmentCode], [e].[DepartmentId], [e].[DesignationCode], [e].[DesignationId], [e].[EmployeeCode], [e].[EmploymentStatus], [e].[FirstName], [e].[IsDeleted], [e].[IsMasterTester], [e].[JoiningDate], [e].[LastName], [e].[MiddleName], [e].[OfficeCode], [e].[OfficeId], [e].[OfficialEmail], [e].[RowVersion], [e].[UpdatedAt], [e].[UpdatedBy], [e].[UserId], [d0].[Id], [d0].[CreatedAt], [d0].[CreatedBy], [d0].[DepartmentCode], [d0].[DepartmentName], [d0].[Description], [d0].[IsActive], [d0].[IsDeleted], [d0].[RowVersion], [d0].[UpdatedAt], [d0].[UpdatedBy], [d2].[Id], [d2].[CreatedAt], [d2].[CreatedBy], [d2].[DesignationCode], [d2].[GradeLevel], [d2].[IsActive], [d2].[IsDeleted], [d2].[RowVersion], [d2].[Title], [d2].[UpdatedAt], [d2].[UpdatedBy], [o0].[Id], [o0].[City], [o0].[Country], [o0].[CreatedAt], [o0].[CreatedBy], [o0].[IsActive], [o0].[IsDeleted], [o0].[OfficeCode], [o0].[OfficeName], [o0].[RowVersion], [o0].[State], [o0].[UpdatedAt], [o0].[UpdatedBy]
FROM [emp].[Employees] AS [e]
INNER JOIN (
    SELECT [d].[Id], [d].[CreatedAt], [d].[CreatedBy], [d].[DepartmentCode], [d].[DepartmentName], [d].[Description], [d].[IsActive], [d].[IsDeleted], [d].[RowVersion], [d].[UpdatedAt], [d].[UpdatedBy]
    FROM [org].[Departments] AS [d]
    WHERE [d].[IsDeleted] = CAST(0 AS bit)
) AS [d0] ON [e].[DepartmentId] = [d0].[Id]
INNER JOIN (
    SELECT [d1].[Id], [d1].[CreatedAt], [d1].[CreatedBy], [d1].[DesignationCode], [d1].[GradeLevel], [d1].[IsActive], [d1].[IsDeleted], [d1].[RowVersion], [d1].[Title], [d1].[UpdatedAt], [d1].[UpdatedBy]
    FROM [org].[Designations] AS [d1]
    WHERE [d1].[IsDeleted] = CAST(0 AS bit)
) AS [d2] ON [e].[DesignationId] = [d2].[Id]
INNER JOIN (
    SELECT [o].[Id], [o].[City], [o].[Country], [o].[CreatedAt], [o].[CreatedBy], [o].[IsActive], [o].[IsDeleted], [o].[OfficeCode], [o].[OfficeName], [o].[RowVersion], [o].[State], [o].[UpdatedAt], [o].[UpdatedBy]
    FROM [org].[Offices] AS [o]
    WHERE [o].[IsDeleted] = CAST(0 AS bit)
) AS [o0] ON [e].[OfficeId] = [o0].[Id]
WHERE [e].[IsDeleted] = CAST(0 AS bit) AND [e].[UserId] = @__userId_0 AND [e].[IsDeleted] = CAST(0 AS bit)
2026-08-04 12:35:06.132 +05:30 [WRN] Compiling a query which loads related collections for more than one collection navigation, either via 'Include' or through projection, but no 'QuerySplittingBehavior' has been configured. By default, Entity Framework will use 'QuerySplittingBehavior.SingleQuery', which can potentially result in slow query performance. See https://go.microsoft.com/fwlink/?linkid=2134277 for more information. To identify the query that's triggering this warning call 'ConfigureWarnings(w => w.Throw(RelationalEventId.MultipleCollectionIncludeWarning))'.
2026-08-04 12:35:06.282 +05:30 [ERR] Failed executing DbCommand (6ms) [Parameters=[], CommandType='"Text"', CommandTimeout='30']
SELECT [c0].[Id], [c0].[CourseCode], [c0].[CreatedAt], [c0].[CreatedBy], [c0].[Description], [c0].[IsDeleted], [c0].[IsPublished], [c0].[PassingScorePercentage], [c0].[RowVersion], [c0].[Title], [c0].[UpdatedAt], [c0].[UpdatedBy], [s0].[Id], [s0].[CourseId], [s0].[CreatedAt], [s0].[CreatedBy], [s0].[Description], [s0].[IsDeleted], [s0].[ModuleCode], [s0].[ModuleType], [s0].[RowVersion], [s0].[SortOrder], [s0].[TargetDepartmentId], [s0].[Title], [s0].[UpdatedAt], [s0].[UpdatedBy], [s0].[Id0], [s0].[CreatedAt0], [s0].[CreatedBy0], [s0].[DepartmentCode], [s0].[DepartmentName], [s0].[Description0], [s0].[IsActive], [s0].[IsDeleted0], [s0].[RowVersion0], [s0].[UpdatedAt0], [s0].[UpdatedBy0], [s0].[Id1], [s0].[ContentType], [s0].[CreatedAt1], [s0].[CreatedBy1], [s0].[Description1], [s0].[IsDeleted1], [s0].[LessonCode], [s0].[MinDurationSeconds], [s0].[ModuleId], [s0].[RowVersion1], [s0].[SortOrder0], [s0].[Title0], [s0].[UpdatedAt1], [s0].[UpdatedBy1], [s0].[Id00], [s0].[CreatedAt00], [s0].[CreatedBy00], [s0].[DisplayOrder], [s0].[DurationSeconds], [s0].[FileName], [s0].[FileSizeByte], [s0].[FileType], [s0].[IsDeleted00], [s0].[IsPrimary], [s0].[LessonId], [s0].[MimeType], [s0].[RowVersion00], [s0].[SharePointUrl], [s0].[UpdatedAt00], [s0].[UpdatedBy00], [s2].[Id], [s2].[AssessmentCode], [s2].[CourseId], [s2].[CreatedAt], [s2].[CreatedBy], [s2].[Description], [s2].[IsDeleted], [s2].[IsPublished], [s2].[PassingScorePercentage], [s2].[RowVersion], [s2].[TimeLimitMinutes], [s2].[Title], [s2].[UpdatedAt], [s2].[UpdatedBy], [s2].[Id0], [s2].[AssessmentId], [s2].[CreatedAt0], [s2].[CreatedBy0], [s2].[Explanation], [s2].[IsDeleted0], [s2].[ModuleId], [s2].[Points], [s2].[QuestionText], [s2].[RowVersion0], [s2].[SortOrder], [s2].[UpdatedAt0], [s2].[UpdatedBy0], [s2].[Id00], [s2].[CreatedAt00], [s2].[CreatedBy00], [s2].[IsCorrect], [s2].[IsDeleted00], [s2].[OptionText], [s2].[QuestionId], [s2].[RowVersion00], [s2].[SortOrder0], [s2].[UpdatedAt00], [s2].[UpdatedBy00]
FROM (
    SELECT TOP(1) [c].[Id], [c].[CourseCode], [c].[CreatedAt], [c].[CreatedBy], [c].[Description], [c].[IsDeleted], [c].[IsPublished], [c].[PassingScorePercentage], [c].[RowVersion], [c].[Title], [c].[UpdatedAt], [c].[UpdatedBy]
    FROM [lms].[Courses] AS [c]
    WHERE [c].[IsDeleted] = CAST(0 AS bit)
) AS [c0]
LEFT JOIN (
    SELECT [m].[Id], [m].[CourseId], [m].[CreatedAt], [m].[CreatedBy], [m].[Description], [m].[IsDeleted], [m].[ModuleCode], [m].[ModuleType], [m].[RowVersion], [m].[SortOrder], [m].[TargetDepartmentId], [m].[Title], [m].[UpdatedAt], [m].[UpdatedBy], [d0].[Id] AS [Id0], [d0].[CreatedAt] AS [CreatedAt0], [d0].[CreatedBy] AS [CreatedBy0], [d0].[DepartmentCode], [d0].[DepartmentName], [d0].[Description] AS [Description0], [d0].[IsActive], [d0].[IsDeleted] AS [IsDeleted0], [d0].[RowVersion] AS [RowVersion0], [d0].[UpdatedAt] AS [UpdatedAt0], [d0].[UpdatedBy] AS [UpdatedBy0], [s].[Id] AS [Id1], [s].[ContentType], [s].[CreatedAt] AS [CreatedAt1], [s].[CreatedBy] AS [CreatedBy1], [s].[Description] AS [Description1], [s].[IsDeleted] AS [IsDeleted1], [s].[LessonCode], [s].[MinDurationSeconds], [s].[ModuleId], [s].[RowVersion] AS [RowVersion1], [s].[SortOrder] AS [SortOrder0], [s].[Title] AS [Title0], [s].[UpdatedAt] AS [UpdatedAt1], [s].[UpdatedBy] AS [UpdatedBy1], [s].[Id0] AS [Id00], [s].[CreatedAt0] AS [CreatedAt00], [s].[CreatedBy0] AS [CreatedBy00], [s].[DisplayOrder], [s].[DurationSeconds], [s].[FileName], [s].[FileSizeByte], [s].[FileType], [s].[IsDeleted0] AS [IsDeleted00], [s].[IsPrimary], [s].[LessonId], [s].[MimeType], [s].[RowVersion0] AS [RowVersion00], [s].[SharePointUrl], [s].[UpdatedAt0] AS [UpdatedAt00], [s].[UpdatedBy0] AS [UpdatedBy00]
    FROM [lms].[Modules] AS [m]
    LEFT JOIN (
        SELECT [d].[Id], [d].[CreatedAt], [d].[CreatedBy], [d].[DepartmentCode], [d].[DepartmentName], [d].[Description], [d].[IsActive], [d].[IsDeleted], [d].[RowVersion], [d].[UpdatedAt], [d].[UpdatedBy]
        FROM [org].[Departments] AS [d]
        WHERE [d].[IsDeleted] = CAST(0 AS bit)
    ) AS [d0] ON [m].[TargetDepartmentId] = [d0].[Id]
    LEFT JOIN (
        SELECT [l].[Id], [l].[ContentType], [l].[CreatedAt], [l].[CreatedBy], [l].[Description], [l].[IsDeleted], [l].[LessonCode], [l].[MinDurationSeconds], [l].[ModuleId], [l].[RowVersion], [l].[SortOrder], [l].[Title], [l].[UpdatedAt], [l].[UpdatedBy], [l1].[Id] AS [Id0], [l1].[CreatedAt] AS [CreatedAt0], [l1].[CreatedBy] AS [CreatedBy0], [l1].[DisplayOrder], [l1].[DurationSeconds], [l1].[FileName], [l1].[FileSizeByte], [l1].[FileType], [l1].[IsDeleted] AS [IsDeleted0], [l1].[IsPrimary], [l1].[LessonId], [l1].[MimeType], [l1].[RowVersion] AS [RowVersion0], [l1].[SharePointUrl], [l1].[UpdatedAt] AS [UpdatedAt0], [l1].[UpdatedBy] AS [UpdatedBy0]
        FROM [lms].[Lessons] AS [l]
        LEFT JOIN (
            SELECT [l0].[Id], [l0].[CreatedAt], [l0].[CreatedBy], [l0].[DisplayOrder], [l0].[DurationSeconds], [l0].[FileName], [l0].[FileSizeByte], [l0].[FileType], [l0].[IsDeleted], [l0].[IsPrimary], [l0].[LessonId], [l0].[MimeType], [l0].[RowVersion], [l0].[SharePointUrl], [l0].[UpdatedAt], [l0].[UpdatedBy]
            FROM [lms].[LessonFiles] AS [l0]
            WHERE [l0].[IsDeleted] = CAST(0 AS bit)
        ) AS [l1] ON [l].[Id] = [l1].[LessonId]
        WHERE [l].[IsDeleted] = CAST(0 AS bit)
    ) AS [s] ON [m].[Id] = [s].[ModuleId]
    WHERE [m].[IsDeleted] = CAST(0 AS bit)
) AS [s0] ON [c0].[Id] = [s0].[CourseId]
LEFT JOIN (
    SELECT [a].[Id], [a].[AssessmentCode], [a].[CourseId], [a].[CreatedAt], [a].[CreatedBy], [a].[Description], [a].[IsDeleted], [a].[IsPublished], [a].[PassingScorePercentage], [a].[RowVersion], [a].[TimeLimitMinutes], [a].[Title], [a].[UpdatedAt], [a].[UpdatedBy], [s1].[Id] AS [Id0], [s1].[AssessmentId], [s1].[CreatedAt] AS [CreatedAt0], [s1].[CreatedBy] AS [CreatedBy0], [s1].[Explanation], [s1].[IsDeleted] AS [IsDeleted0], [s1].[ModuleId], [s1].[Points], [s1].[QuestionText], [s1].[RowVersion] AS [RowVersion0], [s1].[SortOrder], [s1].[UpdatedAt] AS [UpdatedAt0], [s1].[UpdatedBy] AS [UpdatedBy0], [s1].[Id0] AS [Id00], [s1].[CreatedAt0] AS [CreatedAt00], [s1].[CreatedBy0] AS [CreatedBy00], [s1].[IsCorrect], [s1].[IsDeleted0] AS [IsDeleted00], [s1].[OptionText], [s1].[QuestionId], [s1].[RowVersion0] AS [RowVersion00], [s1].[SortOrder0], [s1].[UpdatedAt0] AS [UpdatedAt00], [s1].[UpdatedBy0] AS [UpdatedBy00]
    FROM [eval].[Assessments] AS [a]
    LEFT JOIN (
        SELECT [a0].[Id], [a0].[AssessmentId], [a0].[CreatedAt], [a0].[CreatedBy], [a0].[Explanation], [a0].[IsDeleted], [a0].[ModuleId], [a0].[Points], [a0].[QuestionText], [a0].[RowVersion], [a0].[SortOrder], [a0].[UpdatedAt], [a0].[UpdatedBy], [q0].[Id] AS [Id0], [q0].[CreatedAt] AS [CreatedAt0], [q0].[CreatedBy] AS [CreatedBy0], [q0].[IsCorrect], [q0].[IsDeleted] AS [IsDeleted0], [q0].[OptionText], [q0].[QuestionId], [q0].[RowVersion] AS [RowVersion0], [q0].[SortOrder] AS [SortOrder0], [q0].[UpdatedAt] AS [UpdatedAt0], [q0].[UpdatedBy] AS [UpdatedBy0]
        FROM [eval].[AssessmentQuestions] AS [a0]
        LEFT JOIN (
            SELECT [q].[Id], [q].[CreatedAt], [q].[CreatedBy], [q].[IsCorrect], [q].[IsDeleted], [q].[OptionText], [q].[QuestionId], [q].[RowVersion], [q].[SortOrder], [q].[UpdatedAt], [q].[UpdatedBy]
            FROM [eval].[QuestionOptions] AS [q]
            WHERE [q].[IsDeleted] = CAST(0 AS bit)
        ) AS [q0] ON [a0].[Id] = [q0].[QuestionId]
        WHERE [a0].[IsDeleted] = CAST(0 AS bit)
    ) AS [s1] ON [a].[Id] = [s1].[AssessmentId]
    WHERE [a].[IsDeleted] = CAST(0 AS bit)
) AS [s2] ON [c0].[Id] = [s2].[CourseId]
ORDER BY [c0].[Id], [s0].[SortOrder], [s0].[Id], [s0].[Id0], [s0].[SortOrder0], [s0].[Id1], [s0].[Id00], [s2].[Id], [s2].[Id0]
2026-08-04 12:35:06.283 +05:30 [ERR] An exception occurred while iterating over the results of a query for context type 'LmsPortal.API.Data.LmsDbContext'.
Microsoft.Data.SqlClient.SqlException (0x80131904): Invalid column name 'Description'.
Invalid column name 'IsPublished'.
   at Microsoft.Data.SqlClient.SqlCommand.<>c.<ExecuteDbDataReaderAsync>b__211_0(Task`1 result)
   at System.Threading.Tasks.ContinuationResultTaskFromResultTask`2.InnerInvoke()
   at System.Threading.ExecutionContext.RunInternal(ExecutionContext executionContext, ContextCallback callback, Object state)
--- End of stack trace from previous location ---
   at System.Threading.ExecutionContext.RunInternal(ExecutionContext executionContext, ContextCallback callback, Object state)
   at System.Threading.Tasks.Task.ExecuteWithThreadLocal(Task& currentTaskSlot, Thread threadPoolThread)
--- End of stack trace from previous location ---
   at Microsoft.EntityFrameworkCore.Storage.RelationalCommand.ExecuteReaderAsync(RelationalCommandParameterObject parameterObject, CancellationToken cancellationToken)
   at Microsoft.EntityFrameworkCore.Storage.RelationalCommand.ExecuteReaderAsync(RelationalCommandParameterObject parameterObject, CancellationToken cancellationToken)
   at Microsoft.EntityFrameworkCore.Query.Internal.SingleQueryingEnumerable`1.AsyncEnumerator.InitializeReaderAsync(AsyncEnumerator enumerator, CancellationToken cancellationToken)
   at Microsoft.EntityFrameworkCore.Storage.ExecutionStrategy.<>c__DisplayClass30_0`2.<<ExecuteAsync>b__0>d.MoveNext()
--- End of stack trace from previous location ---
   at Microsoft.EntityFrameworkCore.Storage.ExecutionStrategy.ExecuteImplementationAsync[TState,TResult](Func`4 operation, Func`4 verifySucceeded, TState state, CancellationToken cancellationToken)
   at Microsoft.EntityFrameworkCore.Storage.ExecutionStrategy.ExecuteImplementationAsync[TState,TResult](Func`4 operation, Func`4 verifySucceeded, TState state, CancellationToken cancellationToken)
   at Microsoft.EntityFrameworkCore.Storage.ExecutionStrategy.ExecuteAsync[TState,TResult](TState state, Func`4 operation, Func`4 verifySucceeded, CancellationToken cancellationToken)
   at Microsoft.EntityFrameworkCore.Query.Internal.SingleQueryingEnumerable`1.AsyncEnumerator.MoveNextAsync()
ClientConnectionId:86d09a08-8227-4c7d-b1c8-3695e29fd143
Error Number:207,State:1,Class:16
Microsoft.Data.SqlClient.SqlException (0x80131904): Invalid column name 'Description'.
Invalid column name 'IsPublished'.
   at Microsoft.Data.SqlClient.SqlCommand.<>c.<ExecuteDbDataReaderAsync>b__211_0(Task`1 result)
   at System.Threading.Tasks.ContinuationResultTaskFromResultTask`2.InnerInvoke()
   at System.Threading.ExecutionContext.RunInternal(ExecutionContext executionContext, ContextCallback callback, Object state)
--- End of stack trace from previous location ---
   at System.Threading.ExecutionContext.RunInternal(ExecutionContext executionContext, ContextCallback callback, Object state)
   at System.Threading.Tasks.Task.ExecuteWithThreadLocal(Task& currentTaskSlot, Thread threadPoolThread)
--- End of stack trace from previous location ---
   at Microsoft.EntityFrameworkCore.Storage.RelationalCommand.ExecuteReaderAsync(RelationalCommandParameterObject parameterObject, CancellationToken cancellationToken)
   at Microsoft.EntityFrameworkCore.Storage.RelationalCommand.ExecuteReaderAsync(RelationalCommandParameterObject parameterObject, CancellationToken cancellationToken)
   at Microsoft.EntityFrameworkCore.Query.Internal.SingleQueryingEnumerable`1.AsyncEnumerator.InitializeReaderAsync(AsyncEnumerator enumerator, CancellationToken cancellationToken)
   at Microsoft.EntityFrameworkCore.Storage.ExecutionStrategy.<>c__DisplayClass30_0`2.<<ExecuteAsync>b__0>d.MoveNext()
--- End of stack trace from previous location ---
   at Microsoft.EntityFrameworkCore.Storage.ExecutionStrategy.ExecuteImplementationAsync[TState,TResult](Func`4 operation, Func`4 verifySucceeded, TState state, CancellationToken cancellationToken)
   at Microsoft.EntityFrameworkCore.Storage.ExecutionStrategy.ExecuteImplementationAsync[TState,TResult](Func`4 operation, Func`4 verifySucceeded, TState state, CancellationToken cancellationToken)
   at Microsoft.EntityFrameworkCore.Storage.ExecutionStrategy.ExecuteAsync[TState,TResult](TState state, Func`4 operation, Func`4 verifySucceeded, CancellationToken cancellationToken)
   at Microsoft.EntityFrameworkCore.Query.Internal.SingleQueryingEnumerable`1.AsyncEnumerator.MoveNextAsync()
ClientConnectionId:86d09a08-8227-4c7d-b1c8-3695e29fd143
Error Number:207,State:1,Class:16
2026-08-04 12:35:06.285 +05:30 [INF] Executed action LmsPortal.API.Controllers.LearningController.GetLearningState (LmsPortal.API) in 437.5165ms
2026-08-04 12:35:06.285 +05:30 [INF] Executed endpoint 'LmsPortal.API.Controllers.LearningController.GetLearningState (LmsPortal.API)'
2026-08-04 12:35:06.285 +05:30 [ERR] HTTP GET /api/learning/state responded 500 in 450.8781 ms
Microsoft.Data.SqlClient.SqlException (0x80131904): Invalid column name 'Description'.
Invalid column name 'IsPublished'.
   at Microsoft.Data.SqlClient.SqlCommand.<>c.<ExecuteDbDataReaderAsync>b__211_0(Task`1 result)
   at System.Threading.Tasks.ContinuationResultTaskFromResultTask`2.InnerInvoke()
   at System.Threading.ExecutionContext.RunInternal(ExecutionContext executionContext, ContextCallback callback, Object state)
--- End of stack trace from previous location ---
   at System.Threading.ExecutionContext.RunInternal(ExecutionContext executionContext, ContextCallback callback, Object state)
   at System.Threading.Tasks.Task.ExecuteWithThreadLocal(Task& currentTaskSlot, Thread threadPoolThread)
--- End of stack trace from previous location ---
   at Microsoft.EntityFrameworkCore.Storage.RelationalCommand.ExecuteReaderAsync(RelationalCommandParameterObject parameterObject, CancellationToken cancellationToken)
   at Microsoft.EntityFrameworkCore.Storage.RelationalCommand.ExecuteReaderAsync(RelationalCommandParameterObject parameterObject, CancellationToken cancellationToken)
   at Microsoft.EntityFrameworkCore.Query.Internal.SingleQueryingEnumerable`1.AsyncEnumerator.InitializeReaderAsync(AsyncEnumerator enumerator, CancellationToken cancellationToken)
   at Microsoft.EntityFrameworkCore.Storage.ExecutionStrategy.<>c__DisplayClass30_0`2.<<ExecuteAsync>b__0>d.MoveNext()
--- End of stack trace from previous location ---
   at Microsoft.EntityFrameworkCore.Storage.ExecutionStrategy.ExecuteImplementationAsync[TState,TResult](Func`4 operation, Func`4 verifySucceeded, TState state, CancellationToken cancellationToken)
   at Microsoft.EntityFrameworkCore.Storage.ExecutionStrategy.ExecuteImplementationAsync[TState,TResult](Func`4 operation, Func`4 verifySucceeded, TState state, CancellationToken cancellationToken)
   at Microsoft.EntityFrameworkCore.Storage.ExecutionStrategy.ExecuteAsync[TState,TResult](TState state, Func`4 operation, Func`4 verifySucceeded, CancellationToken cancellationToken)
   at Microsoft.EntityFrameworkCore.Query.Internal.SingleQueryingEnumerable`1.AsyncEnumerator.MoveNextAsync()
   at Microsoft.EntityFrameworkCore.Query.ShapedQueryCompilingExpressionVisitor.SingleOrDefaultAsync[TSource](IAsyncEnumerable`1 asyncEnumerable, CancellationToken cancellationToken)
   at Microsoft.EntityFrameworkCore.Query.ShapedQueryCompilingExpressionVisitor.SingleOrDefaultAsync[TSource](IAsyncEnumerable`1 asyncEnumerable, CancellationToken cancellationToken)
   at LmsPortal.API.Controllers.LearningController.GetLearningState() in C:\Users\kaustubh.bhatlawande\Desktop\LMS Portal - Copy\backend\LmsPortal.API\Controllers\LearningController.cs:line 51
   at Microsoft.AspNetCore.Mvc.Infrastructure.ActionMethodExecutor.TaskOfIActionResultExecutor.Execute(ActionContext actionContext, IActionResultTypeMapper mapper, ObjectMethodExecutor executor, Object controller, Object[] arguments)
   at Microsoft.AspNetCore.Mvc.Infrastructure.ControllerActionInvoker.<InvokeActionMethodAsync>g__Awaited|12_0(ControllerActionInvoker invoker, ValueTask`1 actionResultValueTask)
   at Microsoft.AspNetCore.Mvc.Infrastructure.ControllerActionInvoker.<InvokeNextActionFilterAsync>g__Awaited|10_0(ControllerActionInvoker invoker, Task lastTask, State next, Scope scope, Object state, Boolean isCompleted)
   at Microsoft.AspNetCore.Mvc.Infrastructure.ControllerActionInvoker.Rethrow(ActionExecutedContextSealed context)
   at Microsoft.AspNetCore.Mvc.Infrastructure.ControllerActionInvoker.Next(State& next, Scope& scope, Object& state, Boolean& isCompleted)
   at Microsoft.AspNetCore.Mvc.Infrastructure.ControllerActionInvoker.<InvokeInnerFilterAsync>g__Awaited|13_0(ControllerActionInvoker invoker, Task lastTask, State next, Scope scope, Object state, Boolean isCompleted)
   at Microsoft.AspNetCore.Mvc.Infrastructure.ResourceInvoker.<InvokeFilterPipelineAsync>g__Awaited|20_0(ResourceInvoker invoker, Task lastTask, State next, Scope scope, Object state, Boolean isCompleted)
   at Microsoft.AspNetCore.Mvc.Infrastructure.ResourceInvoker.<InvokeAsync>g__Logged|17_1(ResourceInvoker invoker)
   at Microsoft.AspNetCore.Mvc.Infrastructure.ResourceInvoker.<InvokeAsync>g__Logged|17_1(ResourceInvoker invoker)
   at Microsoft.AspNetCore.Routing.EndpointMiddleware.<Invoke>g__AwaitRequestTask|7_0(Endpoint endpoint, Task requestTask, ILogger logger)
   at Microsoft.AspNetCore.Authorization.AuthorizationMiddleware.Invoke(HttpContext context)
   at Microsoft.AspNetCore.Authentication.AuthenticationMiddleware.Invoke(HttpContext context)
   at Serilog.AspNetCore.RequestLoggingMiddleware.Invoke(HttpContext httpContext)
ClientConnectionId:86d09a08-8227-4c7d-b1c8-3695e29fd143
Error Number:207,State:1,Class:16
2026-08-04 12:35:06.287 +05:30 [ERR] An unhandled exception has occurred while executing the request.
Microsoft.Data.SqlClient.SqlException (0x80131904): Invalid column name 'Description'.
Invalid column name 'IsPublished'.
   at Microsoft.Data.SqlClient.SqlCommand.<>c.<ExecuteDbDataReaderAsync>b__211_0(Task`1 result)
   at System.Threading.Tasks.ContinuationResultTaskFromResultTask`2.InnerInvoke()
   at System.Threading.ExecutionContext.RunInternal(ExecutionContext executionContext, ContextCallback callback, Object state)
--- End of stack trace from previous location ---
   at System.Threading.ExecutionContext.RunInternal(ExecutionContext executionContext, ContextCallback callback, Object state)
   at System.Threading.Tasks.Task.ExecuteWithThreadLocal(Task& currentTaskSlot, Thread threadPoolThread)
--- End of stack trace from previous location ---
   at Microsoft.EntityFrameworkCore.Storage.RelationalCommand.ExecuteReaderAsync(RelationalCommandParameterObject parameterObject, CancellationToken cancellationToken)
   at Microsoft.EntityFrameworkCore.Storage.RelationalCommand.ExecuteReaderAsync(RelationalCommandParameterObject parameterObject, CancellationToken cancellationToken)
   at Microsoft.EntityFrameworkCore.Query.Internal.SingleQueryingEnumerable`1.AsyncEnumerator.InitializeReaderAsync(AsyncEnumerator enumerator, CancellationToken cancellationToken)
   at Microsoft.EntityFrameworkCore.Storage.ExecutionStrategy.<>c__DisplayClass30_0`2.<<ExecuteAsync>b__0>d.MoveNext()
--- End of stack trace from previous location ---
   at Microsoft.EntityFrameworkCore.Storage.ExecutionStrategy.ExecuteImplementationAsync[TState,TResult](Func`4 operation, Func`4 verifySucceeded, TState state, CancellationToken cancellationToken)
   at Microsoft.EntityFrameworkCore.Storage.ExecutionStrategy.ExecuteImplementationAsync[TState,TResult](Func`4 operation, Func`4 verifySucceeded, TState state, CancellationToken cancellationToken)
   at Microsoft.EntityFrameworkCore.Storage.ExecutionStrategy.ExecuteAsync[TState,TResult](TState state, Func`4 operation, Func`4 verifySucceeded, CancellationToken cancellationToken)
   at Microsoft.EntityFrameworkCore.Query.Internal.SingleQueryingEnumerable`1.AsyncEnumerator.MoveNextAsync()
   at Microsoft.EntityFrameworkCore.Query.ShapedQueryCompilingExpressionVisitor.SingleOrDefaultAsync[TSource](IAsyncEnumerable`1 asyncEnumerable, CancellationToken cancellationToken)
   at Microsoft.EntityFrameworkCore.Query.ShapedQueryCompilingExpressionVisitor.SingleOrDefaultAsync[TSource](IAsyncEnumerable`1 asyncEnumerable, CancellationToken cancellationToken)
   at LmsPortal.API.Controllers.LearningController.GetLearningState() in C:\Users\kaustubh.bhatlawande\Desktop\LMS Portal - Copy\backend\LmsPortal.API\Controllers\LearningController.cs:line 51
   at Microsoft.AspNetCore.Mvc.Infrastructure.ActionMethodExecutor.TaskOfIActionResultExecutor.Execute(ActionContext actionContext, IActionResultTypeMapper mapper, ObjectMethodExecutor executor, Object controller, Object[] arguments)
   at Microsoft.AspNetCore.Mvc.Infrastructure.ControllerActionInvoker.<InvokeActionMethodAsync>g__Awaited|12_0(ControllerActionInvoker invoker, ValueTask`1 actionResultValueTask)
   at Microsoft.AspNetCore.Mvc.Infrastructure.ControllerActionInvoker.<InvokeNextActionFilterAsync>g__Awaited|10_0(ControllerActionInvoker invoker, Task lastTask, State next, Scope scope, Object state, Boolean isCompleted)
   at Microsoft.AspNetCore.Mvc.Infrastructure.ControllerActionInvoker.Rethrow(ActionExecutedContextSealed context)
   at Microsoft.AspNetCore.Mvc.Infrastructure.ControllerActionInvoker.Next(State& next, Scope& scope, Object& state, Boolean& isCompleted)
   at Microsoft.AspNetCore.Mvc.Infrastructure.ControllerActionInvoker.<InvokeInnerFilterAsync>g__Awaited|13_0(ControllerActionInvoker invoker, Task lastTask, State next, Scope scope, Object state, Boolean isCompleted)
   at Microsoft.AspNetCore.Mvc.Infrastructure.ResourceInvoker.<InvokeFilterPipelineAsync>g__Awaited|20_0(ResourceInvoker invoker, Task lastTask, State next, Scope scope, Object state, Boolean isCompleted)
   at Microsoft.AspNetCore.Mvc.Infrastructure.ResourceInvoker.<InvokeAsync>g__Logged|17_1(ResourceInvoker invoker)
   at Microsoft.AspNetCore.Mvc.Infrastructure.ResourceInvoker.<InvokeAsync>g__Logged|17_1(ResourceInvoker invoker)
   at Microsoft.AspNetCore.Routing.EndpointMiddleware.<Invoke>g__AwaitRequestTask|7_0(Endpoint endpoint, Task requestTask, ILogger logger)
   at Microsoft.AspNetCore.Authorization.AuthorizationMiddleware.Invoke(HttpContext context)
   at Microsoft.AspNetCore.Authentication.AuthenticationMiddleware.Invoke(HttpContext context)
   at Serilog.AspNetCore.RequestLoggingMiddleware.Invoke(HttpContext httpContext)
   at Swashbuckle.AspNetCore.SwaggerUI.SwaggerUIMiddleware.Invoke(HttpContext httpContext)
   at Swashbuckle.AspNetCore.Swagger.SwaggerMiddleware.Invoke(HttpContext httpContext, ISwaggerProvider swaggerProvider)
   at Microsoft.AspNetCore.Diagnostics.DeveloperExceptionPageMiddlewareImpl.Invoke(HttpContext context)
ClientConnectionId:86d09a08-8227-4c7d-b1c8-3695e29fd143
Error Number:207,State:1,Class:16
2026-08-04 12:35:06.291 +05:30 [INF] Request finished HTTP/1.1 GET http://localhost:5000/api/learning/state - 500 null text/plain; charset=utf-8 458.104ms
2026-08-04 12:35:09.274 +05:30 [INF] Request starting HTTP/1.1 GET http://localhost:5000/api/learning/state - application/json null
2026-08-04 12:35:09.278 +05:30 [INF] Executing endpoint 'LmsPortal.API.Controllers.LearningController.GetLearningState (LmsPortal.API)'
2026-08-04 12:35:09.278 +05:30 [INF] Route matched with {action = "GetLearningState", controller = "Learning"}. Executing controller action with signature System.Threading.Tasks.Task`1[Microsoft.AspNetCore.Mvc.IActionResult] GetLearningState() on controller LmsPortal.API.Controllers.LearningController (LmsPortal.API).
2026-08-04 12:35:09.288 +05:30 [INF] Executed DbCommand (4ms) [Parameters=[@__userId_0='?' (DbType = Int32)], CommandType='"Text"', CommandTimeout='30']
SELECT TOP(1) [e].[Id], [e].[CreatedAt], [e].[CreatedBy], [e].[DepartmentCode], [e].[DepartmentId], [e].[DesignationCode], [e].[DesignationId], [e].[EmployeeCode], [e].[EmploymentStatus], [e].[FirstName], [e].[IsDeleted], [e].[IsMasterTester], [e].[JoiningDate], [e].[LastName], [e].[MiddleName], [e].[OfficeCode], [e].[OfficeId], [e].[OfficialEmail], [e].[RowVersion], [e].[UpdatedAt], [e].[UpdatedBy], [e].[UserId], [d0].[Id], [d0].[CreatedAt], [d0].[CreatedBy], [d0].[DepartmentCode], [d0].[DepartmentName], [d0].[Description], [d0].[IsActive], [d0].[IsDeleted], [d0].[RowVersion], [d0].[UpdatedAt], [d0].[UpdatedBy], [d2].[Id], [d2].[CreatedAt], [d2].[CreatedBy], [d2].[DesignationCode], [d2].[GradeLevel], [d2].[IsActive], [d2].[IsDeleted], [d2].[RowVersion], [d2].[Title], [d2].[UpdatedAt], [d2].[UpdatedBy], [o0].[Id], [o0].[City], [o0].[Country], [o0].[CreatedAt], [o0].[CreatedBy], [o0].[IsActive], [o0].[IsDeleted], [o0].[OfficeCode], [o0].[OfficeName], [o0].[RowVersion], [o0].[State], [o0].[UpdatedAt], [o0].[UpdatedBy]
FROM [emp].[Employees] AS [e]
INNER JOIN (
    SELECT [d].[Id], [d].[CreatedAt], [d].[CreatedBy], [d].[DepartmentCode], [d].[DepartmentName], [d].[Description], [d].[IsActive], [d].[IsDeleted], [d].[RowVersion], [d].[UpdatedAt], [d].[UpdatedBy]
    FROM [org].[Departments] AS [d]
    WHERE [d].[IsDeleted] = CAST(0 AS bit)
) AS [d0] ON [e].[DepartmentId] = [d0].[Id]
INNER JOIN (
    SELECT [d1].[Id], [d1].[CreatedAt], [d1].[CreatedBy], [d1].[DesignationCode], [d1].[GradeLevel], [d1].[IsActive], [d1].[IsDeleted], [d1].[RowVersion], [d1].[Title], [d1].[UpdatedAt], [d1].[UpdatedBy]
    FROM [org].[Designations] AS [d1]
    WHERE [d1].[IsDeleted] = CAST(0 AS bit)
) AS [d2] ON [e].[DesignationId] = [d2].[Id]
INNER JOIN (
    SELECT [o].[Id], [o].[City], [o].[Country], [o].[CreatedAt], [o].[CreatedBy], [o].[IsActive], [o].[IsDeleted], [o].[OfficeCode], [o].[OfficeName], [o].[RowVersion], [o].[State], [o].[UpdatedAt], [o].[UpdatedBy]
    FROM [org].[Offices] AS [o]
    WHERE [o].[IsDeleted] = CAST(0 AS bit)
) AS [o0] ON [e].[OfficeId] = [o0].[Id]
WHERE [e].[IsDeleted] = CAST(0 AS bit) AND [e].[UserId] = @__userId_0 AND [e].[IsDeleted] = CAST(0 AS bit)
2026-08-04 12:35:09.303 +05:30 [ERR] Failed executing DbCommand (12ms) [Parameters=[], CommandType='"Text"', CommandTimeout='30']
SELECT [c0].[Id], [c0].[CourseCode], [c0].[CreatedAt], [c0].[CreatedBy], [c0].[Description], [c0].[IsDeleted], [c0].[IsPublished], [c0].[PassingScorePercentage], [c0].[RowVersion], [c0].[Title], [c0].[UpdatedAt], [c0].[UpdatedBy], [s0].[Id], [s0].[CourseId], [s0].[CreatedAt], [s0].[CreatedBy], [s0].[Description], [s0].[IsDeleted], [s0].[ModuleCode], [s0].[ModuleType], [s0].[RowVersion], [s0].[SortOrder], [s0].[TargetDepartmentId], [s0].[Title], [s0].[UpdatedAt], [s0].[UpdatedBy], [s0].[Id0], [s0].[CreatedAt0], [s0].[CreatedBy0], [s0].[DepartmentCode], [s0].[DepartmentName], [s0].[Description0], [s0].[IsActive], [s0].[IsDeleted0], [s0].[RowVersion0], [s0].[UpdatedAt0], [s0].[UpdatedBy0], [s0].[Id1], [s0].[ContentType], [s0].[CreatedAt1], [s0].[CreatedBy1], [s0].[Description1], [s0].[IsDeleted1], [s0].[LessonCode], [s0].[MinDurationSeconds], [s0].[ModuleId], [s0].[RowVersion1], [s0].[SortOrder0], [s0].[Title0], [s0].[UpdatedAt1], [s0].[UpdatedBy1], [s0].[Id00], [s0].[CreatedAt00], [s0].[CreatedBy00], [s0].[DisplayOrder], [s0].[DurationSeconds], [s0].[FileName], [s0].[FileSizeByte], [s0].[FileType], [s0].[IsDeleted00], [s0].[IsPrimary], [s0].[LessonId], [s0].[MimeType], [s0].[RowVersion00], [s0].[SharePointUrl], [s0].[UpdatedAt00], [s0].[UpdatedBy00], [s2].[Id], [s2].[AssessmentCode], [s2].[CourseId], [s2].[CreatedAt], [s2].[CreatedBy], [s2].[Description], [s2].[IsDeleted], [s2].[IsPublished], [s2].[PassingScorePercentage], [s2].[RowVersion], [s2].[TimeLimitMinutes], [s2].[Title], [s2].[UpdatedAt], [s2].[UpdatedBy], [s2].[Id0], [s2].[AssessmentId], [s2].[CreatedAt0], [s2].[CreatedBy0], [s2].[Explanation], [s2].[IsDeleted0], [s2].[ModuleId], [s2].[Points], [s2].[QuestionText], [s2].[RowVersion0], [s2].[SortOrder], [s2].[UpdatedAt0], [s2].[UpdatedBy0], [s2].[Id00], [s2].[CreatedAt00], [s2].[CreatedBy00], [s2].[IsCorrect], [s2].[IsDeleted00], [s2].[OptionText], [s2].[QuestionId], [s2].[RowVersion00], [s2].[SortOrder0], [s2].[UpdatedAt00], [s2].[UpdatedBy00]
FROM (
    SELECT TOP(1) [c].[Id], [c].[CourseCode], [c].[CreatedAt], [c].[CreatedBy], [c].[Description], [c].[IsDeleted], [c].[IsPublished], [c].[PassingScorePercentage], [c].[RowVersion], [c].[Title], [c].[UpdatedAt], [c].[UpdatedBy]
    FROM [lms].[Courses] AS [c]
    WHERE [c].[IsDeleted] = CAST(0 AS bit)
) AS [c0]
LEFT JOIN (
    SELECT [m].[Id], [m].[CourseId], [m].[CreatedAt], [m].[CreatedBy], [m].[Description], [m].[IsDeleted], [m].[ModuleCode], [m].[ModuleType], [m].[RowVersion], [m].[SortOrder], [m].[TargetDepartmentId], [m].[Title], [m].[UpdatedAt], [m].[UpdatedBy], [d0].[Id] AS [Id0], [d0].[CreatedAt] AS [CreatedAt0], [d0].[CreatedBy] AS [CreatedBy0], [d0].[DepartmentCode], [d0].[DepartmentName], [d0].[Description] AS [Description0], [d0].[IsActive], [d0].[IsDeleted] AS [IsDeleted0], [d0].[RowVersion] AS [RowVersion0], [d0].[UpdatedAt] AS [UpdatedAt0], [d0].[UpdatedBy] AS [UpdatedBy0], [s].[Id] AS [Id1], [s].[ContentType], [s].[CreatedAt] AS [CreatedAt1], [s].[CreatedBy] AS [CreatedBy1], [s].[Description] AS [Description1], [s].[IsDeleted] AS [IsDeleted1], [s].[LessonCode], [s].[MinDurationSeconds], [s].[ModuleId], [s].[RowVersion] AS [RowVersion1], [s].[SortOrder] AS [SortOrder0], [s].[Title] AS [Title0], [s].[UpdatedAt] AS [UpdatedAt1], [s].[UpdatedBy] AS [UpdatedBy1], [s].[Id0] AS [Id00], [s].[CreatedAt0] AS [CreatedAt00], [s].[CreatedBy0] AS [CreatedBy00], [s].[DisplayOrder], [s].[DurationSeconds], [s].[FileName], [s].[FileSizeByte], [s].[FileType], [s].[IsDeleted0] AS [IsDeleted00], [s].[IsPrimary], [s].[LessonId], [s].[MimeType], [s].[RowVersion0] AS [RowVersion00], [s].[SharePointUrl], [s].[UpdatedAt0] AS [UpdatedAt00], [s].[UpdatedBy0] AS [UpdatedBy00]
    FROM [lms].[Modules] AS [m]
    LEFT JOIN (
        SELECT [d].[Id], [d].[CreatedAt], [d].[CreatedBy], [d].[DepartmentCode], [d].[DepartmentName], [d].[Description], [d].[IsActive], [d].[IsDeleted], [d].[RowVersion], [d].[UpdatedAt], [d].[UpdatedBy]
        FROM [org].[Departments] AS [d]
        WHERE [d].[IsDeleted] = CAST(0 AS bit)
    ) AS [d0] ON [m].[TargetDepartmentId] = [d0].[Id]
    LEFT JOIN (
        SELECT [l].[Id], [l].[ContentType], [l].[CreatedAt], [l].[CreatedBy], [l].[Description], [l].[IsDeleted], [l].[LessonCode], [l].[MinDurationSeconds], [l].[ModuleId], [l].[RowVersion], [l].[SortOrder], [l].[Title], [l].[UpdatedAt], [l].[UpdatedBy], [l1].[Id] AS [Id0], [l1].[CreatedAt] AS [CreatedAt0], [l1].[CreatedBy] AS [CreatedBy0], [l1].[DisplayOrder], [l1].[DurationSeconds], [l1].[FileName], [l1].[FileSizeByte], [l1].[FileType], [l1].[IsDeleted] AS [IsDeleted0], [l1].[IsPrimary], [l1].[LessonId], [l1].[MimeType], [l1].[RowVersion] AS [RowVersion0], [l1].[SharePointUrl], [l1].[UpdatedAt] AS [UpdatedAt0], [l1].[UpdatedBy] AS [UpdatedBy0]
        FROM [lms].[Lessons] AS [l]
        LEFT JOIN (
            SELECT [l0].[Id], [l0].[CreatedAt], [l0].[CreatedBy], [l0].[DisplayOrder], [l0].[DurationSeconds], [l0].[FileName], [l0].[FileSizeByte], [l0].[FileType], [l0].[IsDeleted], [l0].[IsPrimary], [l0].[LessonId], [l0].[MimeType], [l0].[RowVersion], [l0].[SharePointUrl], [l0].[UpdatedAt], [l0].[UpdatedBy]
            FROM [lms].[LessonFiles] AS [l0]
            WHERE [l0].[IsDeleted] = CAST(0 AS bit)
        ) AS [l1] ON [l].[Id] = [l1].[LessonId]
        WHERE [l].[IsDeleted] = CAST(0 AS bit)
    ) AS [s] ON [m].[Id] = [s].[ModuleId]
    WHERE [m].[IsDeleted] = CAST(0 AS bit)
) AS [s0] ON [c0].[Id] = [s0].[CourseId]
LEFT JOIN (
    SELECT [a].[Id], [a].[AssessmentCode], [a].[CourseId], [a].[CreatedAt], [a].[CreatedBy], [a].[Description], [a].[IsDeleted], [a].[IsPublished], [a].[PassingScorePercentage], [a].[RowVersion], [a].[TimeLimitMinutes], [a].[Title], [a].[UpdatedAt], [a].[UpdatedBy], [s1].[Id] AS [Id0], [s1].[AssessmentId], [s1].[CreatedAt] AS [CreatedAt0], [s1].[CreatedBy] AS [CreatedBy0], [s1].[Explanation], [s1].[IsDeleted] AS [IsDeleted0], [s1].[ModuleId], [s1].[Points], [s1].[QuestionText], [s1].[RowVersion] AS [RowVersion0], [s1].[SortOrder], [s1].[UpdatedAt] AS [UpdatedAt0], [s1].[UpdatedBy] AS [UpdatedBy0], [s1].[Id0] AS [Id00], [s1].[CreatedAt0] AS [CreatedAt00], [s1].[CreatedBy0] AS [CreatedBy00], [s1].[IsCorrect], [s1].[IsDeleted0] AS [IsDeleted00], [s1].[OptionText], [s1].[QuestionId], [s1].[RowVersion0] AS [RowVersion00], [s1].[SortOrder0], [s1].[UpdatedAt0] AS [UpdatedAt00], [s1].[UpdatedBy0] AS [UpdatedBy00]
    FROM [eval].[Assessments] AS [a]
    LEFT JOIN (
        SELECT [a0].[Id], [a0].[AssessmentId], [a0].[CreatedAt], [a0].[CreatedBy], [a0].[Explanation], [a0].[IsDeleted], [a0].[ModuleId], [a0].[Points], [a0].[QuestionText], [a0].[RowVersion], [a0].[SortOrder], [a0].[UpdatedAt], [a0].[UpdatedBy], [q0].[Id] AS [Id0], [q0].[CreatedAt] AS [CreatedAt0], [q0].[CreatedBy] AS [CreatedBy0], [q0].[IsCorrect], [q0].[IsDeleted] AS [IsDeleted0], [q0].[OptionText], [q0].[QuestionId], [q0].[RowVersion] AS [RowVersion0], [q0].[SortOrder] AS [SortOrder0], [q0].[UpdatedAt] AS [UpdatedAt0], [q0].[UpdatedBy] AS [UpdatedBy0]
        FROM [eval].[AssessmentQuestions] AS [a0]
        LEFT JOIN (
            SELECT [q].[Id], [q].[CreatedAt], [q].[CreatedBy], [q].[IsCorrect], [q].[IsDeleted], [q].[OptionText], [q].[QuestionId], [q].[RowVersion], [q].[SortOrder], [q].[UpdatedAt], [q].[UpdatedBy]
            FROM [eval].[QuestionOptions] AS [q]
            WHERE [q].[IsDeleted] = CAST(0 AS bit)
        ) AS [q0] ON [a0].[Id] = [q0].[QuestionId]
        WHERE [a0].[IsDeleted] = CAST(0 AS bit)
    ) AS [s1] ON [a].[Id] = [s1].[AssessmentId]
    WHERE [a].[IsDeleted] = CAST(0 AS bit)
) AS [s2] ON [c0].[Id] = [s2].[CourseId]
ORDER BY [c0].[Id], [s0].[SortOrder], [s0].[Id], [s0].[Id0], [s0].[SortOrder0], [s0].[Id1], [s0].[Id00], [s2].[Id], [s2].[Id0]
2026-08-04 12:35:09.318 +05:30 [ERR] An exception occurred while iterating over the results of a query for context type 'LmsPortal.API.Data.LmsDbContext'.
Microsoft.Data.SqlClient.SqlException (0x80131904): Invalid column name 'Description'.
Invalid column name 'IsPublished'.
   at Microsoft.Data.SqlClient.SqlCommand.<>c.<ExecuteDbDataReaderAsync>b__211_0(Task`1 result)
   at System.Threading.Tasks.ContinuationResultTaskFromResultTask`2.InnerInvoke()
   at System.Threading.ExecutionContext.RunInternal(ExecutionContext executionContext, ContextCallback callback, Object state)
--- End of stack trace from previous location ---
   at System.Threading.ExecutionContext.RunInternal(ExecutionContext executionContext, ContextCallback callback, Object state)
   at System.Threading.Tasks.Task.ExecuteWithThreadLocal(Task& currentTaskSlot, Thread threadPoolThread)
--- End of stack trace from previous location ---
   at Microsoft.EntityFrameworkCore.Storage.RelationalCommand.ExecuteReaderAsync(RelationalCommandParameterObject parameterObject, CancellationToken cancellationToken)
   at Microsoft.EntityFrameworkCore.Storage.RelationalCommand.ExecuteReaderAsync(RelationalCommandParameterObject parameterObject, CancellationToken cancellationToken)
   at Microsoft.EntityFrameworkCore.Query.Internal.SingleQueryingEnumerable`1.AsyncEnumerator.InitializeReaderAsync(AsyncEnumerator enumerator, CancellationToken cancellationToken)
   at Microsoft.EntityFrameworkCore.Storage.ExecutionStrategy.<>c__DisplayClass30_0`2.<<ExecuteAsync>b__0>d.MoveNext()
--- End of stack trace from previous location ---
   at Microsoft.EntityFrameworkCore.Storage.ExecutionStrategy.ExecuteImplementationAsync[TState,TResult](Func`4 operation, Func`4 verifySucceeded, TState state, CancellationToken cancellationToken)
   at Microsoft.EntityFrameworkCore.Storage.ExecutionStrategy.ExecuteImplementationAsync[TState,TResult](Func`4 operation, Func`4 verifySucceeded, TState state, CancellationToken cancellationToken)
   at Microsoft.EntityFrameworkCore.Storage.ExecutionStrategy.ExecuteAsync[TState,TResult](TState state, Func`4 operation, Func`4 verifySucceeded, CancellationToken cancellationToken)
   at Microsoft.EntityFrameworkCore.Query.Internal.SingleQueryingEnumerable`1.AsyncEnumerator.MoveNextAsync()
ClientConnectionId:86d09a08-8227-4c7d-b1c8-3695e29fd143
Error Number:207,State:1,Class:16
Microsoft.Data.SqlClient.SqlException (0x80131904): Invalid column name 'Description'.
Invalid column name 'IsPublished'.
   at Microsoft.Data.SqlClient.SqlCommand.<>c.<ExecuteDbDataReaderAsync>b__211_0(Task`1 result)
   at System.Threading.Tasks.ContinuationResultTaskFromResultTask`2.InnerInvoke()
   at System.Threading.ExecutionContext.RunInternal(ExecutionContext executionContext, ContextCallback callback, Object state)
--- End of stack trace from previous location ---
   at System.Threading.ExecutionContext.RunInternal(ExecutionContext executionContext, ContextCallback callback, Object state)
   at System.Threading.Tasks.Task.ExecuteWithThreadLocal(Task& currentTaskSlot, Thread threadPoolThread)
--- End of stack trace from previous location ---
   at Microsoft.EntityFrameworkCore.Storage.RelationalCommand.ExecuteReaderAsync(RelationalCommandParameterObject parameterObject, CancellationToken cancellationToken)
   at Microsoft.EntityFrameworkCore.Storage.RelationalCommand.ExecuteReaderAsync(RelationalCommandParameterObject parameterObject, CancellationToken cancellationToken)
   at Microsoft.EntityFrameworkCore.Query.Internal.SingleQueryingEnumerable`1.AsyncEnumerator.InitializeReaderAsync(AsyncEnumerator enumerator, CancellationToken cancellationToken)
   at Microsoft.EntityFrameworkCore.Storage.ExecutionStrategy.<>c__DisplayClass30_0`2.<<ExecuteAsync>b__0>d.MoveNext()
--- End of stack trace from previous location ---
   at Microsoft.EntityFrameworkCore.Storage.ExecutionStrategy.ExecuteImplementationAsync[TState,TResult](Func`4 operation, Func`4 verifySucceeded, TState state, CancellationToken cancellationToken)
   at Microsoft.EntityFrameworkCore.Storage.ExecutionStrategy.ExecuteImplementationAsync[TState,TResult](Func`4 operation, Func`4 verifySucceeded, TState state, CancellationToken cancellationToken)
   at Microsoft.EntityFrameworkCore.Storage.ExecutionStrategy.ExecuteAsync[TState,TResult](TState state, Func`4 operation, Func`4 verifySucceeded, CancellationToken cancellationToken)
   at Microsoft.EntityFrameworkCore.Query.Internal.SingleQueryingEnumerable`1.AsyncEnumerator.MoveNextAsync()
ClientConnectionId:86d09a08-8227-4c7d-b1c8-3695e29fd143
Error Number:207,State:1,Class:16
2026-08-04 12:35:09.324 +05:30 [INF] Executed action LmsPortal.API.Controllers.LearningController.GetLearningState (LmsPortal.API) in 45.6499ms
2026-08-04 12:35:09.324 +05:30 [INF] Executed endpoint 'LmsPortal.API.Controllers.LearningController.GetLearningState (LmsPortal.API)'
2026-08-04 12:35:09.324 +05:30 [ERR] HTTP GET /api/learning/state responded 500 in 48.6976 ms
Microsoft.Data.SqlClient.SqlException (0x80131904): Invalid column name 'Description'.
Invalid column name 'IsPublished'.
   at Microsoft.Data.SqlClient.SqlCommand.<>c.<ExecuteDbDataReaderAsync>b__211_0(Task`1 result)
   at System.Threading.Tasks.ContinuationResultTaskFromResultTask`2.InnerInvoke()
   at System.Threading.ExecutionContext.RunInternal(ExecutionContext executionContext, ContextCallback callback, Object state)
--- End of stack trace from previous location ---
   at System.Threading.ExecutionContext.RunInternal(ExecutionContext executionContext, ContextCallback callback, Object state)
   at System.Threading.Tasks.Task.ExecuteWithThreadLocal(Task& currentTaskSlot, Thread threadPoolThread)
--- End of stack trace from previous location ---
   at Microsoft.EntityFrameworkCore.Storage.RelationalCommand.ExecuteReaderAsync(RelationalCommandParameterObject parameterObject, CancellationToken cancellationToken)
   at Microsoft.EntityFrameworkCore.Storage.RelationalCommand.ExecuteReaderAsync(RelationalCommandParameterObject parameterObject, CancellationToken cancellationToken)
   at Microsoft.EntityFrameworkCore.Query.Internal.SingleQueryingEnumerable`1.AsyncEnumerator.InitializeReaderAsync(AsyncEnumerator enumerator, CancellationToken cancellationToken)
   at Microsoft.EntityFrameworkCore.Storage.ExecutionStrategy.<>c__DisplayClass30_0`2.<<ExecuteAsync>b__0>d.MoveNext()
--- End of stack trace from previous location ---
   at Microsoft.EntityFrameworkCore.Storage.ExecutionStrategy.ExecuteImplementationAsync[TState,TResult](Func`4 operation, Func`4 verifySucceeded, TState state, CancellationToken cancellationToken)
   at Microsoft.EntityFrameworkCore.Storage.ExecutionStrategy.ExecuteImplementationAsync[TState,TResult](Func`4 operation, Func`4 verifySucceeded, TState state, CancellationToken cancellationToken)
   at Microsoft.EntityFrameworkCore.Storage.ExecutionStrategy.ExecuteAsync[TState,TResult](TState state, Func`4 operation, Func`4 verifySucceeded, CancellationToken cancellationToken)
   at Microsoft.EntityFrameworkCore.Query.Internal.SingleQueryingEnumerable`1.AsyncEnumerator.MoveNextAsync()
   at Microsoft.EntityFrameworkCore.Query.ShapedQueryCompilingExpressionVisitor.SingleOrDefaultAsync[TSource](IAsyncEnumerable`1 asyncEnumerable, CancellationToken cancellationToken)
   at Microsoft.EntityFrameworkCore.Query.ShapedQueryCompilingExpressionVisitor.SingleOrDefaultAsync[TSource](IAsyncEnumerable`1 asyncEnumerable, CancellationToken cancellationToken)
   at LmsPortal.API.Controllers.LearningController.GetLearningState() in C:\Users\kaustubh.bhatlawande\Desktop\LMS Portal - Copy\backend\LmsPortal.API\Controllers\LearningController.cs:line 51
   at Microsoft.AspNetCore.Mvc.Infrastructure.ActionMethodExecutor.TaskOfIActionResultExecutor.Execute(ActionContext actionContext, IActionResultTypeMapper mapper, ObjectMethodExecutor executor, Object controller, Object[] arguments)
   at Microsoft.AspNetCore.Mvc.Infrastructure.ControllerActionInvoker.<InvokeActionMethodAsync>g__Awaited|12_0(ControllerActionInvoker invoker, ValueTask`1 actionResultValueTask)
   at Microsoft.AspNetCore.Mvc.Infrastructure.ControllerActionInvoker.<InvokeNextActionFilterAsync>g__Awaited|10_0(ControllerActionInvoker invoker, Task lastTask, State next, Scope scope, Object state, Boolean isCompleted)
   at Microsoft.AspNetCore.Mvc.Infrastructure.ControllerActionInvoker.Rethrow(ActionExecutedContextSealed context)
   at Microsoft.AspNetCore.Mvc.Infrastructure.ControllerActionInvoker.Next(State& next, Scope& scope, Object& state, Boolean& isCompleted)
   at Microsoft.AspNetCore.Mvc.Infrastructure.ControllerActionInvoker.<InvokeInnerFilterAsync>g__Awaited|13_0(ControllerActionInvoker invoker, Task lastTask, State next, Scope scope, Object state, Boolean isCompleted)
   at Microsoft.AspNetCore.Mvc.Infrastructure.ResourceInvoker.<InvokeFilterPipelineAsync>g__Awaited|20_0(ResourceInvoker invoker, Task lastTask, State next, Scope scope, Object state, Boolean isCompleted)
   at Microsoft.AspNetCore.Mvc.Infrastructure.ResourceInvoker.<InvokeAsync>g__Logged|17_1(ResourceInvoker invoker)
   at Microsoft.AspNetCore.Mvc.Infrastructure.ResourceInvoker.<InvokeAsync>g__Logged|17_1(ResourceInvoker invoker)
   at Microsoft.AspNetCore.Routing.EndpointMiddleware.<Invoke>g__AwaitRequestTask|7_0(Endpoint endpoint, Task requestTask, ILogger logger)
   at Microsoft.AspNetCore.Authorization.AuthorizationMiddleware.Invoke(HttpContext context)
   at Microsoft.AspNetCore.Authentication.AuthenticationMiddleware.Invoke(HttpContext context)
   at Serilog.AspNetCore.RequestLoggingMiddleware.Invoke(HttpContext httpContext)
ClientConnectionId:86d09a08-8227-4c7d-b1c8-3695e29fd143
Error Number:207,State:1,Class:16
2026-08-04 12:35:09.333 +05:30 [ERR] An unhandled exception has occurred while executing the request.
Microsoft.Data.SqlClient.SqlException (0x80131904): Invalid column name 'Description'.
Invalid column name 'IsPublished'.
   at Microsoft.Data.SqlClient.SqlCommand.<>c.<ExecuteDbDataReaderAsync>b__211_0(Task`1 result)
   at System.Threading.Tasks.ContinuationResultTaskFromResultTask`2.InnerInvoke()
   at System.Threading.ExecutionContext.RunInternal(ExecutionContext executionContext, ContextCallback callback, Object state)
--- End of stack trace from previous location ---
   at System.Threading.ExecutionContext.RunInternal(ExecutionContext executionContext, ContextCallback callback, Object state)
   at System.Threading.Tasks.Task.ExecuteWithThreadLocal(Task& currentTaskSlot, Thread threadPoolThread)
--- End of stack trace from previous location ---
   at Microsoft.EntityFrameworkCore.Storage.RelationalCommand.ExecuteReaderAsync(RelationalCommandParameterObject parameterObject, CancellationToken cancellationToken)
   at Microsoft.EntityFrameworkCore.Storage.RelationalCommand.ExecuteReaderAsync(RelationalCommandParameterObject parameterObject, CancellationToken cancellationToken)
   at Microsoft.EntityFrameworkCore.Query.Internal.SingleQueryingEnumerable`1.AsyncEnumerator.InitializeReaderAsync(AsyncEnumerator enumerator, CancellationToken cancellationToken)
   at Microsoft.EntityFrameworkCore.Storage.ExecutionStrategy.<>c__DisplayClass30_0`2.<<ExecuteAsync>b__0>d.MoveNext()
--- End of stack trace from previous location ---
   at Microsoft.EntityFrameworkCore.Storage.ExecutionStrategy.ExecuteImplementationAsync[TState,TResult](Func`4 operation, Func`4 verifySucceeded, TState state, CancellationToken cancellationToken)
   at Microsoft.EntityFrameworkCore.Storage.ExecutionStrategy.ExecuteImplementationAsync[TState,TResult](Func`4 operation, Func`4 verifySucceeded, TState state, CancellationToken cancellationToken)
   at Microsoft.EntityFrameworkCore.Storage.ExecutionStrategy.ExecuteAsync[TState,TResult](TState state, Func`4 operation, Func`4 verifySucceeded, CancellationToken cancellationToken)
   at Microsoft.EntityFrameworkCore.Query.Internal.SingleQueryingEnumerable`1.AsyncEnumerator.MoveNextAsync()
   at Microsoft.EntityFrameworkCore.Query.ShapedQueryCompilingExpressionVisitor.SingleOrDefaultAsync[TSource](IAsyncEnumerable`1 asyncEnumerable, CancellationToken cancellationToken)
   at Microsoft.EntityFrameworkCore.Query.ShapedQueryCompilingExpressionVisitor.SingleOrDefaultAsync[TSource](IAsyncEnumerable`1 asyncEnumerable, CancellationToken cancellationToken)
   at LmsPortal.API.Controllers.LearningController.GetLearningState() in C:\Users\kaustubh.bhatlawande\Desktop\LMS Portal - Copy\backend\LmsPortal.API\Controllers\LearningController.cs:line 51
   at Microsoft.AspNetCore.Mvc.Infrastructure.ActionMethodExecutor.TaskOfIActionResultExecutor.Execute(ActionContext actionContext, IActionResultTypeMapper mapper, ObjectMethodExecutor executor, Object controller, Object[] arguments)
   at Microsoft.AspNetCore.Mvc.Infrastructure.ControllerActionInvoker.<InvokeActionMethodAsync>g__Awaited|12_0(ControllerActionInvoker invoker, ValueTask`1 actionResultValueTask)
   at Microsoft.AspNetCore.Mvc.Infrastructure.ControllerActionInvoker.<InvokeNextActionFilterAsync>g__Awaited|10_0(ControllerActionInvoker invoker, Task lastTask, State next, Scope scope, Object state, Boolean isCompleted)
   at Microsoft.AspNetCore.Mvc.Infrastructure.ControllerActionInvoker.Rethrow(ActionExecutedContextSealed context)
   at Microsoft.AspNetCore.Mvc.Infrastructure.ControllerActionInvoker.Next(State& next, Scope& scope, Object& state, Boolean& isCompleted)
   at Microsoft.AspNetCore.Mvc.Infrastructure.ControllerActionInvoker.<InvokeInnerFilterAsync>g__Awaited|13_0(ControllerActionInvoker invoker, Task lastTask, State next, Scope scope, Object state, Boolean isCompleted)
   at Microsoft.AspNetCore.Mvc.Infrastructure.ResourceInvoker.<InvokeFilterPipelineAsync>g__Awaited|20_0(ResourceInvoker invoker, Task lastTask, State next, Scope scope, Object state, Boolean isCompleted)
   at Microsoft.AspNetCore.Mvc.Infrastructure.ResourceInvoker.<InvokeAsync>g__Logged|17_1(ResourceInvoker invoker)
   at Microsoft.AspNetCore.Mvc.Infrastructure.ResourceInvoker.<InvokeAsync>g__Logged|17_1(ResourceInvoker invoker)
   at Microsoft.AspNetCore.Routing.EndpointMiddleware.<Invoke>g__AwaitRequestTask|7_0(Endpoint endpoint, Task requestTask, ILogger logger)
   at Microsoft.AspNetCore.Authorization.AuthorizationMiddleware.Invoke(HttpContext context)
   at Microsoft.AspNetCore.Authentication.AuthenticationMiddleware.Invoke(HttpContext context)
   at Serilog.AspNetCore.RequestLoggingMiddleware.Invoke(HttpContext httpContext)
   at Swashbuckle.AspNetCore.SwaggerUI.SwaggerUIMiddleware.Invoke(HttpContext httpContext)
   at Swashbuckle.AspNetCore.Swagger.SwaggerMiddleware.Invoke(HttpContext httpContext, ISwaggerProvider swaggerProvider)
   at Microsoft.AspNetCore.Diagnostics.DeveloperExceptionPageMiddlewareImpl.Invoke(HttpContext context)
ClientConnectionId:86d09a08-8227-4c7d-b1c8-3695e29fd143
Error Number:207,State:1,Class:16
2026-08-04 12:35:09.567 +05:30 [INF] Request finished HTTP/1.1 GET http://localhost:5000/api/learning/state - 500 null text/plain; charset=utf-8 293.659ms
2026-08-04 12:35:10.445 +05:30 [INF] Request starting HTTP/1.1 GET http://localhost:5000/api/learning/state - application/json null
2026-08-04 12:35:10.445 +05:30 [INF] Executing endpoint 'LmsPortal.API.Controllers.LearningController.GetLearningState (LmsPortal.API)'
2026-08-04 12:35:10.445 +05:30 [INF] Route matched with {action = "GetLearningState", controller = "Learning"}. Executing controller action with signature System.Threading.Tasks.Task`1[Microsoft.AspNetCore.Mvc.IActionResult] GetLearningState() on controller LmsPortal.API.Controllers.LearningController (LmsPortal.API).
2026-08-04 12:35:10.460 +05:30 [INF] Executed DbCommand (14ms) [Parameters=[@__userId_0='?' (DbType = Int32)], CommandType='"Text"', CommandTimeout='30']
SELECT TOP(1) [e].[Id], [e].[CreatedAt], [e].[CreatedBy], [e].[DepartmentCode], [e].[DepartmentId], [e].[DesignationCode], [e].[DesignationId], [e].[EmployeeCode], [e].[EmploymentStatus], [e].[FirstName], [e].[IsDeleted], [e].[IsMasterTester], [e].[JoiningDate], [e].[LastName], [e].[MiddleName], [e].[OfficeCode], [e].[OfficeId], [e].[OfficialEmail], [e].[RowVersion], [e].[UpdatedAt], [e].[UpdatedBy], [e].[UserId], [d0].[Id], [d0].[CreatedAt], [d0].[CreatedBy], [d0].[DepartmentCode], [d0].[DepartmentName], [d0].[Description], [d0].[IsActive], [d0].[IsDeleted], [d0].[RowVersion], [d0].[UpdatedAt], [d0].[UpdatedBy], [d2].[Id], [d2].[CreatedAt], [d2].[CreatedBy], [d2].[DesignationCode], [d2].[GradeLevel], [d2].[IsActive], [d2].[IsDeleted], [d2].[RowVersion], [d2].[Title], [d2].[UpdatedAt], [d2].[UpdatedBy], [o0].[Id], [o0].[City], [o0].[Country], [o0].[CreatedAt], [o0].[CreatedBy], [o0].[IsActive], [o0].[IsDeleted], [o0].[OfficeCode], [o0].[OfficeName], [o0].[RowVersion], [o0].[State], [o0].[UpdatedAt], [o0].[UpdatedBy]
FROM [emp].[Employees] AS [e]
INNER JOIN (
    SELECT [d].[Id], [d].[CreatedAt], [d].[CreatedBy], [d].[DepartmentCode], [d].[DepartmentName], [d].[Description], [d].[IsActive], [d].[IsDeleted], [d].[RowVersion], [d].[UpdatedAt], [d].[UpdatedBy]
    FROM [org].[Departments] AS [d]
    WHERE [d].[IsDeleted] = CAST(0 AS bit)
) AS [d0] ON [e].[DepartmentId] = [d0].[Id]
INNER JOIN (
    SELECT [d1].[Id], [d1].[CreatedAt], [d1].[CreatedBy], [d1].[DesignationCode], [d1].[GradeLevel], [d1].[IsActive], [d1].[IsDeleted], [d1].[RowVersion], [d1].[Title], [d1].[UpdatedAt], [d1].[UpdatedBy]
    FROM [org].[Designations] AS [d1]
    WHERE [d1].[IsDeleted] = CAST(0 AS bit)
) AS [d2] ON [e].[DesignationId] = [d2].[Id]
INNER JOIN (
    SELECT [o].[Id], [o].[City], [o].[Country], [o].[CreatedAt], [o].[CreatedBy], [o].[IsActive], [o].[IsDeleted], [o].[OfficeCode], [o].[OfficeName], [o].[RowVersion], [o].[State], [o].[UpdatedAt], [o].[UpdatedBy]
    FROM [org].[Offices] AS [o]
    WHERE [o].[IsDeleted] = CAST(0 AS bit)
) AS [o0] ON [e].[OfficeId] = [o0].[Id]
WHERE [e].[IsDeleted] = CAST(0 AS bit) AND [e].[UserId] = @__userId_0 AND [e].[IsDeleted] = CAST(0 AS bit)
2026-08-04 12:35:10.474 +05:30 [ERR] Failed executing DbCommand (7ms) [Parameters=[], CommandType='"Text"', CommandTimeout='30']
SELECT [c0].[Id], [c0].[CourseCode], [c0].[CreatedAt], [c0].[CreatedBy], [c0].[Description], [c0].[IsDeleted], [c0].[IsPublished], [c0].[PassingScorePercentage], [c0].[RowVersion], [c0].[Title], [c0].[UpdatedAt], [c0].[UpdatedBy], [s0].[Id], [s0].[CourseId], [s0].[CreatedAt], [s0].[CreatedBy], [s0].[Description], [s0].[IsDeleted], [s0].[ModuleCode], [s0].[ModuleType], [s0].[RowVersion], [s0].[SortOrder], [s0].[TargetDepartmentId], [s0].[Title], [s0].[UpdatedAt], [s0].[UpdatedBy], [s0].[Id0], [s0].[CreatedAt0], [s0].[CreatedBy0], [s0].[DepartmentCode], [s0].[DepartmentName], [s0].[Description0], [s0].[IsActive], [s0].[IsDeleted0], [s0].[RowVersion0], [s0].[UpdatedAt0], [s0].[UpdatedBy0], [s0].[Id1], [s0].[ContentType], [s0].[CreatedAt1], [s0].[CreatedBy1], [s0].[Description1], [s0].[IsDeleted1], [s0].[LessonCode], [s0].[MinDurationSeconds], [s0].[ModuleId], [s0].[RowVersion1], [s0].[SortOrder0], [s0].[Title0], [s0].[UpdatedAt1], [s0].[UpdatedBy1], [s0].[Id00], [s0].[CreatedAt00], [s0].[CreatedBy00], [s0].[DisplayOrder], [s0].[DurationSeconds], [s0].[FileName], [s0].[FileSizeByte], [s0].[FileType], [s0].[IsDeleted00], [s0].[IsPrimary], [s0].[LessonId], [s0].[MimeType], [s0].[RowVersion00], [s0].[SharePointUrl], [s0].[UpdatedAt00], [s0].[UpdatedBy00], [s2].[Id], [s2].[AssessmentCode], [s2].[CourseId], [s2].[CreatedAt], [s2].[CreatedBy], [s2].[Description], [s2].[IsDeleted], [s2].[IsPublished], [s2].[PassingScorePercentage], [s2].[RowVersion], [s2].[TimeLimitMinutes], [s2].[Title], [s2].[UpdatedAt], [s2].[UpdatedBy], [s2].[Id0], [s2].[AssessmentId], [s2].[CreatedAt0], [s2].[CreatedBy0], [s2].[Explanation], [s2].[IsDeleted0], [s2].[ModuleId], [s2].[Points], [s2].[QuestionText], [s2].[RowVersion0], [s2].[SortOrder], [s2].[UpdatedAt0], [s2].[UpdatedBy0], [s2].[Id00], [s2].[CreatedAt00], [s2].[CreatedBy00], [s2].[IsCorrect], [s2].[IsDeleted00], [s2].[OptionText], [s2].[QuestionId], [s2].[RowVersion00], [s2].[SortOrder0], [s2].[UpdatedAt00], [s2].[UpdatedBy00]
FROM (
    SELECT TOP(1) [c].[Id], [c].[CourseCode], [c].[CreatedAt], [c].[CreatedBy], [c].[Description], [c].[IsDeleted], [c].[IsPublished], [c].[PassingScorePercentage], [c].[RowVersion], [c].[Title], [c].[UpdatedAt], [c].[UpdatedBy]
    FROM [lms].[Courses] AS [c]
    WHERE [c].[IsDeleted] = CAST(0 AS bit)
) AS [c0]
LEFT JOIN (
    SELECT [m].[Id], [m].[CourseId], [m].[CreatedAt], [m].[CreatedBy], [m].[Description], [m].[IsDeleted], [m].[ModuleCode], [m].[ModuleType], [m].[RowVersion], [m].[SortOrder], [m].[TargetDepartmentId], [m].[Title], [m].[UpdatedAt], [m].[UpdatedBy], [d0].[Id] AS [Id0], [d0].[CreatedAt] AS [CreatedAt0], [d0].[CreatedBy] AS [CreatedBy0], [d0].[DepartmentCode], [d0].[DepartmentName], [d0].[Description] AS [Description0], [d0].[IsActive], [d0].[IsDeleted] AS [IsDeleted0], [d0].[RowVersion] AS [RowVersion0], [d0].[UpdatedAt] AS [UpdatedAt0], [d0].[UpdatedBy] AS [UpdatedBy0], [s].[Id] AS [Id1], [s].[ContentType], [s].[CreatedAt] AS [CreatedAt1], [s].[CreatedBy] AS [CreatedBy1], [s].[Description] AS [Description1], [s].[IsDeleted] AS [IsDeleted1], [s].[LessonCode], [s].[MinDurationSeconds], [s].[ModuleId], [s].[RowVersion] AS [RowVersion1], [s].[SortOrder] AS [SortOrder0], [s].[Title] AS [Title0], [s].[UpdatedAt] AS [UpdatedAt1], [s].[UpdatedBy] AS [UpdatedBy1], [s].[Id0] AS [Id00], [s].[CreatedAt0] AS [CreatedAt00], [s].[CreatedBy0] AS [CreatedBy00], [s].[DisplayOrder], [s].[DurationSeconds], [s].[FileName], [s].[FileSizeByte], [s].[FileType], [s].[IsDeleted0] AS [IsDeleted00], [s].[IsPrimary], [s].[LessonId], [s].[MimeType], [s].[RowVersion0] AS [RowVersion00], [s].[SharePointUrl], [s].[UpdatedAt0] AS [UpdatedAt00], [s].[UpdatedBy0] AS [UpdatedBy00]
    FROM [lms].[Modules] AS [m]
    LEFT JOIN (
        SELECT [d].[Id], [d].[CreatedAt], [d].[CreatedBy], [d].[DepartmentCode], [d].[DepartmentName], [d].[Description], [d].[IsActive], [d].[IsDeleted], [d].[RowVersion], [d].[UpdatedAt], [d].[UpdatedBy]
        FROM [org].[Departments] AS [d]
        WHERE [d].[IsDeleted] = CAST(0 AS bit)
    ) AS [d0] ON [m].[TargetDepartmentId] = [d0].[Id]
    LEFT JOIN (
        SELECT [l].[Id], [l].[ContentType], [l].[CreatedAt], [l].[CreatedBy], [l].[Description], [l].[IsDeleted], [l].[LessonCode], [l].[MinDurationSeconds], [l].[ModuleId], [l].[RowVersion], [l].[SortOrder], [l].[Title], [l].[UpdatedAt], [l].[UpdatedBy], [l1].[Id] AS [Id0], [l1].[CreatedAt] AS [CreatedAt0], [l1].[CreatedBy] AS [CreatedBy0], [l1].[DisplayOrder], [l1].[DurationSeconds], [l1].[FileName], [l1].[FileSizeByte], [l1].[FileType], [l1].[IsDeleted] AS [IsDeleted0], [l1].[IsPrimary], [l1].[LessonId], [l1].[MimeType], [l1].[RowVersion] AS [RowVersion0], [l1].[SharePointUrl], [l1].[UpdatedAt] AS [UpdatedAt0], [l1].[UpdatedBy] AS [UpdatedBy0]
        FROM [lms].[Lessons] AS [l]
        LEFT JOIN (
            SELECT [l0].[Id], [l0].[CreatedAt], [l0].[CreatedBy], [l0].[DisplayOrder], [l0].[DurationSeconds], [l0].[FileName], [l0].[FileSizeByte], [l0].[FileType], [l0].[IsDeleted], [l0].[IsPrimary], [l0].[LessonId], [l0].[MimeType], [l0].[RowVersion], [l0].[SharePointUrl], [l0].[UpdatedAt], [l0].[UpdatedBy]
            FROM [lms].[LessonFiles] AS [l0]
            WHERE [l0].[IsDeleted] = CAST(0 AS bit)
        ) AS [l1] ON [l].[Id] = [l1].[LessonId]
        WHERE [l].[IsDeleted] = CAST(0 AS bit)
    ) AS [s] ON [m].[Id] = [s].[ModuleId]
    WHERE [m].[IsDeleted] = CAST(0 AS bit)
) AS [s0] ON [c0].[Id] = [s0].[CourseId]
LEFT JOIN (
    SELECT [a].[Id], [a].[AssessmentCode], [a].[CourseId], [a].[CreatedAt], [a].[CreatedBy], [a].[Description], [a].[IsDeleted], [a].[IsPublished], [a].[PassingScorePercentage], [a].[RowVersion], [a].[TimeLimitMinutes], [a].[Title], [a].[UpdatedAt], [a].[UpdatedBy], [s1].[Id] AS [Id0], [s1].[AssessmentId], [s1].[CreatedAt] AS [CreatedAt0], [s1].[CreatedBy] AS [CreatedBy0], [s1].[Explanation], [s1].[IsDeleted] AS [IsDeleted0], [s1].[ModuleId], [s1].[Points], [s1].[QuestionText], [s1].[RowVersion] AS [RowVersion0], [s1].[SortOrder], [s1].[UpdatedAt] AS [UpdatedAt0], [s1].[UpdatedBy] AS [UpdatedBy0], [s1].[Id0] AS [Id00], [s1].[CreatedAt0] AS [CreatedAt00], [s1].[CreatedBy0] AS [CreatedBy00], [s1].[IsCorrect], [s1].[IsDeleted0] AS [IsDeleted00], [s1].[OptionText], [s1].[QuestionId], [s1].[RowVersion0] AS [RowVersion00], [s1].[SortOrder0], [s1].[UpdatedAt0] AS [UpdatedAt00], [s1].[UpdatedBy0] AS [UpdatedBy00]
    FROM [eval].[Assessments] AS [a]
    LEFT JOIN (
        SELECT [a0].[Id], [a0].[AssessmentId], [a0].[CreatedAt], [a0].[CreatedBy], [a0].[Explanation], [a0].[IsDeleted], [a0].[ModuleId], [a0].[Points], [a0].[QuestionText], [a0].[RowVersion], [a0].[SortOrder], [a0].[UpdatedAt], [a0].[UpdatedBy], [q0].[Id] AS [Id0], [q0].[CreatedAt] AS [CreatedAt0], [q0].[CreatedBy] AS [CreatedBy0], [q0].[IsCorrect], [q0].[IsDeleted] AS [IsDeleted0], [q0].[OptionText], [q0].[QuestionId], [q0].[RowVersion] AS [RowVersion0], [q0].[SortOrder] AS [SortOrder0], [q0].[UpdatedAt] AS [UpdatedAt0], [q0].[UpdatedBy] AS [UpdatedBy0]
        FROM [eval].[AssessmentQuestions] AS [a0]
        LEFT JOIN (
            SELECT [q].[Id], [q].[CreatedAt], [q].[CreatedBy], [q].[IsCorrect], [q].[IsDeleted], [q].[OptionText], [q].[QuestionId], [q].[RowVersion], [q].[SortOrder], [q].[UpdatedAt], [q].[UpdatedBy]
            FROM [eval].[QuestionOptions] AS [q]
            WHERE [q].[IsDeleted] = CAST(0 AS bit)
        ) AS [q0] ON [a0].[Id] = [q0].[QuestionId]
        WHERE [a0].[IsDeleted] = CAST(0 AS bit)
    ) AS [s1] ON [a].[Id] = [s1].[AssessmentId]
    WHERE [a].[IsDeleted] = CAST(0 AS bit)
) AS [s2] ON [c0].[Id] = [s2].[CourseId]
ORDER BY [c0].[Id], [s0].[SortOrder], [s0].[Id], [s0].[Id0], [s0].[SortOrder0], [s0].[Id1], [s0].[Id00], [s2].[Id], [s2].[Id0]
2026-08-04 12:35:10.477 +05:30 [ERR] An exception occurred while iterating over the results of a query for context type 'LmsPortal.API.Data.LmsDbContext'.
Microsoft.Data.SqlClient.SqlException (0x80131904): Invalid column name 'Description'.
Invalid column name 'IsPublished'.
   at Microsoft.Data.SqlClient.SqlCommand.<>c.<ExecuteDbDataReaderAsync>b__211_0(Task`1 result)
   at System.Threading.Tasks.ContinuationResultTaskFromResultTask`2.InnerInvoke()
   at System.Threading.ExecutionContext.RunInternal(ExecutionContext executionContext, ContextCallback callback, Object state)
--- End of stack trace from previous location ---
   at System.Threading.ExecutionContext.RunInternal(ExecutionContext executionContext, ContextCallback callback, Object state)
   at System.Threading.Tasks.Task.ExecuteWithThreadLocal(Task& currentTaskSlot, Thread threadPoolThread)
--- End of stack trace from previous location ---
   at Microsoft.EntityFrameworkCore.Storage.RelationalCommand.ExecuteReaderAsync(RelationalCommandParameterObject parameterObject, CancellationToken cancellationToken)
   at Microsoft.EntityFrameworkCore.Storage.RelationalCommand.ExecuteReaderAsync(RelationalCommandParameterObject parameterObject, CancellationToken cancellationToken)
   at Microsoft.EntityFrameworkCore.Query.Internal.SingleQueryingEnumerable`1.AsyncEnumerator.InitializeReaderAsync(AsyncEnumerator enumerator, CancellationToken cancellationToken)
   at Microsoft.EntityFrameworkCore.Storage.ExecutionStrategy.<>c__DisplayClass30_0`2.<<ExecuteAsync>b__0>d.MoveNext()
--- End of stack trace from previous location ---
   at Microsoft.EntityFrameworkCore.Storage.ExecutionStrategy.ExecuteImplementationAsync[TState,TResult](Func`4 operation, Func`4 verifySucceeded, TState state, CancellationToken cancellationToken)
   at Microsoft.EntityFrameworkCore.Storage.ExecutionStrategy.ExecuteImplementationAsync[TState,TResult](Func`4 operation, Func`4 verifySucceeded, TState state, CancellationToken cancellationToken)
   at Microsoft.EntityFrameworkCore.Storage.ExecutionStrategy.ExecuteAsync[TState,TResult](TState state, Func`4 operation, Func`4 verifySucceeded, CancellationToken cancellationToken)
   at Microsoft.EntityFrameworkCore.Query.Internal.SingleQueryingEnumerable`1.AsyncEnumerator.MoveNextAsync()
ClientConnectionId:86d09a08-8227-4c7d-b1c8-3695e29fd143
Error Number:207,State:1,Class:16
Microsoft.Data.SqlClient.SqlException (0x80131904): Invalid column name 'Description'.
Invalid column name 'IsPublished'.
   at Microsoft.Data.SqlClient.SqlCommand.<>c.<ExecuteDbDataReaderAsync>b__211_0(Task`1 result)
   at System.Threading.Tasks.ContinuationResultTaskFromResultTask`2.InnerInvoke()
   at System.Threading.ExecutionContext.RunInternal(ExecutionContext executionContext, ContextCallback callback, Object state)
--- End of stack trace from previous location ---
   at System.Threading.ExecutionContext.RunInternal(ExecutionContext executionContext, ContextCallback callback, Object state)
   at System.Threading.Tasks.Task.ExecuteWithThreadLocal(Task& currentTaskSlot, Thread threadPoolThread)
--- End of stack trace from previous location ---
   at Microsoft.EntityFrameworkCore.Storage.RelationalCommand.ExecuteReaderAsync(RelationalCommandParameterObject parameterObject, CancellationToken cancellationToken)
   at Microsoft.EntityFrameworkCore.Storage.RelationalCommand.ExecuteReaderAsync(RelationalCommandParameterObject parameterObject, CancellationToken cancellationToken)
   at Microsoft.EntityFrameworkCore.Query.Internal.SingleQueryingEnumerable`1.AsyncEnumerator.InitializeReaderAsync(AsyncEnumerator enumerator, CancellationToken cancellationToken)
   at Microsoft.EntityFrameworkCore.Storage.ExecutionStrategy.<>c__DisplayClass30_0`2.<<ExecuteAsync>b__0>d.MoveNext()
--- End of stack trace from previous location ---
   at Microsoft.EntityFrameworkCore.Storage.ExecutionStrategy.ExecuteImplementationAsync[TState,TResult](Func`4 operation, Func`4 verifySucceeded, TState state, CancellationToken cancellationToken)
   at Microsoft.EntityFrameworkCore.Storage.ExecutionStrategy.ExecuteImplementationAsync[TState,TResult](Func`4 operation, Func`4 verifySucceeded, TState state, CancellationToken cancellationToken)
   at Microsoft.EntityFrameworkCore.Storage.ExecutionStrategy.ExecuteAsync[TState,TResult](TState state, Func`4 operation, Func`4 verifySucceeded, CancellationToken cancellationToken)
   at Microsoft.EntityFrameworkCore.Query.Internal.SingleQueryingEnumerable`1.AsyncEnumerator.MoveNextAsync()
ClientConnectionId:86d09a08-8227-4c7d-b1c8-3695e29fd143
Error Number:207,State:1,Class:16
2026-08-04 12:35:10.478 +05:30 [INF] Executed action LmsPortal.API.Controllers.LearningController.GetLearningState (LmsPortal.API) in 32.2631ms
2026-08-04 12:35:10.478 +05:30 [INF] Executed endpoint 'LmsPortal.API.Controllers.LearningController.GetLearningState (LmsPortal.API)'
2026-08-04 12:35:10.478 +05:30 [ERR] HTTP GET /api/learning/state responded 500 in 32.9106 ms
Microsoft.Data.SqlClient.SqlException (0x80131904): Invalid column name 'Description'.
Invalid column name 'IsPublished'.
   at Microsoft.Data.SqlClient.SqlCommand.<>c.<ExecuteDbDataReaderAsync>b__211_0(Task`1 result)
   at System.Threading.Tasks.ContinuationResultTaskFromResultTask`2.InnerInvoke()
   at System.Threading.ExecutionContext.RunInternal(ExecutionContext executionContext, ContextCallback callback, Object state)
--- End of stack trace from previous location ---
   at System.Threading.ExecutionContext.RunInternal(ExecutionContext executionContext, ContextCallback callback, Object state)
   at System.Threading.Tasks.Task.ExecuteWithThreadLocal(Task& currentTaskSlot, Thread threadPoolThread)
--- End of stack trace from previous location ---
   at Microsoft.EntityFrameworkCore.Storage.RelationalCommand.ExecuteReaderAsync(RelationalCommandParameterObject parameterObject, CancellationToken cancellationToken)
   at Microsoft.EntityFrameworkCore.Storage.RelationalCommand.ExecuteReaderAsync(RelationalCommandParameterObject parameterObject, CancellationToken cancellationToken)
   at Microsoft.EntityFrameworkCore.Query.Internal.SingleQueryingEnumerable`1.AsyncEnumerator.InitializeReaderAsync(AsyncEnumerator enumerator, CancellationToken cancellationToken)
   at Microsoft.EntityFrameworkCore.Storage.ExecutionStrategy.<>c__DisplayClass30_0`2.<<ExecuteAsync>b__0>d.MoveNext()
--- End of stack trace from previous location ---
   at Microsoft.EntityFrameworkCore.Storage.ExecutionStrategy.ExecuteImplementationAsync[TState,TResult](Func`4 operation, Func`4 verifySucceeded, TState state, CancellationToken cancellationToken)
   at Microsoft.EntityFrameworkCore.Storage.ExecutionStrategy.ExecuteImplementationAsync[TState,TResult](Func`4 operation, Func`4 verifySucceeded, TState state, CancellationToken cancellationToken)
   at Microsoft.EntityFrameworkCore.Storage.ExecutionStrategy.ExecuteAsync[TState,TResult](TState state, Func`4 operation, Func`4 verifySucceeded, CancellationToken cancellationToken)
   at Microsoft.EntityFrameworkCore.Query.Internal.SingleQueryingEnumerable`1.AsyncEnumerator.MoveNextAsync()
   at Microsoft.EntityFrameworkCore.Query.ShapedQueryCompilingExpressionVisitor.SingleOrDefaultAsync[TSource](IAsyncEnumerable`1 asyncEnumerable, CancellationToken cancellationToken)
   at Microsoft.EntityFrameworkCore.Query.ShapedQueryCompilingExpressionVisitor.SingleOrDefaultAsync[TSource](IAsyncEnumerable`1 asyncEnumerable, CancellationToken cancellationToken)
   at LmsPortal.API.Controllers.LearningController.GetLearningState() in C:\Users\kaustubh.bhatlawande\Desktop\LMS Portal - Copy\backend\LmsPortal.API\Controllers\LearningController.cs:line 51
   at Microsoft.AspNetCore.Mvc.Infrastructure.ActionMethodExecutor.TaskOfIActionResultExecutor.Execute(ActionContext actionContext, IActionResultTypeMapper mapper, ObjectMethodExecutor executor, Object controller, Object[] arguments)
   at Microsoft.AspNetCore.Mvc.Infrastructure.ControllerActionInvoker.<InvokeActionMethodAsync>g__Awaited|12_0(ControllerActionInvoker invoker, ValueTask`1 actionResultValueTask)
   at Microsoft.AspNetCore.Mvc.Infrastructure.ControllerActionInvoker.<InvokeNextActionFilterAsync>g__Awaited|10_0(ControllerActionInvoker invoker, Task lastTask, State next, Scope scope, Object state, Boolean isCompleted)
   at Microsoft.AspNetCore.Mvc.Infrastructure.ControllerActionInvoker.Rethrow(ActionExecutedContextSealed context)
   at Microsoft.AspNetCore.Mvc.Infrastructure.ControllerActionInvoker.Next(State& next, Scope& scope, Object& state, Boolean& isCompleted)
   at Microsoft.AspNetCore.Mvc.Infrastructure.ControllerActionInvoker.<InvokeInnerFilterAsync>g__Awaited|13_0(ControllerActionInvoker invoker, Task lastTask, State next, Scope scope, Object state, Boolean isCompleted)
   at Microsoft.AspNetCore.Mvc.Infrastructure.ResourceInvoker.<InvokeFilterPipelineAsync>g__Awaited|20_0(ResourceInvoker invoker, Task lastTask, State next, Scope scope, Object state, Boolean isCompleted)
   at Microsoft.AspNetCore.Mvc.Infrastructure.ResourceInvoker.<InvokeAsync>g__Logged|17_1(ResourceInvoker invoker)
   at Microsoft.AspNetCore.Mvc.Infrastructure.ResourceInvoker.<InvokeAsync>g__Logged|17_1(ResourceInvoker invoker)
   at Microsoft.AspNetCore.Routing.EndpointMiddleware.<Invoke>g__AwaitRequestTask|7_0(Endpoint endpoint, Task requestTask, ILogger logger)
   at Microsoft.AspNetCore.Authorization.AuthorizationMiddleware.Invoke(HttpContext context)
   at Microsoft.AspNetCore.Authentication.AuthenticationMiddleware.Invoke(HttpContext context)
   at Serilog.AspNetCore.RequestLoggingMiddleware.Invoke(HttpContext httpContext)
ClientConnectionId:86d09a08-8227-4c7d-b1c8-3695e29fd143
Error Number:207,State:1,Class:16
2026-08-04 12:35:10.486 +05:30 [ERR] An unhandled exception has occurred while executing the request.
Microsoft.Data.SqlClient.SqlException (0x80131904): Invalid column name 'Description'.
Invalid column name 'IsPublished'.
   at Microsoft.Data.SqlClient.SqlCommand.<>c.<ExecuteDbDataReaderAsync>b__211_0(Task`1 result)
   at System.Threading.Tasks.ContinuationResultTaskFromResultTask`2.InnerInvoke()
   at System.Threading.ExecutionContext.RunInternal(ExecutionContext executionContext, ContextCallback callback, Object state)
--- End of stack trace from previous location ---
   at System.Threading.ExecutionContext.RunInternal(ExecutionContext executionContext, ContextCallback callback, Object state)
   at System.Threading.Tasks.Task.ExecuteWithThreadLocal(Task& currentTaskSlot, Thread threadPoolThread)
--- End of stack trace from previous location ---
   at Microsoft.EntityFrameworkCore.Storage.RelationalCommand.ExecuteReaderAsync(RelationalCommandParameterObject parameterObject, CancellationToken cancellationToken)
   at Microsoft.EntityFrameworkCore.Storage.RelationalCommand.ExecuteReaderAsync(RelationalCommandParameterObject parameterObject, CancellationToken cancellationToken)
   at Microsoft.EntityFrameworkCore.Query.Internal.SingleQueryingEnumerable`1.AsyncEnumerator.InitializeReaderAsync(AsyncEnumerator enumerator, CancellationToken cancellationToken)
   at Microsoft.EntityFrameworkCore.Storage.ExecutionStrategy.<>c__DisplayClass30_0`2.<<ExecuteAsync>b__0>d.MoveNext()
--- End of stack trace from previous location ---
   at Microsoft.EntityFrameworkCore.Storage.ExecutionStrategy.ExecuteImplementationAsync[TState,TResult](Func`4 operation, Func`4 verifySucceeded, TState state, CancellationToken cancellationToken)
   at Microsoft.EntityFrameworkCore.Storage.ExecutionStrategy.ExecuteImplementationAsync[TState,TResult](Func`4 operation, Func`4 verifySucceeded, TState state, CancellationToken cancellationToken)
   at Microsoft.EntityFrameworkCore.Storage.ExecutionStrategy.ExecuteAsync[TState,TResult](TState state, Func`4 operation, Func`4 verifySucceeded, CancellationToken cancellationToken)
   at Microsoft.EntityFrameworkCore.Query.Internal.SingleQueryingEnumerable`1.AsyncEnumerator.MoveNextAsync()
   at Microsoft.EntityFrameworkCore.Query.ShapedQueryCompilingExpressionVisitor.SingleOrDefaultAsync[TSource](IAsyncEnumerable`1 asyncEnumerable, CancellationToken cancellationToken)
   at Microsoft.EntityFrameworkCore.Query.ShapedQueryCompilingExpressionVisitor.SingleOrDefaultAsync[TSource](IAsyncEnumerable`1 asyncEnumerable, CancellationToken cancellationToken)
   at LmsPortal.API.Controllers.LearningController.GetLearningState() in C:\Users\kaustubh.bhatlawande\Desktop\LMS Portal - Copy\backend\LmsPortal.API\Controllers\LearningController.cs:line 51
   at Microsoft.AspNetCore.Mvc.Infrastructure.ActionMethodExecutor.TaskOfIActionResultExecutor.Execute(ActionContext actionContext, IActionResultTypeMapper mapper, ObjectMethodExecutor executor, Object controller, Object[] arguments)
   at Microsoft.AspNetCore.Mvc.Infrastructure.ControllerActionInvoker.<InvokeActionMethodAsync>g__Awaited|12_0(ControllerActionInvoker invoker, ValueTask`1 actionResultValueTask)
   at Microsoft.AspNetCore.Mvc.Infrastructure.ControllerActionInvoker.<InvokeNextActionFilterAsync>g__Awaited|10_0(ControllerActionInvoker invoker, Task lastTask, State next, Scope scope, Object state, Boolean isCompleted)
   at Microsoft.AspNetCore.Mvc.Infrastructure.ControllerActionInvoker.Rethrow(ActionExecutedContextSealed context)
   at Microsoft.AspNetCore.Mvc.Infrastructure.ControllerActionInvoker.Next(State& next, Scope& scope, Object& state, Boolean& isCompleted)
   at Microsoft.AspNetCore.Mvc.Infrastructure.ControllerActionInvoker.<InvokeInnerFilterAsync>g__Awaited|13_0(ControllerActionInvoker invoker, Task lastTask, State next, Scope scope, Object state, Boolean isCompleted)
   at Microsoft.AspNetCore.Mvc.Infrastructure.ResourceInvoker.<InvokeFilterPipelineAsync>g__Awaited|20_0(ResourceInvoker invoker, Task lastTask, State next, Scope scope, Object state, Boolean isCompleted)
   at Microsoft.AspNetCore.Mvc.Infrastructure.ResourceInvoker.<InvokeAsync>g__Logged|17_1(ResourceInvoker invoker)
   at Microsoft.AspNetCore.Mvc.Infrastructure.ResourceInvoker.<InvokeAsync>g__Logged|17_1(ResourceInvoker invoker)
   at Microsoft.AspNetCore.Routing.EndpointMiddleware.<Invoke>g__AwaitRequestTask|7_0(Endpoint endpoint, Task requestTask, ILogger logger)
   at Microsoft.AspNetCore.Authorization.AuthorizationMiddleware.Invoke(HttpContext context)
   at Microsoft.AspNetCore.Authentication.AuthenticationMiddleware.Invoke(HttpContext context)
   at Serilog.AspNetCore.RequestLoggingMiddleware.Invoke(HttpContext httpContext)
   at Swashbuckle.AspNetCore.SwaggerUI.SwaggerUIMiddleware.Invoke(HttpContext httpContext)
   at Swashbuckle.AspNetCore.Swagger.SwaggerMiddleware.Invoke(HttpContext httpContext, ISwaggerProvider swaggerProvider)
   at Microsoft.AspNetCore.Diagnostics.DeveloperExceptionPageMiddlewareImpl.Invoke(HttpContext context)
ClientConnectionId:86d09a08-8227-4c7d-b1c8-3695e29fd143
Error Number:207,State:1,Class:16
2026-08-04 12:35:10.494 +05:30 [INF] Request finished HTTP/1.1 GET http://localhost:5000/api/learning/state - 500 null text/plain; charset=utf-8 49.7419ms
2026-08-04 12:35:17.878 +05:30 [INF] Request starting HTTP/1.1 POST http://localhost:5000/api/auth/login/hr - application/json 42
2026-08-04 12:35:17.878 +05:30 [INF] Executing endpoint 'LmsPortal.API.Controllers.AuthController.LoginHR (LmsPortal.API)'
2026-08-04 12:35:17.878 +05:30 [INF] Route matched with {action = "LoginHR", controller = "Auth"}. Executing controller action with signature System.Threading.Tasks.Task`1[Microsoft.AspNetCore.Mvc.IActionResult] LoginHR(LoginDto) on controller LmsPortal.API.Controllers.AuthController (LmsPortal.API).
2026-08-04 12:35:17.881 +05:30 [INF] Executed DbCommand (1ms) [Parameters=[@__ToUpper_0='?' (Size = 4000)], CommandType='"Text"', CommandTimeout='30']
SELECT TOP(1) [u].[Id], [u].[ConcurrencyStamp], [u].[CreatedAt], [u].[CreatedBy], [u].[Email], [u].[IsActive], [u].[IsDeleted], [u].[IsEmailConfirmed], [u].[NormalizedEmail], [u].[NormalizedUsername], [u].[PasswordHash], [u].[PhoneNumber], [u].[RoleId], [u].[RowVersion], [u].[SecurityStamp], [u].[UpdatedAt], [u].[UpdatedBy], [u].[Username], [r0].[Id], [r0].[CreatedAt], [r0].[CreatedBy], [r0].[Description], [r0].[IsDeleted], [r0].[NormalizedRoleName], [r0].[RoleName], [r0].[RowVersion], [r0].[UpdatedAt], [r0].[UpdatedBy]
FROM [sec].[Users] AS [u]
INNER JOIN (
    SELECT [r].[Id], [r].[CreatedAt], [r].[CreatedBy], [r].[Description], [r].[IsDeleted], [r].[NormalizedRoleName], [r].[RoleName], [r].[RowVersion], [r].[UpdatedAt], [r].[UpdatedBy]
    FROM [sec].[Roles] AS [r]
    WHERE [r].[IsDeleted] = CAST(0 AS bit)
) AS [r0] ON [u].[RoleId] = [r0].[Id]
WHERE [u].[IsDeleted] = CAST(0 AS bit) AND [u].[NormalizedUsername] = @__ToUpper_0 AND [u].[IsDeleted] = CAST(0 AS bit)
2026-08-04 12:35:18.019 +05:30 [INF] Executed DbCommand (2ms) [Parameters=[@p0='?' (Size = 4000), @p1='?' (DbType = DateTime2), @p2='?' (Size = 4000), @p3='?' (Size = 4000), @p4='?' (Size = 4000), @p5='?' (Size = 4000), @p6='?' (DbType = Int32)], CommandType='"Text"', CommandTimeout='30']
SET IMPLICIT_TRANSACTIONS OFF;
SET NOCOUNT ON;
INSERT INTO [adm].[ActivityLogs] ([Action], [CreatedAt], [Details], [IpAddress], [Role], [UserAgent], [UserId])
OUTPUT INSERTED.[Id]
VALUES (@p0, @p1, @p2, @p3, @p4, @p5, @p6);
2026-08-04 12:35:18.019 +05:30 [INF] Executing OkObjectResult, writing value of type '<>f__AnonymousType12`4[[System.Boolean, System.Private.CoreLib, Version=10.0.0.0, Culture=neutral, PublicKeyToken=7cec85d7bea7798e],[System.String, System.Private.CoreLib, Version=10.0.0.0, Culture=neutral, PublicKeyToken=7cec85d7bea7798e],[<>f__AnonymousType13`5[[System.Int32, System.Private.CoreLib, Version=10.0.0.0, Culture=neutral, PublicKeyToken=7cec85d7bea7798e],[System.String, System.Private.CoreLib, Version=10.0.0.0, Culture=neutral, PublicKeyToken=7cec85d7bea7798e],[System.String, System.Private.CoreLib, Version=10.0.0.0, Culture=neutral, PublicKeyToken=7cec85d7bea7798e],[System.String, System.Private.CoreLib, Version=10.0.0.0, Culture=neutral, PublicKeyToken=7cec85d7bea7798e],[System.String, System.Private.CoreLib, Version=10.0.0.0, Culture=neutral, PublicKeyToken=7cec85d7bea7798e]], LmsPortal.API, Version=1.0.0.0, Culture=neutral, PublicKeyToken=null],[System.String, System.Private.CoreLib, Version=10.0.0.0, Culture=neutral, PublicKeyToken=7cec85d7bea7798e]]'.
2026-08-04 12:35:18.019 +05:30 [INF] Executed action LmsPortal.API.Controllers.AuthController.LoginHR (LmsPortal.API) in 140.7554ms
2026-08-04 12:35:18.019 +05:30 [INF] Executed endpoint 'LmsPortal.API.Controllers.AuthController.LoginHR (LmsPortal.API)'
2026-08-04 12:35:18.019 +05:30 [INF] HTTP POST /api/auth/login/hr responded 200 in 140.9603 ms
2026-08-04 12:35:18.019 +05:30 [INF] Request finished HTTP/1.1 POST http://localhost:5000/api/auth/login/hr - 200 null application/json; charset=utf-8 141.1621ms
2026-08-04 12:35:21.952 +05:30 [INF] Request starting HTTP/1.1 GET http://localhost:5000/api/reports/dashboard - application/json null
2026-08-04 12:35:21.953 +05:30 [INF] Executing endpoint 'LmsPortal.API.Controllers.ReportsController.GetDashboardStats (LmsPortal.API)'
2026-08-04 12:35:21.960 +05:30 [INF] Route matched with {action = "GetDashboardStats", controller = "Reports"}. Executing controller action with signature System.Threading.Tasks.Task`1[Microsoft.AspNetCore.Mvc.IActionResult] GetDashboardStats() on controller LmsPortal.API.Controllers.ReportsController (LmsPortal.API).
2026-08-04 12:35:21.983 +05:30 [INF] Executed DbCommand (1ms) [Parameters=[], CommandType='"Text"', CommandTimeout='30']
SELECT COUNT(*)
FROM [emp].[Employees] AS [e]
WHERE [e].[IsDeleted] = CAST(0 AS bit)
2026-08-04 12:35:22.019 +05:30 [INF] Executed DbCommand (22ms) [Parameters=[], CommandType='"Text"', CommandTimeout='30']
SELECT COUNT(*)
FROM [emp].[Employees] AS [e]
WHERE [e].[IsDeleted] = CAST(0 AS bit) AND [e].[IsDeleted] = CAST(0 AS bit) AND [e].[EmploymentStatus] = N'ACTIVE'
2026-08-04 12:35:22.035 +05:30 [INF] Executed DbCommand (5ms) [Parameters=[], CommandType='"Text"', CommandTimeout='30']
SELECT COUNT(*)
FROM [cert].[Certificates] AS [c]
WHERE [c].[IsDeleted] = CAST(0 AS bit)
2026-08-04 12:35:22.052 +05:30 [INF] Executed DbCommand (3ms) [Parameters=[], CommandType='"Text"', CommandTimeout='30']
SELECT COUNT(*)
FROM [lms].[Lessons] AS [l]
WHERE [l].[IsDeleted] = CAST(0 AS bit)
2026-08-04 12:35:22.073 +05:30 [INF] Executed DbCommand (3ms) [Parameters=[], CommandType='"Text"', CommandTimeout='30']
SELECT [a].[ScorePercentage], [a].[Passed]
FROM [eval].[AssessmentAttempts] AS [a]
WHERE [a].[IsDeleted] = CAST(0 AS bit)
2026-08-04 12:35:22.106 +05:30 [INF] Executed DbCommand (5ms) [Parameters=[@__p_0='?' (DbType = Int32)], CommandType='"Text"', CommandTimeout='30']
SELECT TOP(@__p_0) [a].[Id], [a].[Action], [a].[Details], [a].[Role], [a].[CreatedAt]
FROM [adm].[ActivityLogs] AS [a]
ORDER BY [a].[CreatedAt] DESC
2026-08-04 12:35:22.174 +05:30 [INF] Executed DbCommand (17ms) [Parameters=[], CommandType='"Text"', CommandTimeout='30']
SELECT [d].[Id], [d].[DepartmentCode], [d].[DepartmentName], [d].[Description], (
    SELECT COUNT(*)
    FROM [emp].[Employees] AS [e]
    WHERE [e].[IsDeleted] = CAST(0 AS bit) AND [d].[Id] = [e].[DepartmentId] AND [e].[IsDeleted] = CAST(0 AS bit)) AS [employeeCount], (
    SELECT COUNT(*)
    FROM [lms].[Modules] AS [m]
    WHERE [m].[IsDeleted] = CAST(0 AS bit) AND [d].[Id] = [m].[TargetDepartmentId] AND [m].[IsDeleted] = CAST(0 AS bit)) AS [moduleCount]
FROM [org].[Departments] AS [d]
WHERE [d].[IsDeleted] = CAST(0 AS bit)
2026-08-04 12:35:22.175 +05:30 [INF] Executing OkObjectResult, writing value of type '<>f__AnonymousType48`10[[System.Boolean, System.Private.CoreLib, Version=10.0.0.0, Culture=neutral, PublicKeyToken=7cec85d7bea7798e],[System.Int32, System.Private.CoreLib, Version=10.0.0.0, Culture=neutral, PublicKeyToken=7cec85d7bea7798e],[System.Int32, System.Private.CoreLib, Version=10.0.0.0, Culture=neutral, PublicKeyToken=7cec85d7bea7798e],[System.Int32, System.Private.CoreLib, Version=10.0.0.0, Culture=neutral, PublicKeyToken=7cec85d7bea7798e],[System.Int32, System.Private.CoreLib, Version=10.0.0.0, Culture=neutral, PublicKeyToken=7cec85d7bea7798e],[System.Int32, System.Private.CoreLib, Version=10.0.0.0, Culture=neutral, PublicKeyToken=7cec85d7bea7798e],[System.Double, System.Private.CoreLib, Version=10.0.0.0, Culture=neutral, PublicKeyToken=7cec85d7bea7798e],[System.Collections.Generic.List`1[[<>f__AnonymousType46`7[[System.Int32, System.Private.CoreLib, Version=10.0.0.0, Culture=neutral, PublicKeyToken=7cec85d7bea7798e],[System.String, System.Private.CoreLib, Version=10.0.0.0, Culture=neutral, PublicKeyToken=7cec85d7bea7798e],[System.String, System.Private.CoreLib, Version=10.0.0.0, Culture=neutral, PublicKeyToken=7cec85d7bea7798e],[System.String, System.Private.CoreLib, Version=10.0.0.0, Culture=neutral, PublicKeyToken=7cec85d7bea7798e],[System.DateTime, System.Private.CoreLib, Version=10.0.0.0, Culture=neutral, PublicKeyToken=7cec85d7bea7798e],[System.Object, System.Private.CoreLib, Version=10.0.0.0, Culture=neutral, PublicKeyToken=7cec85d7bea7798e],[System.Object, System.Private.CoreLib, Version=10.0.0.0, Culture=neutral, PublicKeyToken=7cec85d7bea7798e]], LmsPortal.API, Version=1.0.0.0, Culture=neutral, PublicKeyToken=null]], System.Private.CoreLib, Version=10.0.0.0, Culture=neutral, PublicKeyToken=7cec85d7bea7798e],[System.Int32, System.Private.CoreLib, Version=10.0.0.0, Culture=neutral, PublicKeyToken=7cec85d7bea7798e],[System.Collections.Generic.List`1[[<>f__AnonymousType47`6[[System.Int32, System.Private.CoreLib, Version=10.0.0.0, Culture=neutral, PublicKeyToken=7cec85d7bea7798e],[System.String, System.Private.CoreLib, Version=10.0.0.0, Culture=neutral, PublicKeyToken=7cec85d7bea7798e],[System.String, System.Private.CoreLib, Version=10.0.0.0, Culture=neutral, PublicKeyToken=7cec85d7bea7798e],[System.String, System.Private.CoreLib, Version=10.0.0.0, Culture=neutral, PublicKeyToken=7cec85d7bea7798e],[System.Int32, System.Private.CoreLib, Version=10.0.0.0, Culture=neutral, PublicKeyToken=7cec85d7bea7798e],[System.Int32, System.Private.CoreLib, Version=10.0.0.0, Culture=neutral, PublicKeyToken=7cec85d7bea7798e]], LmsPortal.API, Version=1.0.0.0, Culture=neutral, PublicKeyToken=null]], System.Private.CoreLib, Version=10.0.0.0, Culture=neutral, PublicKeyToken=7cec85d7bea7798e]]'.
2026-08-04 12:35:22.189 +05:30 [INF] Executed action LmsPortal.API.Controllers.ReportsController.GetDashboardStats (LmsPortal.API) in 228.5471ms
2026-08-04 12:35:22.189 +05:30 [INF] Executed endpoint 'LmsPortal.API.Controllers.ReportsController.GetDashboardStats (LmsPortal.API)'
2026-08-04 12:35:22.189 +05:30 [INF] HTTP GET /api/reports/dashboard responded 200 in 236.1731 ms
2026-08-04 12:35:22.189 +05:30 [INF] Request finished HTTP/1.1 GET http://localhost:5000/api/reports/dashboard - 200 null application/json; charset=utf-8 236.5328ms
2026-08-04 12:35:23.469 +05:30 [INF] Request starting HTTP/1.1 GET http://localhost:5000/api/learning/state - application/json null
2026-08-04 12:35:23.470 +05:30 [INF] Executing endpoint 'LmsPortal.API.Controllers.LearningController.GetLearningState (LmsPortal.API)'
2026-08-04 12:35:23.470 +05:30 [INF] Route matched with {action = "GetLearningState", controller = "Learning"}. Executing controller action with signature System.Threading.Tasks.Task`1[Microsoft.AspNetCore.Mvc.IActionResult] GetLearningState() on controller LmsPortal.API.Controllers.LearningController (LmsPortal.API).
2026-08-04 12:35:23.473 +05:30 [INF] Executed DbCommand (2ms) [Parameters=[@__userId_0='?' (DbType = Int32)], CommandType='"Text"', CommandTimeout='30']
SELECT TOP(1) [e].[Id], [e].[CreatedAt], [e].[CreatedBy], [e].[DepartmentCode], [e].[DepartmentId], [e].[DesignationCode], [e].[DesignationId], [e].[EmployeeCode], [e].[EmploymentStatus], [e].[FirstName], [e].[IsDeleted], [e].[IsMasterTester], [e].[JoiningDate], [e].[LastName], [e].[MiddleName], [e].[OfficeCode], [e].[OfficeId], [e].[OfficialEmail], [e].[RowVersion], [e].[UpdatedAt], [e].[UpdatedBy], [e].[UserId], [d0].[Id], [d0].[CreatedAt], [d0].[CreatedBy], [d0].[DepartmentCode], [d0].[DepartmentName], [d0].[Description], [d0].[IsActive], [d0].[IsDeleted], [d0].[RowVersion], [d0].[UpdatedAt], [d0].[UpdatedBy], [d2].[Id], [d2].[CreatedAt], [d2].[CreatedBy], [d2].[DesignationCode], [d2].[GradeLevel], [d2].[IsActive], [d2].[IsDeleted], [d2].[RowVersion], [d2].[Title], [d2].[UpdatedAt], [d2].[UpdatedBy], [o0].[Id], [o0].[City], [o0].[Country], [o0].[CreatedAt], [o0].[CreatedBy], [o0].[IsActive], [o0].[IsDeleted], [o0].[OfficeCode], [o0].[OfficeName], [o0].[RowVersion], [o0].[State], [o0].[UpdatedAt], [o0].[UpdatedBy]
FROM [emp].[Employees] AS [e]
INNER JOIN (
    SELECT [d].[Id], [d].[CreatedAt], [d].[CreatedBy], [d].[DepartmentCode], [d].[DepartmentName], [d].[Description], [d].[IsActive], [d].[IsDeleted], [d].[RowVersion], [d].[UpdatedAt], [d].[UpdatedBy]
    FROM [org].[Departments] AS [d]
    WHERE [d].[IsDeleted] = CAST(0 AS bit)
) AS [d0] ON [e].[DepartmentId] = [d0].[Id]
INNER JOIN (
    SELECT [d1].[Id], [d1].[CreatedAt], [d1].[CreatedBy], [d1].[DesignationCode], [d1].[GradeLevel], [d1].[IsActive], [d1].[IsDeleted], [d1].[RowVersion], [d1].[Title], [d1].[UpdatedAt], [d1].[UpdatedBy]
    FROM [org].[Designations] AS [d1]
    WHERE [d1].[IsDeleted] = CAST(0 AS bit)
) AS [d2] ON [e].[DesignationId] = [d2].[Id]
INNER JOIN (
    SELECT [o].[Id], [o].[City], [o].[Country], [o].[CreatedAt], [o].[CreatedBy], [o].[IsActive], [o].[IsDeleted], [o].[OfficeCode], [o].[OfficeName], [o].[RowVersion], [o].[State], [o].[UpdatedAt], [o].[UpdatedBy]
    FROM [org].[Offices] AS [o]
    WHERE [o].[IsDeleted] = CAST(0 AS bit)
) AS [o0] ON [e].[OfficeId] = [o0].[Id]
WHERE [e].[IsDeleted] = CAST(0 AS bit) AND [e].[UserId] = @__userId_0 AND [e].[IsDeleted] = CAST(0 AS bit)
2026-08-04 12:35:23.481 +05:30 [ERR] Failed executing DbCommand (7ms) [Parameters=[], CommandType='"Text"', CommandTimeout='30']
SELECT [c0].[Id], [c0].[CourseCode], [c0].[CreatedAt], [c0].[CreatedBy], [c0].[Description], [c0].[IsDeleted], [c0].[IsPublished], [c0].[PassingScorePercentage], [c0].[RowVersion], [c0].[Title], [c0].[UpdatedAt], [c0].[UpdatedBy], [s0].[Id], [s0].[CourseId], [s0].[CreatedAt], [s0].[CreatedBy], [s0].[Description], [s0].[IsDeleted], [s0].[ModuleCode], [s0].[ModuleType], [s0].[RowVersion], [s0].[SortOrder], [s0].[TargetDepartmentId], [s0].[Title], [s0].[UpdatedAt], [s0].[UpdatedBy], [s0].[Id0], [s0].[CreatedAt0], [s0].[CreatedBy0], [s0].[DepartmentCode], [s0].[DepartmentName], [s0].[Description0], [s0].[IsActive], [s0].[IsDeleted0], [s0].[RowVersion0], [s0].[UpdatedAt0], [s0].[UpdatedBy0], [s0].[Id1], [s0].[ContentType], [s0].[CreatedAt1], [s0].[CreatedBy1], [s0].[Description1], [s0].[IsDeleted1], [s0].[LessonCode], [s0].[MinDurationSeconds], [s0].[ModuleId], [s0].[RowVersion1], [s0].[SortOrder0], [s0].[Title0], [s0].[UpdatedAt1], [s0].[UpdatedBy1], [s0].[Id00], [s0].[CreatedAt00], [s0].[CreatedBy00], [s0].[DisplayOrder], [s0].[DurationSeconds], [s0].[FileName], [s0].[FileSizeByte], [s0].[FileType], [s0].[IsDeleted00], [s0].[IsPrimary], [s0].[LessonId], [s0].[MimeType], [s0].[RowVersion00], [s0].[SharePointUrl], [s0].[UpdatedAt00], [s0].[UpdatedBy00], [s2].[Id], [s2].[AssessmentCode], [s2].[CourseId], [s2].[CreatedAt], [s2].[CreatedBy], [s2].[Description], [s2].[IsDeleted], [s2].[IsPublished], [s2].[PassingScorePercentage], [s2].[RowVersion], [s2].[TimeLimitMinutes], [s2].[Title], [s2].[UpdatedAt], [s2].[UpdatedBy], [s2].[Id0], [s2].[AssessmentId], [s2].[CreatedAt0], [s2].[CreatedBy0], [s2].[Explanation], [s2].[IsDeleted0], [s2].[ModuleId], [s2].[Points], [s2].[QuestionText], [s2].[RowVersion0], [s2].[SortOrder], [s2].[UpdatedAt0], [s2].[UpdatedBy0], [s2].[Id00], [s2].[CreatedAt00], [s2].[CreatedBy00], [s2].[IsCorrect], [s2].[IsDeleted00], [s2].[OptionText], [s2].[QuestionId], [s2].[RowVersion00], [s2].[SortOrder0], [s2].[UpdatedAt00], [s2].[UpdatedBy00]
FROM (
    SELECT TOP(1) [c].[Id], [c].[CourseCode], [c].[CreatedAt], [c].[CreatedBy], [c].[Description], [c].[IsDeleted], [c].[IsPublished], [c].[PassingScorePercentage], [c].[RowVersion], [c].[Title], [c].[UpdatedAt], [c].[UpdatedBy]
    FROM [lms].[Courses] AS [c]
    WHERE [c].[IsDeleted] = CAST(0 AS bit)
) AS [c0]
LEFT JOIN (
    SELECT [m].[Id], [m].[CourseId], [m].[CreatedAt], [m].[CreatedBy], [m].[Description], [m].[IsDeleted], [m].[ModuleCode], [m].[ModuleType], [m].[RowVersion], [m].[SortOrder], [m].[TargetDepartmentId], [m].[Title], [m].[UpdatedAt], [m].[UpdatedBy], [d0].[Id] AS [Id0], [d0].[CreatedAt] AS [CreatedAt0], [d0].[CreatedBy] AS [CreatedBy0], [d0].[DepartmentCode], [d0].[DepartmentName], [d0].[Description] AS [Description0], [d0].[IsActive], [d0].[IsDeleted] AS [IsDeleted0], [d0].[RowVersion] AS [RowVersion0], [d0].[UpdatedAt] AS [UpdatedAt0], [d0].[UpdatedBy] AS [UpdatedBy0], [s].[Id] AS [Id1], [s].[ContentType], [s].[CreatedAt] AS [CreatedAt1], [s].[CreatedBy] AS [CreatedBy1], [s].[Description] AS [Description1], [s].[IsDeleted] AS [IsDeleted1], [s].[LessonCode], [s].[MinDurationSeconds], [s].[ModuleId], [s].[RowVersion] AS [RowVersion1], [s].[SortOrder] AS [SortOrder0], [s].[Title] AS [Title0], [s].[UpdatedAt] AS [UpdatedAt1], [s].[UpdatedBy] AS [UpdatedBy1], [s].[Id0] AS [Id00], [s].[CreatedAt0] AS [CreatedAt00], [s].[CreatedBy0] AS [CreatedBy00], [s].[DisplayOrder], [s].[DurationSeconds], [s].[FileName], [s].[FileSizeByte], [s].[FileType], [s].[IsDeleted0] AS [IsDeleted00], [s].[IsPrimary], [s].[LessonId], [s].[MimeType], [s].[RowVersion0] AS [RowVersion00], [s].[SharePointUrl], [s].[UpdatedAt0] AS [UpdatedAt00], [s].[UpdatedBy0] AS [UpdatedBy00]
    FROM [lms].[Modules] AS [m]
    LEFT JOIN (
        SELECT [d].[Id], [d].[CreatedAt], [d].[CreatedBy], [d].[DepartmentCode], [d].[DepartmentName], [d].[Description], [d].[IsActive], [d].[IsDeleted], [d].[RowVersion], [d].[UpdatedAt], [d].[UpdatedBy]
        FROM [org].[Departments] AS [d]
        WHERE [d].[IsDeleted] = CAST(0 AS bit)
    ) AS [d0] ON [m].[TargetDepartmentId] = [d0].[Id]
    LEFT JOIN (
        SELECT [l].[Id], [l].[ContentType], [l].[CreatedAt], [l].[CreatedBy], [l].[Description], [l].[IsDeleted], [l].[LessonCode], [l].[MinDurationSeconds], [l].[ModuleId], [l].[RowVersion], [l].[SortOrder], [l].[Title], [l].[UpdatedAt], [l].[UpdatedBy], [l1].[Id] AS [Id0], [l1].[CreatedAt] AS [CreatedAt0], [l1].[CreatedBy] AS [CreatedBy0], [l1].[DisplayOrder], [l1].[DurationSeconds], [l1].[FileName], [l1].[FileSizeByte], [l1].[FileType], [l1].[IsDeleted] AS [IsDeleted0], [l1].[IsPrimary], [l1].[LessonId], [l1].[MimeType], [l1].[RowVersion] AS [RowVersion0], [l1].[SharePointUrl], [l1].[UpdatedAt] AS [UpdatedAt0], [l1].[UpdatedBy] AS [UpdatedBy0]
        FROM [lms].[Lessons] AS [l]
        LEFT JOIN (
            SELECT [l0].[Id], [l0].[CreatedAt], [l0].[CreatedBy], [l0].[DisplayOrder], [l0].[DurationSeconds], [l0].[FileName], [l0].[FileSizeByte], [l0].[FileType], [l0].[IsDeleted], [l0].[IsPrimary], [l0].[LessonId], [l0].[MimeType], [l0].[RowVersion], [l0].[SharePointUrl], [l0].[UpdatedAt], [l0].[UpdatedBy]
            FROM [lms].[LessonFiles] AS [l0]
            WHERE [l0].[IsDeleted] = CAST(0 AS bit)
        ) AS [l1] ON [l].[Id] = [l1].[LessonId]
        WHERE [l].[IsDeleted] = CAST(0 AS bit)
    ) AS [s] ON [m].[Id] = [s].[ModuleId]
    WHERE [m].[IsDeleted] = CAST(0 AS bit)
) AS [s0] ON [c0].[Id] = [s0].[CourseId]
LEFT JOIN (
    SELECT [a].[Id], [a].[AssessmentCode], [a].[CourseId], [a].[CreatedAt], [a].[CreatedBy], [a].[Description], [a].[IsDeleted], [a].[IsPublished], [a].[PassingScorePercentage], [a].[RowVersion], [a].[TimeLimitMinutes], [a].[Title], [a].[UpdatedAt], [a].[UpdatedBy], [s1].[Id] AS [Id0], [s1].[AssessmentId], [s1].[CreatedAt] AS [CreatedAt0], [s1].[CreatedBy] AS [CreatedBy0], [s1].[Explanation], [s1].[IsDeleted] AS [IsDeleted0], [s1].[ModuleId], [s1].[Points], [s1].[QuestionText], [s1].[RowVersion] AS [RowVersion0], [s1].[SortOrder], [s1].[UpdatedAt] AS [UpdatedAt0], [s1].[UpdatedBy] AS [UpdatedBy0], [s1].[Id0] AS [Id00], [s1].[CreatedAt0] AS [CreatedAt00], [s1].[CreatedBy0] AS [CreatedBy00], [s1].[IsCorrect], [s1].[IsDeleted0] AS [IsDeleted00], [s1].[OptionText], [s1].[QuestionId], [s1].[RowVersion0] AS [RowVersion00], [s1].[SortOrder0], [s1].[UpdatedAt0] AS [UpdatedAt00], [s1].[UpdatedBy0] AS [UpdatedBy00]
    FROM [eval].[Assessments] AS [a]
    LEFT JOIN (
        SELECT [a0].[Id], [a0].[AssessmentId], [a0].[CreatedAt], [a0].[CreatedBy], [a0].[Explanation], [a0].[IsDeleted], [a0].[ModuleId], [a0].[Points], [a0].[QuestionText], [a0].[RowVersion], [a0].[SortOrder], [a0].[UpdatedAt], [a0].[UpdatedBy], [q0].[Id] AS [Id0], [q0].[CreatedAt] AS [CreatedAt0], [q0].[CreatedBy] AS [CreatedBy0], [q0].[IsCorrect], [q0].[IsDeleted] AS [IsDeleted0], [q0].[OptionText], [q0].[QuestionId], [q0].[RowVersion] AS [RowVersion0], [q0].[SortOrder] AS [SortOrder0], [q0].[UpdatedAt] AS [UpdatedAt0], [q0].[UpdatedBy] AS [UpdatedBy0]
        FROM [eval].[AssessmentQuestions] AS [a0]
        LEFT JOIN (
            SELECT [q].[Id], [q].[CreatedAt], [q].[CreatedBy], [q].[IsCorrect], [q].[IsDeleted], [q].[OptionText], [q].[QuestionId], [q].[RowVersion], [q].[SortOrder], [q].[UpdatedAt], [q].[UpdatedBy]
            FROM [eval].[QuestionOptions] AS [q]
            WHERE [q].[IsDeleted] = CAST(0 AS bit)
        ) AS [q0] ON [a0].[Id] = [q0].[QuestionId]
        WHERE [a0].[IsDeleted] = CAST(0 AS bit)
    ) AS [s1] ON [a].[Id] = [s1].[AssessmentId]
    WHERE [a].[IsDeleted] = CAST(0 AS bit)
) AS [s2] ON [c0].[Id] = [s2].[CourseId]
ORDER BY [c0].[Id], [s0].[SortOrder], [s0].[Id], [s0].[Id0], [s0].[SortOrder0], [s0].[Id1], [s0].[Id00], [s2].[Id], [s2].[Id0]
2026-08-04 12:35:23.483 +05:30 [ERR] An exception occurred while iterating over the results of a query for context type 'LmsPortal.API.Data.LmsDbContext'.
Microsoft.Data.SqlClient.SqlException (0x80131904): Invalid column name 'Description'.
Invalid column name 'IsPublished'.
   at System.Threading.Tasks.ContinuationResultTaskFromResultTask`2.InnerInvoke()
   at System.Threading.ExecutionContext.RunInternal(ExecutionContext executionContext, ContextCallback callback, Object state)
--- End of stack trace from previous location ---
   at System.Threading.ExecutionContext.RunInternal(ExecutionContext executionContext, ContextCallback callback, Object state)
   at System.Threading.Tasks.Task.ExecuteWithThreadLocal(Task& currentTaskSlot, Thread threadPoolThread)
--- End of stack trace from previous location ---
   at Microsoft.EntityFrameworkCore.Storage.RelationalCommand.ExecuteReaderAsync(RelationalCommandParameterObject parameterObject, CancellationToken cancellationToken)
   at Microsoft.EntityFrameworkCore.Storage.RelationalCommand.ExecuteReaderAsync(RelationalCommandParameterObject parameterObject, CancellationToken cancellationToken)
   at Microsoft.EntityFrameworkCore.Query.Internal.SingleQueryingEnumerable`1.AsyncEnumerator.InitializeReaderAsync(AsyncEnumerator enumerator, CancellationToken cancellationToken)
   at Microsoft.EntityFrameworkCore.Storage.ExecutionStrategy.<>c__DisplayClass30_0`2.<<ExecuteAsync>b__0>d.MoveNext()
--- End of stack trace from previous location ---
   at Microsoft.EntityFrameworkCore.Storage.ExecutionStrategy.ExecuteImplementationAsync[TState,TResult](Func`4 operation, Func`4 verifySucceeded, TState state, CancellationToken cancellationToken)
   at Microsoft.EntityFrameworkCore.Storage.ExecutionStrategy.ExecuteImplementationAsync[TState,TResult](Func`4 operation, Func`4 verifySucceeded, TState state, CancellationToken cancellationToken)
   at Microsoft.EntityFrameworkCore.Storage.ExecutionStrategy.ExecuteAsync[TState,TResult](TState state, Func`4 operation, Func`4 verifySucceeded, CancellationToken cancellationToken)
   at Microsoft.EntityFrameworkCore.Query.Internal.SingleQueryingEnumerable`1.AsyncEnumerator.MoveNextAsync()
ClientConnectionId:86d09a08-8227-4c7d-b1c8-3695e29fd143
Error Number:207,State:1,Class:16
Microsoft.Data.SqlClient.SqlException (0x80131904): Invalid column name 'Description'.
Invalid column name 'IsPublished'.
   at System.Threading.Tasks.ContinuationResultTaskFromResultTask`2.InnerInvoke()
   at System.Threading.ExecutionContext.RunInternal(ExecutionContext executionContext, ContextCallback callback, Object state)
--- End of stack trace from previous location ---
   at System.Threading.ExecutionContext.RunInternal(ExecutionContext executionContext, ContextCallback callback, Object state)
   at System.Threading.Tasks.Task.ExecuteWithThreadLocal(Task& currentTaskSlot, Thread threadPoolThread)
--- End of stack trace from previous location ---
   at Microsoft.EntityFrameworkCore.Storage.RelationalCommand.ExecuteReaderAsync(RelationalCommandParameterObject parameterObject, CancellationToken cancellationToken)
   at Microsoft.EntityFrameworkCore.Storage.RelationalCommand.ExecuteReaderAsync(RelationalCommandParameterObject parameterObject, CancellationToken cancellationToken)
   at Microsoft.EntityFrameworkCore.Query.Internal.SingleQueryingEnumerable`1.AsyncEnumerator.InitializeReaderAsync(AsyncEnumerator enumerator, CancellationToken cancellationToken)
   at Microsoft.EntityFrameworkCore.Storage.ExecutionStrategy.<>c__DisplayClass30_0`2.<<ExecuteAsync>b__0>d.MoveNext()
--- End of stack trace from previous location ---
   at Microsoft.EntityFrameworkCore.Storage.ExecutionStrategy.ExecuteImplementationAsync[TState,TResult](Func`4 operation, Func`4 verifySucceeded, TState state, CancellationToken cancellationToken)
   at Microsoft.EntityFrameworkCore.Storage.ExecutionStrategy.ExecuteImplementationAsync[TState,TResult](Func`4 operation, Func`4 verifySucceeded, TState state, CancellationToken cancellationToken)
   at Microsoft.EntityFrameworkCore.Storage.ExecutionStrategy.ExecuteAsync[TState,TResult](TState state, Func`4 operation, Func`4 verifySucceeded, CancellationToken cancellationToken)
   at Microsoft.EntityFrameworkCore.Query.Internal.SingleQueryingEnumerable`1.AsyncEnumerator.MoveNextAsync()
ClientConnectionId:86d09a08-8227-4c7d-b1c8-3695e29fd143
Error Number:207,State:1,Class:16
2026-08-04 12:35:23.485 +05:30 [INF] Executed action LmsPortal.API.Controllers.LearningController.GetLearningState (LmsPortal.API) in 15.248ms
2026-08-04 12:35:23.485 +05:30 [INF] Executed endpoint 'LmsPortal.API.Controllers.LearningController.GetLearningState (LmsPortal.API)'
2026-08-04 12:35:23.485 +05:30 [ERR] HTTP GET /api/learning/state responded 500 in 15.8652 ms
Microsoft.Data.SqlClient.SqlException (0x80131904): Invalid column name 'Description'.
Invalid column name 'IsPublished'.
   at System.Threading.Tasks.ContinuationResultTaskFromResultTask`2.InnerInvoke()
   at System.Threading.ExecutionContext.RunInternal(ExecutionContext executionContext, ContextCallback callback, Object state)
--- End of stack trace from previous location ---
   at System.Threading.ExecutionContext.RunInternal(ExecutionContext executionContext, ContextCallback callback, Object state)
   at System.Threading.Tasks.Task.ExecuteWithThreadLocal(Task& currentTaskSlot, Thread threadPoolThread)
--- End of stack trace from previous location ---
   at Microsoft.EntityFrameworkCore.Storage.RelationalCommand.ExecuteReaderAsync(RelationalCommandParameterObject parameterObject, CancellationToken cancellationToken)
   at Microsoft.EntityFrameworkCore.Storage.RelationalCommand.ExecuteReaderAsync(RelationalCommandParameterObject parameterObject, CancellationToken cancellationToken)
   at Microsoft.EntityFrameworkCore.Query.Internal.SingleQueryingEnumerable`1.AsyncEnumerator.InitializeReaderAsync(AsyncEnumerator enumerator, CancellationToken cancellationToken)
   at Microsoft.EntityFrameworkCore.Storage.ExecutionStrategy.<>c__DisplayClass30_0`2.<<ExecuteAsync>b__0>d.MoveNext()
--- End of stack trace from previous location ---
   at Microsoft.EntityFrameworkCore.Storage.ExecutionStrategy.ExecuteImplementationAsync[TState,TResult](Func`4 operation, Func`4 verifySucceeded, TState state, CancellationToken cancellationToken)
   at Microsoft.EntityFrameworkCore.Storage.ExecutionStrategy.ExecuteImplementationAsync[TState,TResult](Func`4 operation, Func`4 verifySucceeded, TState state, CancellationToken cancellationToken)
   at Microsoft.EntityFrameworkCore.Storage.ExecutionStrategy.ExecuteAsync[TState,TResult](TState state, Func`4 operation, Func`4 verifySucceeded, CancellationToken cancellationToken)
   at Microsoft.EntityFrameworkCore.Query.Internal.SingleQueryingEnumerable`1.AsyncEnumerator.MoveNextAsync()
   at Microsoft.EntityFrameworkCore.Query.ShapedQueryCompilingExpressionVisitor.SingleOrDefaultAsync[TSource](IAsyncEnumerable`1 asyncEnumerable, CancellationToken cancellationToken)
   at Microsoft.EntityFrameworkCore.Query.ShapedQueryCompilingExpressionVisitor.SingleOrDefaultAsync[TSource](IAsyncEnumerable`1 asyncEnumerable, CancellationToken cancellationToken)
   at LmsPortal.API.Controllers.LearningController.GetLearningState() in C:\Users\kaustubh.bhatlawande\Desktop\LMS Portal - Copy\backend\LmsPortal.API\Controllers\LearningController.cs:line 51
   at Microsoft.AspNetCore.Mvc.Infrastructure.ActionMethodExecutor.TaskOfIActionResultExecutor.Execute(ActionContext actionContext, IActionResultTypeMapper mapper, ObjectMethodExecutor executor, Object controller, Object[] arguments)
   at Microsoft.AspNetCore.Mvc.Infrastructure.ControllerActionInvoker.<InvokeActionMethodAsync>g__Awaited|12_0(ControllerActionInvoker invoker, ValueTask`1 actionResultValueTask)
   at Microsoft.AspNetCore.Mvc.Infrastructure.ControllerActionInvoker.<InvokeNextActionFilterAsync>g__Awaited|10_0(ControllerActionInvoker invoker, Task lastTask, State next, Scope scope, Object state, Boolean isCompleted)
   at Microsoft.AspNetCore.Mvc.Infrastructure.ControllerActionInvoker.Rethrow(ActionExecutedContextSealed context)
   at Microsoft.AspNetCore.Mvc.Infrastructure.ControllerActionInvoker.Next(State& next, Scope& scope, Object& state, Boolean& isCompleted)
   at Microsoft.AspNetCore.Mvc.Infrastructure.ControllerActionInvoker.<InvokeInnerFilterAsync>g__Awaited|13_0(ControllerActionInvoker invoker, Task lastTask, State next, Scope scope, Object state, Boolean isCompleted)
   at Microsoft.AspNetCore.Mvc.Infrastructure.ResourceInvoker.<InvokeFilterPipelineAsync>g__Awaited|20_0(ResourceInvoker invoker, Task lastTask, State next, Scope scope, Object state, Boolean isCompleted)
   at Microsoft.AspNetCore.Mvc.Infrastructure.ResourceInvoker.<InvokeAsync>g__Logged|17_1(ResourceInvoker invoker)
   at Microsoft.AspNetCore.Mvc.Infrastructure.ResourceInvoker.<InvokeAsync>g__Logged|17_1(ResourceInvoker invoker)
   at Microsoft.AspNetCore.Routing.EndpointMiddleware.<Invoke>g__AwaitRequestTask|7_0(Endpoint endpoint, Task requestTask, ILogger logger)
   at Microsoft.AspNetCore.Authorization.AuthorizationMiddleware.Invoke(HttpContext context)
   at Microsoft.AspNetCore.Authentication.AuthenticationMiddleware.Invoke(HttpContext context)
   at Serilog.AspNetCore.RequestLoggingMiddleware.Invoke(HttpContext httpContext)
ClientConnectionId:86d09a08-8227-4c7d-b1c8-3695e29fd143
Error Number:207,State:1,Class:16
2026-08-04 12:35:23.489 +05:30 [ERR] An unhandled exception has occurred while executing the request.
Microsoft.Data.SqlClient.SqlException (0x80131904): Invalid column name 'Description'.
Invalid column name 'IsPublished'.
   at System.Threading.Tasks.ContinuationResultTaskFromResultTask`2.InnerInvoke()
   at System.Threading.ExecutionContext.RunInternal(ExecutionContext executionContext, ContextCallback callback, Object state)
--- End of stack trace from previous location ---
   at System.Threading.ExecutionContext.RunInternal(ExecutionContext executionContext, ContextCallback callback, Object state)
   at System.Threading.Tasks.Task.ExecuteWithThreadLocal(Task& currentTaskSlot, Thread threadPoolThread)
--- End of stack trace from previous location ---
   at Microsoft.EntityFrameworkCore.Storage.RelationalCommand.ExecuteReaderAsync(RelationalCommandParameterObject parameterObject, CancellationToken cancellationToken)
   at Microsoft.EntityFrameworkCore.Storage.RelationalCommand.ExecuteReaderAsync(RelationalCommandParameterObject parameterObject, CancellationToken cancellationToken)
   at Microsoft.EntityFrameworkCore.Query.Internal.SingleQueryingEnumerable`1.AsyncEnumerator.InitializeReaderAsync(AsyncEnumerator enumerator, CancellationToken cancellationToken)
   at Microsoft.EntityFrameworkCore.Storage.ExecutionStrategy.<>c__DisplayClass30_0`2.<<ExecuteAsync>b__0>d.MoveNext()
--- End of stack trace from previous location ---
   at Microsoft.EntityFrameworkCore.Storage.ExecutionStrategy.ExecuteImplementationAsync[TState,TResult](Func`4 operation, Func`4 verifySucceeded, TState state, CancellationToken cancellationToken)
   at Microsoft.EntityFrameworkCore.Storage.ExecutionStrategy.ExecuteImplementationAsync[TState,TResult](Func`4 operation, Func`4 verifySucceeded, TState state, CancellationToken cancellationToken)
   at Microsoft.EntityFrameworkCore.Storage.ExecutionStrategy.ExecuteAsync[TState,TResult](TState state, Func`4 operation, Func`4 verifySucceeded, CancellationToken cancellationToken)
   at Microsoft.EntityFrameworkCore.Query.Internal.SingleQueryingEnumerable`1.AsyncEnumerator.MoveNextAsync()
   at Microsoft.EntityFrameworkCore.Query.ShapedQueryCompilingExpressionVisitor.SingleOrDefaultAsync[TSource](IAsyncEnumerable`1 asyncEnumerable, CancellationToken cancellationToken)
   at Microsoft.EntityFrameworkCore.Query.ShapedQueryCompilingExpressionVisitor.SingleOrDefaultAsync[TSource](IAsyncEnumerable`1 asyncEnumerable, CancellationToken cancellationToken)
   at LmsPortal.API.Controllers.LearningController.GetLearningState() in C:\Users\kaustubh.bhatlawande\Desktop\LMS Portal - Copy\backend\LmsPortal.API\Controllers\LearningController.cs:line 51
   at Microsoft.AspNetCore.Mvc.Infrastructure.ActionMethodExecutor.TaskOfIActionResultExecutor.Execute(ActionContext actionContext, IActionResultTypeMapper mapper, ObjectMethodExecutor executor, Object controller, Object[] arguments)
   at Microsoft.AspNetCore.Mvc.Infrastructure.ControllerActionInvoker.<InvokeActionMethodAsync>g__Awaited|12_0(ControllerActionInvoker invoker, ValueTask`1 actionResultValueTask)
   at Microsoft.AspNetCore.Mvc.Infrastructure.ControllerActionInvoker.<InvokeNextActionFilterAsync>g__Awaited|10_0(ControllerActionInvoker invoker, Task lastTask, State next, Scope scope, Object state, Boolean isCompleted)
   at Microsoft.AspNetCore.Mvc.Infrastructure.ControllerActionInvoker.Rethrow(ActionExecutedContextSealed context)
   at Microsoft.AspNetCore.Mvc.Infrastructure.ControllerActionInvoker.Next(State& next, Scope& scope, Object& state, Boolean& isCompleted)
   at Microsoft.AspNetCore.Mvc.Infrastructure.ControllerActionInvoker.<InvokeInnerFilterAsync>g__Awaited|13_0(ControllerActionInvoker invoker, Task lastTask, State next, Scope scope, Object state, Boolean isCompleted)
   at Microsoft.AspNetCore.Mvc.Infrastructure.ResourceInvoker.<InvokeFilterPipelineAsync>g__Awaited|20_0(ResourceInvoker invoker, Task lastTask, State next, Scope scope, Object state, Boolean isCompleted)
   at Microsoft.AspNetCore.Mvc.Infrastructure.ResourceInvoker.<InvokeAsync>g__Logged|17_1(ResourceInvoker invoker)
   at Microsoft.AspNetCore.Mvc.Infrastructure.ResourceInvoker.<InvokeAsync>g__Logged|17_1(ResourceInvoker invoker)
   at Microsoft.AspNetCore.Routing.EndpointMiddleware.<Invoke>g__AwaitRequestTask|7_0(Endpoint endpoint, Task requestTask, ILogger logger)
   at Microsoft.AspNetCore.Authorization.AuthorizationMiddleware.Invoke(HttpContext context)
   at Microsoft.AspNetCore.Authentication.AuthenticationMiddleware.Invoke(HttpContext context)
   at Serilog.AspNetCore.RequestLoggingMiddleware.Invoke(HttpContext httpContext)
   at Swashbuckle.AspNetCore.SwaggerUI.SwaggerUIMiddleware.Invoke(HttpContext httpContext)
   at Swashbuckle.AspNetCore.Swagger.SwaggerMiddleware.Invoke(HttpContext httpContext, ISwaggerProvider swaggerProvider)
   at Microsoft.AspNetCore.Diagnostics.DeveloperExceptionPageMiddlewareImpl.Invoke(HttpContext context)
ClientConnectionId:86d09a08-8227-4c7d-b1c8-3695e29fd143
Error Number:207,State:1,Class:16
2026-08-04 12:35:23.499 +05:30 [INF] Request finished HTTP/1.1 GET http://localhost:5000/api/learning/state - 500 null text/plain; charset=utf-8 29.8933ms
2026-08-04 12:35:24.673 +05:30 [INF] Request starting HTTP/1.1 GET http://localhost:5000/api/learning/state - application/json null
2026-08-04 12:35:24.674 +05:30 [INF] Executing endpoint 'LmsPortal.API.Controllers.LearningController.GetLearningState (LmsPortal.API)'
2026-08-04 12:35:24.675 +05:30 [INF] Route matched with {action = "GetLearningState", controller = "Learning"}. Executing controller action with signature System.Threading.Tasks.Task`1[Microsoft.AspNetCore.Mvc.IActionResult] GetLearningState() on controller LmsPortal.API.Controllers.LearningController (LmsPortal.API).
2026-08-04 12:35:24.677 +05:30 [INF] Executed DbCommand (2ms) [Parameters=[@__userId_0='?' (DbType = Int32)], CommandType='"Text"', CommandTimeout='30']
SELECT TOP(1) [e].[Id], [e].[CreatedAt], [e].[CreatedBy], [e].[DepartmentCode], [e].[DepartmentId], [e].[DesignationCode], [e].[DesignationId], [e].[EmployeeCode], [e].[EmploymentStatus], [e].[FirstName], [e].[IsDeleted], [e].[IsMasterTester], [e].[JoiningDate], [e].[LastName], [e].[MiddleName], [e].[OfficeCode], [e].[OfficeId], [e].[OfficialEmail], [e].[RowVersion], [e].[UpdatedAt], [e].[UpdatedBy], [e].[UserId], [d0].[Id], [d0].[CreatedAt], [d0].[CreatedBy], [d0].[DepartmentCode], [d0].[DepartmentName], [d0].[Description], [d0].[IsActive], [d0].[IsDeleted], [d0].[RowVersion], [d0].[UpdatedAt], [d0].[UpdatedBy], [d2].[Id], [d2].[CreatedAt], [d2].[CreatedBy], [d2].[DesignationCode], [d2].[GradeLevel], [d2].[IsActive], [d2].[IsDeleted], [d2].[RowVersion], [d2].[Title], [d2].[UpdatedAt], [d2].[UpdatedBy], [o0].[Id], [o0].[City], [o0].[Country], [o0].[CreatedAt], [o0].[CreatedBy], [o0].[IsActive], [o0].[IsDeleted], [o0].[OfficeCode], [o0].[OfficeName], [o0].[RowVersion], [o0].[State], [o0].[UpdatedAt], [o0].[UpdatedBy]
FROM [emp].[Employees] AS [e]
INNER JOIN (
    SELECT [d].[Id], [d].[CreatedAt], [d].[CreatedBy], [d].[DepartmentCode], [d].[DepartmentName], [d].[Description], [d].[IsActive], [d].[IsDeleted], [d].[RowVersion], [d].[UpdatedAt], [d].[UpdatedBy]
    FROM [org].[Departments] AS [d]
    WHERE [d].[IsDeleted] = CAST(0 AS bit)
) AS [d0] ON [e].[DepartmentId] = [d0].[Id]
INNER JOIN (
    SELECT [d1].[Id], [d1].[CreatedAt], [d1].[CreatedBy], [d1].[DesignationCode], [d1].[GradeLevel], [d1].[IsActive], [d1].[IsDeleted], [d1].[RowVersion], [d1].[Title], [d1].[UpdatedAt], [d1].[UpdatedBy]
    FROM [org].[Designations] AS [d1]
    WHERE [d1].[IsDeleted] = CAST(0 AS bit)
) AS [d2] ON [e].[DesignationId] = [d2].[Id]
INNER JOIN (
    SELECT [o].[Id], [o].[City], [o].[Country], [o].[CreatedAt], [o].[CreatedBy], [o].[IsActive], [o].[IsDeleted], [o].[OfficeCode], [o].[OfficeName], [o].[RowVersion], [o].[State], [o].[UpdatedAt], [o].[UpdatedBy]
    FROM [org].[Offices] AS [o]
    WHERE [o].[IsDeleted] = CAST(0 AS bit)
) AS [o0] ON [e].[OfficeId] = [o0].[Id]
WHERE [e].[IsDeleted] = CAST(0 AS bit) AND [e].[UserId] = @__userId_0 AND [e].[IsDeleted] = CAST(0 AS bit)
2026-08-04 12:35:24.743 +05:30 [ERR] Failed executing DbCommand (22ms) [Parameters=[], CommandType='"Text"', CommandTimeout='30']
SELECT [c0].[Id], [c0].[CourseCode], [c0].[CreatedAt], [c0].[CreatedBy], [c0].[Description], [c0].[IsDeleted], [c0].[IsPublished], [c0].[PassingScorePercentage], [c0].[RowVersion], [c0].[Title], [c0].[UpdatedAt], [c0].[UpdatedBy], [s0].[Id], [s0].[CourseId], [s0].[CreatedAt], [s0].[CreatedBy], [s0].[Description], [s0].[IsDeleted], [s0].[ModuleCode], [s0].[ModuleType], [s0].[RowVersion], [s0].[SortOrder], [s0].[TargetDepartmentId], [s0].[Title], [s0].[UpdatedAt], [s0].[UpdatedBy], [s0].[Id0], [s0].[CreatedAt0], [s0].[CreatedBy0], [s0].[DepartmentCode], [s0].[DepartmentName], [s0].[Description0], [s0].[IsActive], [s0].[IsDeleted0], [s0].[RowVersion0], [s0].[UpdatedAt0], [s0].[UpdatedBy0], [s0].[Id1], [s0].[ContentType], [s0].[CreatedAt1], [s0].[CreatedBy1], [s0].[Description1], [s0].[IsDeleted1], [s0].[LessonCode], [s0].[MinDurationSeconds], [s0].[ModuleId], [s0].[RowVersion1], [s0].[SortOrder0], [s0].[Title0], [s0].[UpdatedAt1], [s0].[UpdatedBy1], [s0].[Id00], [s0].[CreatedAt00], [s0].[CreatedBy00], [s0].[DisplayOrder], [s0].[DurationSeconds], [s0].[FileName], [s0].[FileSizeByte], [s0].[FileType], [s0].[IsDeleted00], [s0].[IsPrimary], [s0].[LessonId], [s0].[MimeType], [s0].[RowVersion00], [s0].[SharePointUrl], [s0].[UpdatedAt00], [s0].[UpdatedBy00], [s2].[Id], [s2].[AssessmentCode], [s2].[CourseId], [s2].[CreatedAt], [s2].[CreatedBy], [s2].[Description], [s2].[IsDeleted], [s2].[IsPublished], [s2].[PassingScorePercentage], [s2].[RowVersion], [s2].[TimeLimitMinutes], [s2].[Title], [s2].[UpdatedAt], [s2].[UpdatedBy], [s2].[Id0], [s2].[AssessmentId], [s2].[CreatedAt0], [s2].[CreatedBy0], [s2].[Explanation], [s2].[IsDeleted0], [s2].[ModuleId], [s2].[Points], [s2].[QuestionText], [s2].[RowVersion0], [s2].[SortOrder], [s2].[UpdatedAt0], [s2].[UpdatedBy0], [s2].[Id00], [s2].[CreatedAt00], [s2].[CreatedBy00], [s2].[IsCorrect], [s2].[IsDeleted00], [s2].[OptionText], [s2].[QuestionId], [s2].[RowVersion00], [s2].[SortOrder0], [s2].[UpdatedAt00], [s2].[UpdatedBy00]
FROM (
    SELECT TOP(1) [c].[Id], [c].[CourseCode], [c].[CreatedAt], [c].[CreatedBy], [c].[Description], [c].[IsDeleted], [c].[IsPublished], [c].[PassingScorePercentage], [c].[RowVersion], [c].[Title], [c].[UpdatedAt], [c].[UpdatedBy]
    FROM [lms].[Courses] AS [c]
    WHERE [c].[IsDeleted] = CAST(0 AS bit)
) AS [c0]
LEFT JOIN (
    SELECT [m].[Id], [m].[CourseId], [m].[CreatedAt], [m].[CreatedBy], [m].[Description], [m].[IsDeleted], [m].[ModuleCode], [m].[ModuleType], [m].[RowVersion], [m].[SortOrder], [m].[TargetDepartmentId], [m].[Title], [m].[UpdatedAt], [m].[UpdatedBy], [d0].[Id] AS [Id0], [d0].[CreatedAt] AS [CreatedAt0], [d0].[CreatedBy] AS [CreatedBy0], [d0].[DepartmentCode], [d0].[DepartmentName], [d0].[Description] AS [Description0], [d0].[IsActive], [d0].[IsDeleted] AS [IsDeleted0], [d0].[RowVersion] AS [RowVersion0], [d0].[UpdatedAt] AS [UpdatedAt0], [d0].[UpdatedBy] AS [UpdatedBy0], [s].[Id] AS [Id1], [s].[ContentType], [s].[CreatedAt] AS [CreatedAt1], [s].[CreatedBy] AS [CreatedBy1], [s].[Description] AS [Description1], [s].[IsDeleted] AS [IsDeleted1], [s].[LessonCode], [s].[MinDurationSeconds], [s].[ModuleId], [s].[RowVersion] AS [RowVersion1], [s].[SortOrder] AS [SortOrder0], [s].[Title] AS [Title0], [s].[UpdatedAt] AS [UpdatedAt1], [s].[UpdatedBy] AS [UpdatedBy1], [s].[Id0] AS [Id00], [s].[CreatedAt0] AS [CreatedAt00], [s].[CreatedBy0] AS [CreatedBy00], [s].[DisplayOrder], [s].[DurationSeconds], [s].[FileName], [s].[FileSizeByte], [s].[FileType], [s].[IsDeleted0] AS [IsDeleted00], [s].[IsPrimary], [s].[LessonId], [s].[MimeType], [s].[RowVersion0] AS [RowVersion00], [s].[SharePointUrl], [s].[UpdatedAt0] AS [UpdatedAt00], [s].[UpdatedBy0] AS [UpdatedBy00]
    FROM [lms].[Modules] AS [m]
    LEFT JOIN (
        SELECT [d].[Id], [d].[CreatedAt], [d].[CreatedBy], [d].[DepartmentCode], [d].[DepartmentName], [d].[Description], [d].[IsActive], [d].[IsDeleted], [d].[RowVersion], [d].[UpdatedAt], [d].[UpdatedBy]
        FROM [org].[Departments] AS [d]
        WHERE [d].[IsDeleted] = CAST(0 AS bit)
    ) AS [d0] ON [m].[TargetDepartmentId] = [d0].[Id]
    LEFT JOIN (
        SELECT [l].[Id], [l].[ContentType], [l].[CreatedAt], [l].[CreatedBy], [l].[Description], [l].[IsDeleted], [l].[LessonCode], [l].[MinDurationSeconds], [l].[ModuleId], [l].[RowVersion], [l].[SortOrder], [l].[Title], [l].[UpdatedAt], [l].[UpdatedBy], [l1].[Id] AS [Id0], [l1].[CreatedAt] AS [CreatedAt0], [l1].[CreatedBy] AS [CreatedBy0], [l1].[DisplayOrder], [l1].[DurationSeconds], [l1].[FileName], [l1].[FileSizeByte], [l1].[FileType], [l1].[IsDeleted] AS [IsDeleted0], [l1].[IsPrimary], [l1].[LessonId], [l1].[MimeType], [l1].[RowVersion] AS [RowVersion0], [l1].[SharePointUrl], [l1].[UpdatedAt] AS [UpdatedAt0], [l1].[UpdatedBy] AS [UpdatedBy0]
        FROM [lms].[Lessons] AS [l]
        LEFT JOIN (
            SELECT [l0].[Id], [l0].[CreatedAt], [l0].[CreatedBy], [l0].[DisplayOrder], [l0].[DurationSeconds], [l0].[FileName], [l0].[FileSizeByte], [l0].[FileType], [l0].[IsDeleted], [l0].[IsPrimary], [l0].[LessonId], [l0].[MimeType], [l0].[RowVersion], [l0].[SharePointUrl], [l0].[UpdatedAt], [l0].[UpdatedBy]
            FROM [lms].[LessonFiles] AS [l0]
            WHERE [l0].[IsDeleted] = CAST(0 AS bit)
        ) AS [l1] ON [l].[Id] = [l1].[LessonId]
        WHERE [l].[IsDeleted] = CAST(0 AS bit)
    ) AS [s] ON [m].[Id] = [s].[ModuleId]
    WHERE [m].[IsDeleted] = CAST(0 AS bit)
) AS [s0] ON [c0].[Id] = [s0].[CourseId]
LEFT JOIN (
    SELECT [a].[Id], [a].[AssessmentCode], [a].[CourseId], [a].[CreatedAt], [a].[CreatedBy], [a].[Description], [a].[IsDeleted], [a].[IsPublished], [a].[PassingScorePercentage], [a].[RowVersion], [a].[TimeLimitMinutes], [a].[Title], [a].[UpdatedAt], [a].[UpdatedBy], [s1].[Id] AS [Id0], [s1].[AssessmentId], [s1].[CreatedAt] AS [CreatedAt0], [s1].[CreatedBy] AS [CreatedBy0], [s1].[Explanation], [s1].[IsDeleted] AS [IsDeleted0], [s1].[ModuleId], [s1].[Points], [s1].[QuestionText], [s1].[RowVersion] AS [RowVersion0], [s1].[SortOrder], [s1].[UpdatedAt] AS [UpdatedAt0], [s1].[UpdatedBy] AS [UpdatedBy0], [s1].[Id0] AS [Id00], [s1].[CreatedAt0] AS [CreatedAt00], [s1].[CreatedBy0] AS [CreatedBy00], [s1].[IsCorrect], [s1].[IsDeleted0] AS [IsDeleted00], [s1].[OptionText], [s1].[QuestionId], [s1].[RowVersion0] AS [RowVersion00], [s1].[SortOrder0], [s1].[UpdatedAt0] AS [UpdatedAt00], [s1].[UpdatedBy0] AS [UpdatedBy00]
    FROM [eval].[Assessments] AS [a]
    LEFT JOIN (
        SELECT [a0].[Id], [a0].[AssessmentId], [a0].[CreatedAt], [a0].[CreatedBy], [a0].[Explanation], [a0].[IsDeleted], [a0].[ModuleId], [a0].[Points], [a0].[QuestionText], [a0].[RowVersion], [a0].[SortOrder], [a0].[UpdatedAt], [a0].[UpdatedBy], [q0].[Id] AS [Id0], [q0].[CreatedAt] AS [CreatedAt0], [q0].[CreatedBy] AS [CreatedBy0], [q0].[IsCorrect], [q0].[IsDeleted] AS [IsDeleted0], [q0].[OptionText], [q0].[QuestionId], [q0].[RowVersion] AS [RowVersion0], [q0].[SortOrder] AS [SortOrder0], [q0].[UpdatedAt] AS [UpdatedAt0], [q0].[UpdatedBy] AS [UpdatedBy0]
        FROM [eval].[AssessmentQuestions] AS [a0]
        LEFT JOIN (
            SELECT [q].[Id], [q].[CreatedAt], [q].[CreatedBy], [q].[IsCorrect], [q].[IsDeleted], [q].[OptionText], [q].[QuestionId], [q].[RowVersion], [q].[SortOrder], [q].[UpdatedAt], [q].[UpdatedBy]
            FROM [eval].[QuestionOptions] AS [q]
            WHERE [q].[IsDeleted] = CAST(0 AS bit)
        ) AS [q0] ON [a0].[Id] = [q0].[QuestionId]
        WHERE [a0].[IsDeleted] = CAST(0 AS bit)
    ) AS [s1] ON [a].[Id] = [s1].[AssessmentId]
    WHERE [a].[IsDeleted] = CAST(0 AS bit)
) AS [s2] ON [c0].[Id] = [s2].[CourseId]
ORDER BY [c0].[Id], [s0].[SortOrder], [s0].[Id], [s0].[Id0], [s0].[SortOrder0], [s0].[Id1], [s0].[Id00], [s2].[Id], [s2].[Id0]
2026-08-04 12:35:24.754 +05:30 [ERR] An exception occurred while iterating over the results of a query for context type 'LmsPortal.API.Data.LmsDbContext'.
Microsoft.Data.SqlClient.SqlException (0x80131904): Invalid column name 'Description'.
Invalid column name 'IsPublished'.
   at System.Threading.Tasks.ContinuationResultTaskFromResultTask`2.InnerInvoke()
   at System.Threading.ExecutionContext.RunInternal(ExecutionContext executionContext, ContextCallback callback, Object state)
--- End of stack trace from previous location ---
   at System.Threading.ExecutionContext.RunInternal(ExecutionContext executionContext, ContextCallback callback, Object state)
   at System.Threading.Tasks.Task.ExecuteWithThreadLocal(Task& currentTaskSlot, Thread threadPoolThread)
--- End of stack trace from previous location ---
   at Microsoft.EntityFrameworkCore.Storage.RelationalCommand.ExecuteReaderAsync(RelationalCommandParameterObject parameterObject, CancellationToken cancellationToken)
   at Microsoft.EntityFrameworkCore.Storage.RelationalCommand.ExecuteReaderAsync(RelationalCommandParameterObject parameterObject, CancellationToken cancellationToken)
   at Microsoft.EntityFrameworkCore.Query.Internal.SingleQueryingEnumerable`1.AsyncEnumerator.InitializeReaderAsync(AsyncEnumerator enumerator, CancellationToken cancellationToken)
   at Microsoft.EntityFrameworkCore.Storage.ExecutionStrategy.<>c__DisplayClass30_0`2.<<ExecuteAsync>b__0>d.MoveNext()
--- End of stack trace from previous location ---
   at Microsoft.EntityFrameworkCore.Storage.ExecutionStrategy.ExecuteImplementationAsync[TState,TResult](Func`4 operation, Func`4 verifySucceeded, TState state, CancellationToken cancellationToken)
   at Microsoft.EntityFrameworkCore.Storage.ExecutionStrategy.ExecuteImplementationAsync[TState,TResult](Func`4 operation, Func`4 verifySucceeded, TState state, CancellationToken cancellationToken)
   at Microsoft.EntityFrameworkCore.Storage.ExecutionStrategy.ExecuteAsync[TState,TResult](TState state, Func`4 operation, Func`4 verifySucceeded, CancellationToken cancellationToken)
   at Microsoft.EntityFrameworkCore.Query.Internal.SingleQueryingEnumerable`1.AsyncEnumerator.MoveNextAsync()
ClientConnectionId:86d09a08-8227-4c7d-b1c8-3695e29fd143
Error Number:207,State:1,Class:16
Microsoft.Data.SqlClient.SqlException (0x80131904): Invalid column name 'Description'.
Invalid column name 'IsPublished'.
   at System.Threading.Tasks.ContinuationResultTaskFromResultTask`2.InnerInvoke()
   at System.Threading.ExecutionContext.RunInternal(ExecutionContext executionContext, ContextCallback callback, Object state)
--- End of stack trace from previous location ---
   at System.Threading.ExecutionContext.RunInternal(ExecutionContext executionContext, ContextCallback callback, Object state)
   at System.Threading.Tasks.Task.ExecuteWithThreadLocal(Task& currentTaskSlot, Thread threadPoolThread)
--- End of stack trace from previous location ---
   at Microsoft.EntityFrameworkCore.Storage.RelationalCommand.ExecuteReaderAsync(RelationalCommandParameterObject parameterObject, CancellationToken cancellationToken)
   at Microsoft.EntityFrameworkCore.Storage.RelationalCommand.ExecuteReaderAsync(RelationalCommandParameterObject parameterObject, CancellationToken cancellationToken)
   at Microsoft.EntityFrameworkCore.Query.Internal.SingleQueryingEnumerable`1.AsyncEnumerator.InitializeReaderAsync(AsyncEnumerator enumerator, CancellationToken cancellationToken)
   at Microsoft.EntityFrameworkCore.Storage.ExecutionStrategy.<>c__DisplayClass30_0`2.<<ExecuteAsync>b__0>d.MoveNext()
--- End of stack trace from previous location ---
   at Microsoft.EntityFrameworkCore.Storage.ExecutionStrategy.ExecuteImplementationAsync[TState,TResult](Func`4 operation, Func`4 verifySucceeded, TState state, CancellationToken cancellationToken)
   at Microsoft.EntityFrameworkCore.Storage.ExecutionStrategy.ExecuteImplementationAsync[TState,TResult](Func`4 operation, Func`4 verifySucceeded, TState state, CancellationToken cancellationToken)
   at Microsoft.EntityFrameworkCore.Storage.ExecutionStrategy.ExecuteAsync[TState,TResult](TState state, Func`4 operation, Func`4 verifySucceeded, CancellationToken cancellationToken)
   at Microsoft.EntityFrameworkCore.Query.Internal.SingleQueryingEnumerable`1.AsyncEnumerator.MoveNextAsync()
ClientConnectionId:86d09a08-8227-4c7d-b1c8-3695e29fd143
Error Number:207,State:1,Class:16
2026-08-04 12:35:24.756 +05:30 [INF] Executed action LmsPortal.API.Controllers.LearningController.GetLearningState (LmsPortal.API) in 81.2227ms
2026-08-04 12:35:24.756 +05:30 [INF] Executed endpoint 'LmsPortal.API.Controllers.LearningController.GetLearningState (LmsPortal.API)'
2026-08-04 12:35:24.756 +05:30 [ERR] HTTP GET /api/learning/state responded 500 in 82.7230 ms
Microsoft.Data.SqlClient.SqlException (0x80131904): Invalid column name 'Description'.
Invalid column name 'IsPublished'.
   at System.Threading.Tasks.ContinuationResultTaskFromResultTask`2.InnerInvoke()
   at System.Threading.ExecutionContext.RunInternal(ExecutionContext executionContext, ContextCallback callback, Object state)
--- End of stack trace from previous location ---
   at System.Threading.ExecutionContext.RunInternal(ExecutionContext executionContext, ContextCallback callback, Object state)
   at System.Threading.Tasks.Task.ExecuteWithThreadLocal(Task& currentTaskSlot, Thread threadPoolThread)
--- End of stack trace from previous location ---
   at Microsoft.EntityFrameworkCore.Storage.RelationalCommand.ExecuteReaderAsync(RelationalCommandParameterObject parameterObject, CancellationToken cancellationToken)
   at Microsoft.EntityFrameworkCore.Storage.RelationalCommand.ExecuteReaderAsync(RelationalCommandParameterObject parameterObject, CancellationToken cancellationToken)
   at Microsoft.EntityFrameworkCore.Query.Internal.SingleQueryingEnumerable`1.AsyncEnumerator.InitializeReaderAsync(AsyncEnumerator enumerator, CancellationToken cancellationToken)
   at Microsoft.EntityFrameworkCore.Storage.ExecutionStrategy.<>c__DisplayClass30_0`2.<<ExecuteAsync>b__0>d.MoveNext()
--- End of stack trace from previous location ---
   at Microsoft.EntityFrameworkCore.Storage.ExecutionStrategy.ExecuteImplementationAsync[TState,TResult](Func`4 operation, Func`4 verifySucceeded, TState state, CancellationToken cancellationToken)
   at Microsoft.EntityFrameworkCore.Storage.ExecutionStrategy.ExecuteImplementationAsync[TState,TResult](Func`4 operation, Func`4 verifySucceeded, TState state, CancellationToken cancellationToken)
   at Microsoft.EntityFrameworkCore.Storage.ExecutionStrategy.ExecuteAsync[TState,TResult](TState state, Func`4 operation, Func`4 verifySucceeded, CancellationToken cancellationToken)
   at Microsoft.EntityFrameworkCore.Query.Internal.SingleQueryingEnumerable`1.AsyncEnumerator.MoveNextAsync()
   at Microsoft.EntityFrameworkCore.Query.ShapedQueryCompilingExpressionVisitor.SingleOrDefaultAsync[TSource](IAsyncEnumerable`1 asyncEnumerable, CancellationToken cancellationToken)
   at Microsoft.EntityFrameworkCore.Query.ShapedQueryCompilingExpressionVisitor.SingleOrDefaultAsync[TSource](IAsyncEnumerable`1 asyncEnumerable, CancellationToken cancellationToken)
   at LmsPortal.API.Controllers.LearningController.GetLearningState() in C:\Users\kaustubh.bhatlawande\Desktop\LMS Portal - Copy\backend\LmsPortal.API\Controllers\LearningController.cs:line 51
   at Microsoft.AspNetCore.Mvc.Infrastructure.ActionMethodExecutor.TaskOfIActionResultExecutor.Execute(ActionContext actionContext, IActionResultTypeMapper mapper, ObjectMethodExecutor executor, Object controller, Object[] arguments)
   at Microsoft.AspNetCore.Mvc.Infrastructure.ControllerActionInvoker.<InvokeActionMethodAsync>g__Awaited|12_0(ControllerActionInvoker invoker, ValueTask`1 actionResultValueTask)
   at Microsoft.AspNetCore.Mvc.Infrastructure.ControllerActionInvoker.<InvokeNextActionFilterAsync>g__Awaited|10_0(ControllerActionInvoker invoker, Task lastTask, State next, Scope scope, Object state, Boolean isCompleted)
   at Microsoft.AspNetCore.Mvc.Infrastructure.ControllerActionInvoker.Rethrow(ActionExecutedContextSealed context)
   at Microsoft.AspNetCore.Mvc.Infrastructure.ControllerActionInvoker.Next(State& next, Scope& scope, Object& state, Boolean& isCompleted)
   at Microsoft.AspNetCore.Mvc.Infrastructure.ControllerActionInvoker.<InvokeInnerFilterAsync>g__Awaited|13_0(ControllerActionInvoker invoker, Task lastTask, State next, Scope scope, Object state, Boolean isCompleted)
   at Microsoft.AspNetCore.Mvc.Infrastructure.ResourceInvoker.<InvokeFilterPipelineAsync>g__Awaited|20_0(ResourceInvoker invoker, Task lastTask, State next, Scope scope, Object state, Boolean isCompleted)
   at Microsoft.AspNetCore.Mvc.Infrastructure.ResourceInvoker.<InvokeAsync>g__Logged|17_1(ResourceInvoker invoker)
   at Microsoft.AspNetCore.Mvc.Infrastructure.ResourceInvoker.<InvokeAsync>g__Logged|17_1(ResourceInvoker invoker)
   at Microsoft.AspNetCore.Routing.EndpointMiddleware.<Invoke>g__AwaitRequestTask|7_0(Endpoint endpoint, Task requestTask, ILogger logger)
   at Microsoft.AspNetCore.Authorization.AuthorizationMiddleware.Invoke(HttpContext context)
   at Microsoft.AspNetCore.Authentication.AuthenticationMiddleware.Invoke(HttpContext context)
   at Serilog.AspNetCore.RequestLoggingMiddleware.Invoke(HttpContext httpContext)
ClientConnectionId:86d09a08-8227-4c7d-b1c8-3695e29fd143
Error Number:207,State:1,Class:16
2026-08-04 12:35:24.758 +05:30 [ERR] An unhandled exception has occurred while executing the request.
Microsoft.Data.SqlClient.SqlException (0x80131904): Invalid column name 'Description'.
Invalid column name 'IsPublished'.
   at System.Threading.Tasks.ContinuationResultTaskFromResultTask`2.InnerInvoke()
   at System.Threading.ExecutionContext.RunInternal(ExecutionContext executionContext, ContextCallback callback, Object state)
--- End of stack trace from previous location ---
   at System.Threading.ExecutionContext.RunInternal(ExecutionContext executionContext, ContextCallback callback, Object state)
   at System.Threading.Tasks.Task.ExecuteWithThreadLocal(Task& currentTaskSlot, Thread threadPoolThread)
--- End of stack trace from previous location ---
   at Microsoft.EntityFrameworkCore.Storage.RelationalCommand.ExecuteReaderAsync(RelationalCommandParameterObject parameterObject, CancellationToken cancellationToken)
   at Microsoft.EntityFrameworkCore.Storage.RelationalCommand.ExecuteReaderAsync(RelationalCommandParameterObject parameterObject, CancellationToken cancellationToken)
   at Microsoft.EntityFrameworkCore.Query.Internal.SingleQueryingEnumerable`1.AsyncEnumerator.InitializeReaderAsync(AsyncEnumerator enumerator, CancellationToken cancellationToken)
   at Microsoft.EntityFrameworkCore.Storage.ExecutionStrategy.<>c__DisplayClass30_0`2.<<ExecuteAsync>b__0>d.MoveNext()
--- End of stack trace from previous location ---
   at Microsoft.EntityFrameworkCore.Storage.ExecutionStrategy.ExecuteImplementationAsync[TState,TResult](Func`4 operation, Func`4 verifySucceeded, TState state, CancellationToken cancellationToken)
   at Microsoft.EntityFrameworkCore.Storage.ExecutionStrategy.ExecuteImplementationAsync[TState,TResult](Func`4 operation, Func`4 verifySucceeded, TState state, CancellationToken cancellationToken)
   at Microsoft.EntityFrameworkCore.Storage.ExecutionStrategy.ExecuteAsync[TState,TResult](TState state, Func`4 operation, Func`4 verifySucceeded, CancellationToken cancellationToken)
   at Microsoft.EntityFrameworkCore.Query.Internal.SingleQueryingEnumerable`1.AsyncEnumerator.MoveNextAsync()
   at Microsoft.EntityFrameworkCore.Query.ShapedQueryCompilingExpressionVisitor.SingleOrDefaultAsync[TSource](IAsyncEnumerable`1 asyncEnumerable, CancellationToken cancellationToken)
   at Microsoft.EntityFrameworkCore.Query.ShapedQueryCompilingExpressionVisitor.SingleOrDefaultAsync[TSource](IAsyncEnumerable`1 asyncEnumerable, CancellationToken cancellationToken)
   at LmsPortal.API.Controllers.LearningController.GetLearningState() in C:\Users\kaustubh.bhatlawande\Desktop\LMS Portal - Copy\backend\LmsPortal.API\Controllers\LearningController.cs:line 51
   at Microsoft.AspNetCore.Mvc.Infrastructure.ActionMethodExecutor.TaskOfIActionResultExecutor.Execute(ActionContext actionContext, IActionResultTypeMapper mapper, ObjectMethodExecutor executor, Object controller, Object[] arguments)
   at Microsoft.AspNetCore.Mvc.Infrastructure.ControllerActionInvoker.<InvokeActionMethodAsync>g__Awaited|12_0(ControllerActionInvoker invoker, ValueTask`1 actionResultValueTask)
   at Microsoft.AspNetCore.Mvc.Infrastructure.ControllerActionInvoker.<InvokeNextActionFilterAsync>g__Awaited|10_0(ControllerActionInvoker invoker, Task lastTask, State next, Scope scope, Object state, Boolean isCompleted)
   at Microsoft.AspNetCore.Mvc.Infrastructure.ControllerActionInvoker.Rethrow(ActionExecutedContextSealed context)
   at Microsoft.AspNetCore.Mvc.Infrastructure.ControllerActionInvoker.Next(State& next, Scope& scope, Object& state, Boolean& isCompleted)
   at Microsoft.AspNetCore.Mvc.Infrastructure.ControllerActionInvoker.<InvokeInnerFilterAsync>g__Awaited|13_0(ControllerActionInvoker invoker, Task lastTask, State next, Scope scope, Object state, Boolean isCompleted)
   at Microsoft.AspNetCore.Mvc.Infrastructure.ResourceInvoker.<InvokeFilterPipelineAsync>g__Awaited|20_0(ResourceInvoker invoker, Task lastTask, State next, Scope scope, Object state, Boolean isCompleted)
   at Microsoft.AspNetCore.Mvc.Infrastructure.ResourceInvoker.<InvokeAsync>g__Logged|17_1(ResourceInvoker invoker)
   at Microsoft.AspNetCore.Mvc.Infrastructure.ResourceInvoker.<InvokeAsync>g__Logged|17_1(ResourceInvoker invoker)
   at Microsoft.AspNetCore.Routing.EndpointMiddleware.<Invoke>g__AwaitRequestTask|7_0(Endpoint endpoint, Task requestTask, ILogger logger)
   at Microsoft.AspNetCore.Authorization.AuthorizationMiddleware.Invoke(HttpContext context)
   at Microsoft.AspNetCore.Authentication.AuthenticationMiddleware.Invoke(HttpContext context)
   at Serilog.AspNetCore.RequestLoggingMiddleware.Invoke(HttpContext httpContext)
   at Swashbuckle.AspNetCore.SwaggerUI.SwaggerUIMiddleware.Invoke(HttpContext httpContext)
   at Swashbuckle.AspNetCore.Swagger.SwaggerMiddleware.Invoke(HttpContext httpContext, ISwaggerProvider swaggerProvider)
   at Microsoft.AspNetCore.Diagnostics.DeveloperExceptionPageMiddlewareImpl.Invoke(HttpContext context)
ClientConnectionId:86d09a08-8227-4c7d-b1c8-3695e29fd143
Error Number:207,State:1,Class:16
2026-08-04 12:35:24.764 +05:30 [INF] Request finished HTTP/1.1 GET http://localhost:5000/api/learning/state - 500 null text/plain; charset=utf-8 90.9972ms
2026-08-04 12:35:25.987 +05:30 [INF] Request starting HTTP/1.1 GET http://localhost:5000/api/employees?page=1&pageSize=10 - application/json null
2026-08-04 12:35:25.988 +05:30 [INF] Executing endpoint 'LmsPortal.API.Controllers.EmployeesController.GetEmployees (LmsPortal.API)'
2026-08-04 12:35:25.989 +05:30 [INF] Route matched with {action = "GetEmployees", controller = "Employees"}. Executing controller action with signature System.Threading.Tasks.Task`1[Microsoft.AspNetCore.Mvc.IActionResult] GetEmployees(System.String, System.Nullable`1[System.Int32], System.String, Int32, Int32) on controller LmsPortal.API.Controllers.EmployeesController (LmsPortal.API).
2026-08-04 12:35:25.992 +05:30 [INF] Executed DbCommand (2ms) [Parameters=[], CommandType='"Text"', CommandTimeout='30']
SELECT COUNT(*)
FROM [emp].[Employees] AS [e]
WHERE [e].[IsDeleted] = CAST(0 AS bit)
2026-08-04 12:35:26.009 +05:30 [INF] Executed DbCommand (15ms) [Parameters=[@__p_0='?' (DbType = Int32), @__p_1='?' (DbType = Int32)], CommandType='"Text"', CommandTimeout='30']
SELECT [e0].[Id], [e0].[CreatedAt], [e0].[CreatedBy], [e0].[DepartmentCode], [e0].[DepartmentId], [e0].[DesignationCode], [e0].[DesignationId], [e0].[EmployeeCode], [e0].[EmploymentStatus], [e0].[FirstName], [e0].[IsDeleted], [e0].[IsMasterTester], [e0].[JoiningDate], [e0].[LastName], [e0].[MiddleName], [e0].[OfficeCode], [e0].[OfficeId], [e0].[OfficialEmail], [e0].[RowVersion], [e0].[UpdatedAt], [e0].[UpdatedBy], [e0].[UserId], [d0].[Id], [d0].[CreatedAt], [d0].[CreatedBy], [d0].[DepartmentCode], [d0].[DepartmentName], [d0].[Description], [d0].[IsActive], [d0].[IsDeleted], [d0].[RowVersion], [d0].[UpdatedAt], [d0].[UpdatedBy], [d2].[Id], [d2].[CreatedAt], [d2].[CreatedBy], [d2].[DesignationCode], [d2].[GradeLevel], [d2].[IsActive], [d2].[IsDeleted], [d2].[RowVersion], [d2].[Title], [d2].[UpdatedAt], [d2].[UpdatedBy], [o0].[Id], [o0].[City], [o0].[Country], [o0].[CreatedAt], [o0].[CreatedBy], [o0].[IsActive], [o0].[IsDeleted], [o0].[OfficeCode], [o0].[OfficeName], [o0].[RowVersion], [o0].[State], [o0].[UpdatedAt], [o0].[UpdatedBy]
FROM (
    SELECT [e].[Id], [e].[CreatedAt], [e].[CreatedBy], [e].[DepartmentCode], [e].[DepartmentId], [e].[DesignationCode], [e].[DesignationId], [e].[EmployeeCode], [e].[EmploymentStatus], [e].[FirstName], [e].[IsDeleted], [e].[IsMasterTester], [e].[JoiningDate], [e].[LastName], [e].[MiddleName], [e].[OfficeCode], [e].[OfficeId], [e].[OfficialEmail], [e].[RowVersion], [e].[UpdatedAt], [e].[UpdatedBy], [e].[UserId]
    FROM [emp].[Employees] AS [e]
    WHERE [e].[IsDeleted] = CAST(0 AS bit)
    ORDER BY [e].[CreatedAt] DESC
    OFFSET @__p_0 ROWS FETCH NEXT @__p_1 ROWS ONLY
) AS [e0]
INNER JOIN (
    SELECT [d].[Id], [d].[CreatedAt], [d].[CreatedBy], [d].[DepartmentCode], [d].[DepartmentName], [d].[Description], [d].[IsActive], [d].[IsDeleted], [d].[RowVersion], [d].[UpdatedAt], [d].[UpdatedBy]
    FROM [org].[Departments] AS [d]
    WHERE [d].[IsDeleted] = CAST(0 AS bit)
) AS [d0] ON [e0].[DepartmentId] = [d0].[Id]
INNER JOIN (
    SELECT [d1].[Id], [d1].[CreatedAt], [d1].[CreatedBy], [d1].[DesignationCode], [d1].[GradeLevel], [d1].[IsActive], [d1].[IsDeleted], [d1].[RowVersion], [d1].[Title], [d1].[UpdatedAt], [d1].[UpdatedBy]
    FROM [org].[Designations] AS [d1]
    WHERE [d1].[IsDeleted] = CAST(0 AS bit)
) AS [d2] ON [e0].[DesignationId] = [d2].[Id]
INNER JOIN (
    SELECT [o].[Id], [o].[City], [o].[Country], [o].[CreatedAt], [o].[CreatedBy], [o].[IsActive], [o].[IsDeleted], [o].[OfficeCode], [o].[OfficeName], [o].[RowVersion], [o].[State], [o].[UpdatedAt], [o].[UpdatedBy]
    FROM [org].[Offices] AS [o]
    WHERE [o].[IsDeleted] = CAST(0 AS bit)
) AS [o0] ON [e0].[OfficeId] = [o0].[Id]
ORDER BY [e0].[CreatedAt] DESC
2026-08-04 12:35:26.022 +05:30 [INF] Executing OkObjectResult, writing value of type '<>f__AnonymousType33`6[[System.Boolean, System.Private.CoreLib, Version=10.0.0.0, Culture=neutral, PublicKeyToken=7cec85d7bea7798e],[System.Collections.Generic.List`1[[LmsPortal.Core.Entities.Employee, LmsPortal.Core, Version=1.0.0.0, Culture=neutral, PublicKeyToken=null]], System.Private.CoreLib, Version=10.0.0.0, Culture=neutral, PublicKeyToken=7cec85d7bea7798e],[System.Int32, System.Private.CoreLib, Version=10.0.0.0, Culture=neutral, PublicKeyToken=7cec85d7bea7798e],[System.Int32, System.Private.CoreLib, Version=10.0.0.0, Culture=neutral, PublicKeyToken=7cec85d7bea7798e],[System.Int32, System.Private.CoreLib, Version=10.0.0.0, Culture=neutral, PublicKeyToken=7cec85d7bea7798e],[System.Int32, System.Private.CoreLib, Version=10.0.0.0, Culture=neutral, PublicKeyToken=7cec85d7bea7798e]]'.
2026-08-04 12:35:26.087 +05:30 [INF] Executed action LmsPortal.API.Controllers.EmployeesController.GetEmployees (LmsPortal.API) in 98.3161ms
2026-08-04 12:35:26.087 +05:30 [INF] Executed endpoint 'LmsPortal.API.Controllers.EmployeesController.GetEmployees (LmsPortal.API)'
2026-08-04 12:35:26.087 +05:30 [INF] HTTP GET /api/employees responded 200 in 99.6680 ms
2026-08-04 12:35:26.087 +05:30 [INF] Request finished HTTP/1.1 GET http://localhost:5000/api/employees?page=1&pageSize=10 - 200 null application/json; charset=utf-8 100.6571ms
2026-08-04 12:35:26.095 +05:30 [INF] Request starting HTTP/1.1 GET http://localhost:5000/api/departments - application/json null
2026-08-04 12:35:26.095 +05:30 [INF] Executing endpoint 'LmsPortal.API.Controllers.DepartmentsController.GetDepartments (LmsPortal.API)'
2026-08-04 12:35:26.109 +05:30 [INF] Route matched with {action = "GetDepartments", controller = "Departments"}. Executing controller action with signature System.Threading.Tasks.Task`1[Microsoft.AspNetCore.Mvc.IActionResult] GetDepartments() on controller LmsPortal.API.Controllers.DepartmentsController (LmsPortal.API).
2026-08-04 12:35:26.180 +05:30 [INF] Executed DbCommand (19ms) [Parameters=[], CommandType='"Text"', CommandTimeout='30']
SELECT [d].[Id], [d].[DepartmentName], [d].[DepartmentCode], [d].[Description], [d].[CreatedAt], [d].[UpdatedAt], (
    SELECT COUNT(*)
    FROM [emp].[Employees] AS [e]
    WHERE [e].[IsDeleted] = CAST(0 AS bit) AND [e].[DepartmentId] = [d].[Id] AND [e].[IsDeleted] = CAST(0 AS bit)) AS [EmployeeCount], (
    SELECT COUNT(*)
    FROM [lms].[Modules] AS [m]
    WHERE [m].[IsDeleted] = CAST(0 AS bit) AND [m].[TargetDepartmentId] = [d].[Id] AND [m].[IsDeleted] = CAST(0 AS bit)) AS [ModuleCount]
FROM [org].[Departments] AS [d]
WHERE [d].[IsDeleted] = CAST(0 AS bit)
ORDER BY [d].[DepartmentName]
2026-08-04 12:35:26.186 +05:30 [INF] Executing OkObjectResult, writing value of type '<>f__AnonymousType20`2[[System.Boolean, System.Private.CoreLib, Version=10.0.0.0, Culture=neutral, PublicKeyToken=7cec85d7bea7798e],[System.Collections.Generic.List`1[[<>f__AnonymousType31`8[[System.Int32, System.Private.CoreLib, Version=10.0.0.0, Culture=neutral, PublicKeyToken=7cec85d7bea7798e],[System.String, System.Private.CoreLib, Version=10.0.0.0, Culture=neutral, PublicKeyToken=7cec85d7bea7798e],[System.String, System.Private.CoreLib, Version=10.0.0.0, Culture=neutral, PublicKeyToken=7cec85d7bea7798e],[System.String, System.Private.CoreLib, Version=10.0.0.0, Culture=neutral, PublicKeyToken=7cec85d7bea7798e],[System.DateTime, System.Private.CoreLib, Version=10.0.0.0, Culture=neutral, PublicKeyToken=7cec85d7bea7798e],[System.DateTime, System.Private.CoreLib, Version=10.0.0.0, Culture=neutral, PublicKeyToken=7cec85d7bea7798e],[System.Int32, System.Private.CoreLib, Version=10.0.0.0, Culture=neutral, PublicKeyToken=7cec85d7bea7798e],[System.Int32, System.Private.CoreLib, Version=10.0.0.0, Culture=neutral, PublicKeyToken=7cec85d7bea7798e]], LmsPortal.API, Version=1.0.0.0, Culture=neutral, PublicKeyToken=null]], System.Private.CoreLib, Version=10.0.0.0, Culture=neutral, PublicKeyToken=7cec85d7bea7798e]]'.
2026-08-04 12:35:26.190 +05:30 [INF] Executed action LmsPortal.API.Controllers.DepartmentsController.GetDepartments (LmsPortal.API) in 81.0624ms
2026-08-04 12:35:26.190 +05:30 [INF] Executed endpoint 'LmsPortal.API.Controllers.DepartmentsController.GetDepartments (LmsPortal.API)'
2026-08-04 12:35:26.190 +05:30 [INF] HTTP GET /api/departments responded 200 in 95.3505 ms
2026-08-04 12:35:26.191 +05:30 [INF] Request finished HTTP/1.1 GET http://localhost:5000/api/departments - 200 null application/json; charset=utf-8 95.8549ms
2026-08-04 12:35:26.293 +05:30 [INF] Request starting HTTP/1.1 GET http://localhost:5000/api/employees?page=1&pageSize=10 - application/json null
2026-08-04 12:35:26.294 +05:30 [INF] Executing endpoint 'LmsPortal.API.Controllers.EmployeesController.GetEmployees (LmsPortal.API)'
2026-08-04 12:35:26.294 +05:30 [INF] Route matched with {action = "GetEmployees", controller = "Employees"}. Executing controller action with signature System.Threading.Tasks.Task`1[Microsoft.AspNetCore.Mvc.IActionResult] GetEmployees(System.String, System.Nullable`1[System.Int32], System.String, Int32, Int32) on controller LmsPortal.API.Controllers.EmployeesController (LmsPortal.API).
2026-08-04 12:35:26.307 +05:30 [INF] Executed DbCommand (11ms) [Parameters=[], CommandType='"Text"', CommandTimeout='30']
SELECT COUNT(*)
FROM [emp].[Employees] AS [e]
WHERE [e].[IsDeleted] = CAST(0 AS bit)
2026-08-04 12:35:26.311 +05:30 [INF] Executed DbCommand (3ms) [Parameters=[@__p_0='?' (DbType = Int32), @__p_1='?' (DbType = Int32)], CommandType='"Text"', CommandTimeout='30']
SELECT [e0].[Id], [e0].[CreatedAt], [e0].[CreatedBy], [e0].[DepartmentCode], [e0].[DepartmentId], [e0].[DesignationCode], [e0].[DesignationId], [e0].[EmployeeCode], [e0].[EmploymentStatus], [e0].[FirstName], [e0].[IsDeleted], [e0].[IsMasterTester], [e0].[JoiningDate], [e0].[LastName], [e0].[MiddleName], [e0].[OfficeCode], [e0].[OfficeId], [e0].[OfficialEmail], [e0].[RowVersion], [e0].[UpdatedAt], [e0].[UpdatedBy], [e0].[UserId], [d0].[Id], [d0].[CreatedAt], [d0].[CreatedBy], [d0].[DepartmentCode], [d0].[DepartmentName], [d0].[Description], [d0].[IsActive], [d0].[IsDeleted], [d0].[RowVersion], [d0].[UpdatedAt], [d0].[UpdatedBy], [d2].[Id], [d2].[CreatedAt], [d2].[CreatedBy], [d2].[DesignationCode], [d2].[GradeLevel], [d2].[IsActive], [d2].[IsDeleted], [d2].[RowVersion], [d2].[Title], [d2].[UpdatedAt], [d2].[UpdatedBy], [o0].[Id], [o0].[City], [o0].[Country], [o0].[CreatedAt], [o0].[CreatedBy], [o0].[IsActive], [o0].[IsDeleted], [o0].[OfficeCode], [o0].[OfficeName], [o0].[RowVersion], [o0].[State], [o0].[UpdatedAt], [o0].[UpdatedBy]
FROM (
    SELECT [e].[Id], [e].[CreatedAt], [e].[CreatedBy], [e].[DepartmentCode], [e].[DepartmentId], [e].[DesignationCode], [e].[DesignationId], [e].[EmployeeCode], [e].[EmploymentStatus], [e].[FirstName], [e].[IsDeleted], [e].[IsMasterTester], [e].[JoiningDate], [e].[LastName], [e].[MiddleName], [e].[OfficeCode], [e].[OfficeId], [e].[OfficialEmail], [e].[RowVersion], [e].[UpdatedAt], [e].[UpdatedBy], [e].[UserId]
    FROM [emp].[Employees] AS [e]
    WHERE [e].[IsDeleted] = CAST(0 AS bit)
    ORDER BY [e].[CreatedAt] DESC
    OFFSET @__p_0 ROWS FETCH NEXT @__p_1 ROWS ONLY
) AS [e0]
INNER JOIN (
    SELECT [d].[Id], [d].[CreatedAt], [d].[CreatedBy], [d].[DepartmentCode], [d].[DepartmentName], [d].[Description], [d].[IsActive], [d].[IsDeleted], [d].[RowVersion], [d].[UpdatedAt], [d].[UpdatedBy]
    FROM [org].[Departments] AS [d]
    WHERE [d].[IsDeleted] = CAST(0 AS bit)
) AS [d0] ON [e0].[DepartmentId] = [d0].[Id]
INNER JOIN (
    SELECT [d1].[Id], [d1].[CreatedAt], [d1].[CreatedBy], [d1].[DesignationCode], [d1].[GradeLevel], [d1].[IsActive], [d1].[IsDeleted], [d1].[RowVersion], [d1].[Title], [d1].[UpdatedAt], [d1].[UpdatedBy]
    FROM [org].[Designations] AS [d1]
    WHERE [d1].[IsDeleted] = CAST(0 AS bit)
) AS [d2] ON [e0].[DesignationId] = [d2].[Id]
INNER JOIN (
    SELECT [o].[Id], [o].[City], [o].[Country], [o].[CreatedAt], [o].[CreatedBy], [o].[IsActive], [o].[IsDeleted], [o].[OfficeCode], [o].[OfficeName], [o].[RowVersion], [o].[State], [o].[UpdatedAt], [o].[UpdatedBy]
    FROM [org].[Offices] AS [o]
    WHERE [o].[IsDeleted] = CAST(0 AS bit)
) AS [o0] ON [e0].[OfficeId] = [o0].[Id]
ORDER BY [e0].[CreatedAt] DESC
2026-08-04 12:35:26.313 +05:30 [INF] Executing OkObjectResult, writing value of type '<>f__AnonymousType33`6[[System.Boolean, System.Private.CoreLib, Version=10.0.0.0, Culture=neutral, PublicKeyToken=7cec85d7bea7798e],[System.Collections.Generic.List`1[[LmsPortal.Core.Entities.Employee, LmsPortal.Core, Version=1.0.0.0, Culture=neutral, PublicKeyToken=null]], System.Private.CoreLib, Version=10.0.0.0, Culture=neutral, PublicKeyToken=7cec85d7bea7798e],[System.Int32, System.Private.CoreLib, Version=10.0.0.0, Culture=neutral, PublicKeyToken=7cec85d7bea7798e],[System.Int32, System.Private.CoreLib, Version=10.0.0.0, Culture=neutral, PublicKeyToken=7cec85d7bea7798e],[System.Int32, System.Private.CoreLib, Version=10.0.0.0, Culture=neutral, PublicKeyToken=7cec85d7bea7798e],[System.Int32, System.Private.CoreLib, Version=10.0.0.0, Culture=neutral, PublicKeyToken=7cec85d7bea7798e]]'.
2026-08-04 12:35:26.316 +05:30 [INF] Executed action LmsPortal.API.Controllers.EmployeesController.GetEmployees (LmsPortal.API) in 21.8862ms
2026-08-04 12:35:26.317 +05:30 [INF] Executed endpoint 'LmsPortal.API.Controllers.EmployeesController.GetEmployees (LmsPortal.API)'
2026-08-04 12:35:26.317 +05:30 [INF] HTTP GET /api/employees responded 200 in 22.9542 ms
2026-08-04 12:35:26.317 +05:30 [INF] Request finished HTTP/1.1 GET http://localhost:5000/api/employees?page=1&pageSize=10 - 200 null application/json; charset=utf-8 23.4888ms
2026-08-04 12:35:26.340 +05:30 [INF] Request starting HTTP/1.1 GET http://localhost:5000/api/departments - application/json null
2026-08-04 12:35:26.341 +05:30 [INF] Executing endpoint 'LmsPortal.API.Controllers.DepartmentsController.GetDepartments (LmsPortal.API)'
2026-08-04 12:35:26.341 +05:30 [INF] Route matched with {action = "GetDepartments", controller = "Departments"}. Executing controller action with signature System.Threading.Tasks.Task`1[Microsoft.AspNetCore.Mvc.IActionResult] GetDepartments() on controller LmsPortal.API.Controllers.DepartmentsController (LmsPortal.API).
2026-08-04 12:35:26.355 +05:30 [INF] Executed DbCommand (10ms) [Parameters=[], CommandType='"Text"', CommandTimeout='30']
SELECT [d].[Id], [d].[DepartmentName], [d].[DepartmentCode], [d].[Description], [d].[CreatedAt], [d].[UpdatedAt], (
    SELECT COUNT(*)
    FROM [emp].[Employees] AS [e]
    WHERE [e].[IsDeleted] = CAST(0 AS bit) AND [e].[DepartmentId] = [d].[Id] AND [e].[IsDeleted] = CAST(0 AS bit)) AS [EmployeeCount], (
    SELECT COUNT(*)
    FROM [lms].[Modules] AS [m]
    WHERE [m].[IsDeleted] = CAST(0 AS bit) AND [m].[TargetDepartmentId] = [d].[Id] AND [m].[IsDeleted] = CAST(0 AS bit)) AS [ModuleCount]
FROM [org].[Departments] AS [d]
WHERE [d].[IsDeleted] = CAST(0 AS bit)
ORDER BY [d].[DepartmentName]
2026-08-04 12:35:26.356 +05:30 [INF] Executing OkObjectResult, writing value of type '<>f__AnonymousType20`2[[System.Boolean, System.Private.CoreLib, Version=10.0.0.0, Culture=neutral, PublicKeyToken=7cec85d7bea7798e],[System.Collections.Generic.List`1[[<>f__AnonymousType31`8[[System.Int32, System.Private.CoreLib, Version=10.0.0.0, Culture=neutral, PublicKeyToken=7cec85d7bea7798e],[System.String, System.Private.CoreLib, Version=10.0.0.0, Culture=neutral, PublicKeyToken=7cec85d7bea7798e],[System.String, System.Private.CoreLib, Version=10.0.0.0, Culture=neutral, PublicKeyToken=7cec85d7bea7798e],[System.String, System.Private.CoreLib, Version=10.0.0.0, Culture=neutral, PublicKeyToken=7cec85d7bea7798e],[System.DateTime, System.Private.CoreLib, Version=10.0.0.0, Culture=neutral, PublicKeyToken=7cec85d7bea7798e],[System.DateTime, System.Private.CoreLib, Version=10.0.0.0, Culture=neutral, PublicKeyToken=7cec85d7bea7798e],[System.Int32, System.Private.CoreLib, Version=10.0.0.0, Culture=neutral, PublicKeyToken=7cec85d7bea7798e],[System.Int32, System.Private.CoreLib, Version=10.0.0.0, Culture=neutral, PublicKeyToken=7cec85d7bea7798e]], LmsPortal.API, Version=1.0.0.0, Culture=neutral, PublicKeyToken=null]], System.Private.CoreLib, Version=10.0.0.0, Culture=neutral, PublicKeyToken=7cec85d7bea7798e]]'.
2026-08-04 12:35:26.357 +05:30 [INF] Executed action LmsPortal.API.Controllers.DepartmentsController.GetDepartments (LmsPortal.API) in 15.7131ms
2026-08-04 12:35:26.357 +05:30 [INF] Executed endpoint 'LmsPortal.API.Controllers.DepartmentsController.GetDepartments (LmsPortal.API)'
2026-08-04 12:35:26.357 +05:30 [INF] HTTP GET /api/departments responded 200 in 16.7025 ms
2026-08-04 12:35:26.357 +05:30 [INF] Request finished HTTP/1.1 GET http://localhost:5000/api/departments - 200 null application/json; charset=utf-8 17.4709ms
2026-08-04 12:36:03.107 +05:30 [INF] Request starting HTTP/1.1 POST http://localhost:5000/api/employees - application/json 273
2026-08-04 12:36:03.112 +05:30 [INF] Executing endpoint 'LmsPortal.API.Controllers.EmployeesController.UpsertEmployee (LmsPortal.API)'
2026-08-04 12:36:03.120 +05:30 [INF] Route matched with {action = "UpsertEmployee", controller = "Employees"}. Executing controller action with signature System.Threading.Tasks.Task`1[Microsoft.AspNetCore.Mvc.IActionResult] UpsertEmployee(UpsertEmployeeDto) on controller LmsPortal.API.Controllers.EmployeesController (LmsPortal.API).
2026-08-04 12:36:03.183 +05:30 [INF] Executed DbCommand (1ms) [Parameters=[@__cleanEmpCode_0='?' (Size = 4000)], CommandType='"Text"', CommandTimeout='30']
SELECT CASE
    WHEN EXISTS (
        SELECT 1
        FROM [emp].[Employees] AS [e]
        WHERE [e].[IsDeleted] = CAST(0 AS bit) AND [e].[IsDeleted] = CAST(0 AS bit) AND UPPER([e].[EmployeeCode]) = @__cleanEmpCode_0) THEN CAST(1 AS bit)
    ELSE CAST(0 AS bit)
END
2026-08-04 12:36:03.207 +05:30 [INF] Executed DbCommand (2ms) [Parameters=[@__cleanEmail_0='?' (Size = 4000)], CommandType='"Text"', CommandTimeout='30']
SELECT CASE
    WHEN EXISTS (
        SELECT 1
        FROM [emp].[Employees] AS [e]
        WHERE [e].[IsDeleted] = CAST(0 AS bit) AND [e].[IsDeleted] = CAST(0 AS bit) AND LOWER([e].[OfficialEmail]) = @__cleanEmail_0) THEN CAST(1 AS bit)
    ELSE CAST(0 AS bit)
END
2026-08-04 12:36:03.247 +05:30 [INF] Executed DbCommand (2ms) [Parameters=[@__dto_DepartmentId_0='?' (DbType = Int32)], CommandType='"Text"', CommandTimeout='30']
SELECT TOP(1) [d].[Id], [d].[CreatedAt], [d].[CreatedBy], [d].[DepartmentCode], [d].[DepartmentName], [d].[Description], [d].[IsActive], [d].[IsDeleted], [d].[RowVersion], [d].[UpdatedAt], [d].[UpdatedBy]
FROM [org].[Departments] AS [d]
WHERE [d].[IsDeleted] = CAST(0 AS bit) AND [d].[Id] = @__dto_DepartmentId_0 AND [d].[IsDeleted] = CAST(0 AS bit)
2026-08-04 12:36:03.294 +05:30 [INF] Executed DbCommand (5ms) [Parameters=[@__dto_DesignationId_0='?' (DbType = Int32)], CommandType='"Text"', CommandTimeout='30']
SELECT TOP(1) [d].[Id], [d].[CreatedAt], [d].[CreatedBy], [d].[DesignationCode], [d].[GradeLevel], [d].[IsActive], [d].[IsDeleted], [d].[RowVersion], [d].[Title], [d].[UpdatedAt], [d].[UpdatedBy]
FROM [org].[Designations] AS [d]
WHERE [d].[IsDeleted] = CAST(0 AS bit) AND [d].[Id] = @__dto_DesignationId_0 AND [d].[IsDeleted] = CAST(0 AS bit)
2026-08-04 12:36:03.327 +05:30 [INF] Executed DbCommand (4ms) [Parameters=[@__dto_OfficeId_0='?' (DbType = Int32)], CommandType='"Text"', CommandTimeout='30']
SELECT TOP(1) [o].[Id], [o].[City], [o].[Country], [o].[CreatedAt], [o].[CreatedBy], [o].[IsActive], [o].[IsDeleted], [o].[OfficeCode], [o].[OfficeName], [o].[RowVersion], [o].[State], [o].[UpdatedAt], [o].[UpdatedBy]
FROM [org].[Offices] AS [o]
WHERE [o].[IsDeleted] = CAST(0 AS bit) AND [o].[Id] = @__dto_OfficeId_0 AND [o].[IsDeleted] = CAST(0 AS bit)
2026-08-04 12:36:03.353 +05:30 [INF] Executed DbCommand (3ms) [Parameters=[], CommandType='"Text"', CommandTimeout='30']
SELECT TOP(1) [r].[Id], [r].[CreatedAt], [r].[CreatedBy], [r].[Description], [r].[IsDeleted], [r].[NormalizedRoleName], [r].[RoleName], [r].[RowVersion], [r].[UpdatedAt], [r].[UpdatedBy]
FROM [sec].[Roles] AS [r]
WHERE [r].[IsDeleted] = CAST(0 AS bit) AND [r].[NormalizedRoleName] = N'EMPLOYEE'
2026-08-04 12:36:03.384 +05:30 [INF] Executed DbCommand (4ms) [Parameters=[@p0='?' (Size = 4000), @p1='?' (DbType = DateTime2), @p2='?' (Size = 4000), @p3='?' (Size = 4000), @p4='?' (DbType = Boolean), @p5='?' (DbType = Boolean), @p6='?' (DbType = Boolean), @p7='?' (Size = 4000), @p8='?' (Size = 4000), @p9='?' (Size = 4000), @p10='?' (Size = 4000), @p11='?' (DbType = Int32), @p12='?' (Size = 4000), @p13='?' (DbType = DateTime2), @p14='?' (Size = 4000), @p15='?' (Size = 4000)], CommandType='"Text"', CommandTimeout='30']
SET IMPLICIT_TRANSACTIONS OFF;
SET NOCOUNT ON;
INSERT INTO [sec].[Users] ([ConcurrencyStamp], [CreatedAt], [CreatedBy], [Email], [IsActive], [IsDeleted], [IsEmailConfirmed], [NormalizedEmail], [NormalizedUsername], [PasswordHash], [PhoneNumber], [RoleId], [SecurityStamp], [UpdatedAt], [UpdatedBy], [Username])
OUTPUT INSERTED.[Id], INSERTED.[RowVersion]
VALUES (@p0, @p1, @p2, @p3, @p4, @p5, @p6, @p7, @p8, @p9, @p10, @p11, @p12, @p13, @p14, @p15);
2026-08-04 12:36:03.416 +05:30 [INF] Executed DbCommand (14ms) [Parameters=[@p0='?' (DbType = DateTime2), @p1='?' (Size = 4000), @p2='?' (Size = 4000), @p3='?' (DbType = Int32), @p4='?' (Size = 4000), @p5='?' (DbType = Int32), @p6='?' (Size = 4000), @p7='?' (Size = 4000), @p8='?' (Size = 4000), @p9='?' (DbType = Boolean), @p10='?' (DbType = Boolean), @p11='?' (DbType = DateTime2), @p12='?' (Size = 4000), @p13='?' (Size = 4000), @p14='?' (Size = 4000), @p15='?' (DbType = Int32), @p16='?' (Size = 4000), @p17='?' (DbType = DateTime2), @p18='?' (Size = 4000), @p19='?' (DbType = Int32)], CommandType='"Text"', CommandTimeout='30']
SET IMPLICIT_TRANSACTIONS OFF;
SET NOCOUNT ON;
INSERT INTO [emp].[Employees] ([CreatedAt], [CreatedBy], [DepartmentCode], [DepartmentId], [DesignationCode], [DesignationId], [EmployeeCode], [EmploymentStatus], [FirstName], [IsDeleted], [IsMasterTester], [JoiningDate], [LastName], [MiddleName], [OfficeCode], [OfficeId], [OfficialEmail], [UpdatedAt], [UpdatedBy], [UserId])
OUTPUT INSERTED.[Id], INSERTED.[RowVersion]
VALUES (@p0, @p1, @p2, @p3, @p4, @p5, @p6, @p7, @p8, @p9, @p10, @p11, @p12, @p13, @p14, @p15, @p16, @p17, @p18, @p19);
2026-08-04 12:36:03.430 +05:30 [INF] Executing OkObjectResult, writing value of type '<>f__AnonymousType8`3[[System.Boolean, System.Private.CoreLib, Version=10.0.0.0, Culture=neutral, PublicKeyToken=7cec85d7bea7798e],[<>f__AnonymousType34`11[[System.Int32, System.Private.CoreLib, Version=10.0.0.0, Culture=neutral, PublicKeyToken=7cec85d7bea7798e],[System.String, System.Private.CoreLib, Version=10.0.0.0, Culture=neutral, PublicKeyToken=7cec85d7bea7798e],[System.String, System.Private.CoreLib, Version=10.0.0.0, Culture=neutral, PublicKeyToken=7cec85d7bea7798e],[System.String, System.Private.CoreLib, Version=10.0.0.0, Culture=neutral, PublicKeyToken=7cec85d7bea7798e],[System.String, System.Private.CoreLib, Version=10.0.0.0, Culture=neutral, PublicKeyToken=7cec85d7bea7798e],[System.Int32, System.Private.CoreLib, Version=10.0.0.0, Culture=neutral, PublicKeyToken=7cec85d7bea7798e],[System.Int32, System.Private.CoreLib, Version=10.0.0.0, Culture=neutral, PublicKeyToken=7cec85d7bea7798e],[System.Int32, System.Private.CoreLib, Version=10.0.0.0, Culture=neutral, PublicKeyToken=7cec85d7bea7798e],[System.DateTime, System.Private.CoreLib, Version=10.0.0.0, Culture=neutral, PublicKeyToken=7cec85d7bea7798e],[System.String, System.Private.CoreLib, Version=10.0.0.0, Culture=neutral, PublicKeyToken=7cec85d7bea7798e],[System.Boolean, System.Private.CoreLib, Version=10.0.0.0, Culture=neutral, PublicKeyToken=7cec85d7bea7798e]], LmsPortal.API, Version=1.0.0.0, Culture=neutral, PublicKeyToken=null],[System.String, System.Private.CoreLib, Version=10.0.0.0, Culture=neutral, PublicKeyToken=7cec85d7bea7798e]]'.
2026-08-04 12:36:03.433 +05:30 [INF] Executed action LmsPortal.API.Controllers.EmployeesController.UpsertEmployee (LmsPortal.API) in 312.4606ms
2026-08-04 12:36:03.433 +05:30 [INF] Executed endpoint 'LmsPortal.API.Controllers.EmployeesController.UpsertEmployee (LmsPortal.API)'
2026-08-04 12:36:03.433 +05:30 [INF] HTTP POST /api/employees responded 200 in 325.6820 ms
2026-08-04 12:36:03.433 +05:30 [INF] Request finished HTTP/1.1 POST http://localhost:5000/api/employees - 200 null application/json; charset=utf-8 326.4618ms
2026-08-04 12:36:03.788 +05:30 [INF] Request starting HTTP/1.1 GET http://localhost:5000/api/employees?page=1&pageSize=10 - application/json null
2026-08-04 12:36:03.789 +05:30 [INF] Executing endpoint 'LmsPortal.API.Controllers.EmployeesController.GetEmployees (LmsPortal.API)'
2026-08-04 12:36:03.789 +05:30 [INF] Route matched with {action = "GetEmployees", controller = "Employees"}. Executing controller action with signature System.Threading.Tasks.Task`1[Microsoft.AspNetCore.Mvc.IActionResult] GetEmployees(System.String, System.Nullable`1[System.Int32], System.String, Int32, Int32) on controller LmsPortal.API.Controllers.EmployeesController (LmsPortal.API).
2026-08-04 12:36:03.796 +05:30 [INF] Executed DbCommand (5ms) [Parameters=[], CommandType='"Text"', CommandTimeout='30']
SELECT COUNT(*)
FROM [emp].[Employees] AS [e]
WHERE [e].[IsDeleted] = CAST(0 AS bit)
2026-08-04 12:36:03.799 +05:30 [INF] Executed DbCommand (2ms) [Parameters=[@__p_0='?' (DbType = Int32), @__p_1='?' (DbType = Int32)], CommandType='"Text"', CommandTimeout='30']
SELECT [e0].[Id], [e0].[CreatedAt], [e0].[CreatedBy], [e0].[DepartmentCode], [e0].[DepartmentId], [e0].[DesignationCode], [e0].[DesignationId], [e0].[EmployeeCode], [e0].[EmploymentStatus], [e0].[FirstName], [e0].[IsDeleted], [e0].[IsMasterTester], [e0].[JoiningDate], [e0].[LastName], [e0].[MiddleName], [e0].[OfficeCode], [e0].[OfficeId], [e0].[OfficialEmail], [e0].[RowVersion], [e0].[UpdatedAt], [e0].[UpdatedBy], [e0].[UserId], [d0].[Id], [d0].[CreatedAt], [d0].[CreatedBy], [d0].[DepartmentCode], [d0].[DepartmentName], [d0].[Description], [d0].[IsActive], [d0].[IsDeleted], [d0].[RowVersion], [d0].[UpdatedAt], [d0].[UpdatedBy], [d2].[Id], [d2].[CreatedAt], [d2].[CreatedBy], [d2].[DesignationCode], [d2].[GradeLevel], [d2].[IsActive], [d2].[IsDeleted], [d2].[RowVersion], [d2].[Title], [d2].[UpdatedAt], [d2].[UpdatedBy], [o0].[Id], [o0].[City], [o0].[Country], [o0].[CreatedAt], [o0].[CreatedBy], [o0].[IsActive], [o0].[IsDeleted], [o0].[OfficeCode], [o0].[OfficeName], [o0].[RowVersion], [o0].[State], [o0].[UpdatedAt], [o0].[UpdatedBy]
FROM (
    SELECT [e].[Id], [e].[CreatedAt], [e].[CreatedBy], [e].[DepartmentCode], [e].[DepartmentId], [e].[DesignationCode], [e].[DesignationId], [e].[EmployeeCode], [e].[EmploymentStatus], [e].[FirstName], [e].[IsDeleted], [e].[IsMasterTester], [e].[JoiningDate], [e].[LastName], [e].[MiddleName], [e].[OfficeCode], [e].[OfficeId], [e].[OfficialEmail], [e].[RowVersion], [e].[UpdatedAt], [e].[UpdatedBy], [e].[UserId]
    FROM [emp].[Employees] AS [e]
    WHERE [e].[IsDeleted] = CAST(0 AS bit)
    ORDER BY [e].[CreatedAt] DESC
    OFFSET @__p_0 ROWS FETCH NEXT @__p_1 ROWS ONLY
) AS [e0]
INNER JOIN (
    SELECT [d].[Id], [d].[CreatedAt], [d].[CreatedBy], [d].[DepartmentCode], [d].[DepartmentName], [d].[Description], [d].[IsActive], [d].[IsDeleted], [d].[RowVersion], [d].[UpdatedAt], [d].[UpdatedBy]
    FROM [org].[Departments] AS [d]
    WHERE [d].[IsDeleted] = CAST(0 AS bit)
) AS [d0] ON [e0].[DepartmentId] = [d0].[Id]
INNER JOIN (
    SELECT [d1].[Id], [d1].[CreatedAt], [d1].[CreatedBy], [d1].[DesignationCode], [d1].[GradeLevel], [d1].[IsActive], [d1].[IsDeleted], [d1].[RowVersion], [d1].[Title], [d1].[UpdatedAt], [d1].[UpdatedBy]
    FROM [org].[Designations] AS [d1]
    WHERE [d1].[IsDeleted] = CAST(0 AS bit)
) AS [d2] ON [e0].[DesignationId] = [d2].[Id]
INNER JOIN (
    SELECT [o].[Id], [o].[City], [o].[Country], [o].[CreatedAt], [o].[CreatedBy], [o].[IsActive], [o].[IsDeleted], [o].[OfficeCode], [o].[OfficeName], [o].[RowVersion], [o].[State], [o].[UpdatedAt], [o].[UpdatedBy]
    FROM [org].[Offices] AS [o]
    WHERE [o].[IsDeleted] = CAST(0 AS bit)
) AS [o0] ON [e0].[OfficeId] = [o0].[Id]
ORDER BY [e0].[CreatedAt] DESC
2026-08-04 12:36:03.799 +05:30 [INF] Executing OkObjectResult, writing value of type '<>f__AnonymousType33`6[[System.Boolean, System.Private.CoreLib, Version=10.0.0.0, Culture=neutral, PublicKeyToken=7cec85d7bea7798e],[System.Collections.Generic.List`1[[LmsPortal.Core.Entities.Employee, LmsPortal.Core, Version=1.0.0.0, Culture=neutral, PublicKeyToken=null]], System.Private.CoreLib, Version=10.0.0.0, Culture=neutral, PublicKeyToken=7cec85d7bea7798e],[System.Int32, System.Private.CoreLib, Version=10.0.0.0, Culture=neutral, PublicKeyToken=7cec85d7bea7798e],[System.Int32, System.Private.CoreLib, Version=10.0.0.0, Culture=neutral, PublicKeyToken=7cec85d7bea7798e],[System.Int32, System.Private.CoreLib, Version=10.0.0.0, Culture=neutral, PublicKeyToken=7cec85d7bea7798e],[System.Int32, System.Private.CoreLib, Version=10.0.0.0, Culture=neutral, PublicKeyToken=7cec85d7bea7798e]]'.
2026-08-04 12:36:03.801 +05:30 [INF] Executed action LmsPortal.API.Controllers.EmployeesController.GetEmployees (LmsPortal.API) in 11.5669ms
2026-08-04 12:36:03.801 +05:30 [INF] Executed endpoint 'LmsPortal.API.Controllers.EmployeesController.GetEmployees (LmsPortal.API)'
2026-08-04 12:36:03.802 +05:30 [INF] HTTP GET /api/employees responded 200 in 13.0168 ms
2026-08-04 12:36:03.802 +05:30 [INF] Request finished HTTP/1.1 GET http://localhost:5000/api/employees?page=1&pageSize=10 - 200 null application/json; charset=utf-8 14.1883ms
2026-08-04 12:36:03.815 +05:30 [INF] Request starting HTTP/1.1 GET http://localhost:5000/api/departments - application/json null
2026-08-04 12:36:03.815 +05:30 [INF] Executing endpoint 'LmsPortal.API.Controllers.DepartmentsController.GetDepartments (LmsPortal.API)'
2026-08-04 12:36:03.816 +05:30 [INF] Route matched with {action = "GetDepartments", controller = "Departments"}. Executing controller action with signature System.Threading.Tasks.Task`1[Microsoft.AspNetCore.Mvc.IActionResult] GetDepartments() on controller LmsPortal.API.Controllers.DepartmentsController (LmsPortal.API).
2026-08-04 12:36:03.820 +05:30 [INF] Executed DbCommand (4ms) [Parameters=[], CommandType='"Text"', CommandTimeout='30']
SELECT [d].[Id], [d].[DepartmentName], [d].[DepartmentCode], [d].[Description], [d].[CreatedAt], [d].[UpdatedAt], (
    SELECT COUNT(*)
    FROM [emp].[Employees] AS [e]
    WHERE [e].[IsDeleted] = CAST(0 AS bit) AND [e].[DepartmentId] = [d].[Id] AND [e].[IsDeleted] = CAST(0 AS bit)) AS [EmployeeCount], (
    SELECT COUNT(*)
    FROM [lms].[Modules] AS [m]
    WHERE [m].[IsDeleted] = CAST(0 AS bit) AND [m].[TargetDepartmentId] = [d].[Id] AND [m].[IsDeleted] = CAST(0 AS bit)) AS [ModuleCount]
FROM [org].[Departments] AS [d]
WHERE [d].[IsDeleted] = CAST(0 AS bit)
ORDER BY [d].[DepartmentName]
2026-08-04 12:36:03.821 +05:30 [INF] Executing OkObjectResult, writing value of type '<>f__AnonymousType20`2[[System.Boolean, System.Private.CoreLib, Version=10.0.0.0, Culture=neutral, PublicKeyToken=7cec85d7bea7798e],[System.Collections.Generic.List`1[[<>f__AnonymousType31`8[[System.Int32, System.Private.CoreLib, Version=10.0.0.0, Culture=neutral, PublicKeyToken=7cec85d7bea7798e],[System.String, System.Private.CoreLib, Version=10.0.0.0, Culture=neutral, PublicKeyToken=7cec85d7bea7798e],[System.String, System.Private.CoreLib, Version=10.0.0.0, Culture=neutral, PublicKeyToken=7cec85d7bea7798e],[System.String, System.Private.CoreLib, Version=10.0.0.0, Culture=neutral, PublicKeyToken=7cec85d7bea7798e],[System.DateTime, System.Private.CoreLib, Version=10.0.0.0, Culture=neutral, PublicKeyToken=7cec85d7bea7798e],[System.DateTime, System.Private.CoreLib, Version=10.0.0.0, Culture=neutral, PublicKeyToken=7cec85d7bea7798e],[System.Int32, System.Private.CoreLib, Version=10.0.0.0, Culture=neutral, PublicKeyToken=7cec85d7bea7798e],[System.Int32, System.Private.CoreLib, Version=10.0.0.0, Culture=neutral, PublicKeyToken=7cec85d7bea7798e]], LmsPortal.API, Version=1.0.0.0, Culture=neutral, PublicKeyToken=null]], System.Private.CoreLib, Version=10.0.0.0, Culture=neutral, PublicKeyToken=7cec85d7bea7798e]]'.
2026-08-04 12:36:03.821 +05:30 [INF] Executed action LmsPortal.API.Controllers.DepartmentsController.GetDepartments (LmsPortal.API) in 5.8501ms
2026-08-04 12:36:03.822 +05:30 [INF] Executed endpoint 'LmsPortal.API.Controllers.DepartmentsController.GetDepartments (LmsPortal.API)'
2026-08-04 12:36:03.822 +05:30 [INF] HTTP GET /api/departments responded 200 in 6.7414 ms
2026-08-04 12:36:03.822 +05:30 [INF] Request finished HTTP/1.1 GET http://localhost:5000/api/departments - 200 null application/json; charset=utf-8 7.4524ms
2026-08-04 12:37:51.675 +05:30 [INF] Request starting HTTP/1.1 POST http://localhost:5000/api/employees - application/json 274
2026-08-04 12:37:51.678 +05:30 [INF] Executing endpoint 'LmsPortal.API.Controllers.EmployeesController.UpsertEmployee (LmsPortal.API)'
2026-08-04 12:37:51.678 +05:30 [INF] Route matched with {action = "UpsertEmployee", controller = "Employees"}. Executing controller action with signature System.Threading.Tasks.Task`1[Microsoft.AspNetCore.Mvc.IActionResult] UpsertEmployee(UpsertEmployeeDto) on controller LmsPortal.API.Controllers.EmployeesController (LmsPortal.API).
2026-08-04 12:37:51.693 +05:30 [INF] Executed DbCommand (10ms) [Parameters=[@__cleanEmpCode_0='?' (Size = 4000)], CommandType='"Text"', CommandTimeout='30']
SELECT CASE
    WHEN EXISTS (
        SELECT 1
        FROM [emp].[Employees] AS [e]
        WHERE [e].[IsDeleted] = CAST(0 AS bit) AND [e].[IsDeleted] = CAST(0 AS bit) AND UPPER([e].[EmployeeCode]) = @__cleanEmpCode_0) THEN CAST(1 AS bit)
    ELSE CAST(0 AS bit)
END
2026-08-04 12:37:51.701 +05:30 [INF] Executed DbCommand (5ms) [Parameters=[@__cleanEmail_0='?' (Size = 4000)], CommandType='"Text"', CommandTimeout='30']
SELECT CASE
    WHEN EXISTS (
        SELECT 1
        FROM [emp].[Employees] AS [e]
        WHERE [e].[IsDeleted] = CAST(0 AS bit) AND [e].[IsDeleted] = CAST(0 AS bit) AND LOWER([e].[OfficialEmail]) = @__cleanEmail_0) THEN CAST(1 AS bit)
    ELSE CAST(0 AS bit)
END
2026-08-04 12:37:51.706 +05:30 [INF] Executed DbCommand (3ms) [Parameters=[@__dto_DepartmentId_0='?' (DbType = Int32)], CommandType='"Text"', CommandTimeout='30']
SELECT TOP(1) [d].[Id], [d].[CreatedAt], [d].[CreatedBy], [d].[DepartmentCode], [d].[DepartmentName], [d].[Description], [d].[IsActive], [d].[IsDeleted], [d].[RowVersion], [d].[UpdatedAt], [d].[UpdatedBy]
FROM [org].[Departments] AS [d]
WHERE [d].[IsDeleted] = CAST(0 AS bit) AND [d].[Id] = @__dto_DepartmentId_0 AND [d].[IsDeleted] = CAST(0 AS bit)
2026-08-04 12:37:51.715 +05:30 [INF] Executed DbCommand (5ms) [Parameters=[@__dto_DesignationId_0='?' (DbType = Int32)], CommandType='"Text"', CommandTimeout='30']
SELECT TOP(1) [d].[Id], [d].[CreatedAt], [d].[CreatedBy], [d].[DesignationCode], [d].[GradeLevel], [d].[IsActive], [d].[IsDeleted], [d].[RowVersion], [d].[Title], [d].[UpdatedAt], [d].[UpdatedBy]
FROM [org].[Designations] AS [d]
WHERE [d].[IsDeleted] = CAST(0 AS bit) AND [d].[Id] = @__dto_DesignationId_0 AND [d].[IsDeleted] = CAST(0 AS bit)
2026-08-04 12:37:51.722 +05:30 [INF] Executed DbCommand (2ms) [Parameters=[@__dto_OfficeId_0='?' (DbType = Int32)], CommandType='"Text"', CommandTimeout='30']
SELECT TOP(1) [o].[Id], [o].[City], [o].[Country], [o].[CreatedAt], [o].[CreatedBy], [o].[IsActive], [o].[IsDeleted], [o].[OfficeCode], [o].[OfficeName], [o].[RowVersion], [o].[State], [o].[UpdatedAt], [o].[UpdatedBy]
FROM [org].[Offices] AS [o]
WHERE [o].[IsDeleted] = CAST(0 AS bit) AND [o].[Id] = @__dto_OfficeId_0 AND [o].[IsDeleted] = CAST(0 AS bit)
2026-08-04 12:37:51.726 +05:30 [INF] Executed DbCommand (2ms) [Parameters=[], CommandType='"Text"', CommandTimeout='30']
SELECT TOP(1) [r].[Id], [r].[CreatedAt], [r].[CreatedBy], [r].[Description], [r].[IsDeleted], [r].[NormalizedRoleName], [r].[RoleName], [r].[RowVersion], [r].[UpdatedAt], [r].[UpdatedBy]
FROM [sec].[Roles] AS [r]
WHERE [r].[IsDeleted] = CAST(0 AS bit) AND [r].[NormalizedRoleName] = N'EMPLOYEE'
2026-08-04 12:37:51.737 +05:30 [INF] Executed DbCommand (4ms) [Parameters=[@p0='?' (Size = 4000), @p1='?' (DbType = DateTime2), @p2='?' (Size = 4000), @p3='?' (Size = 4000), @p4='?' (DbType = Boolean), @p5='?' (DbType = Boolean), @p6='?' (DbType = Boolean), @p7='?' (Size = 4000), @p8='?' (Size = 4000), @p9='?' (Size = 4000), @p10='?' (Size = 4000), @p11='?' (DbType = Int32), @p12='?' (Size = 4000), @p13='?' (DbType = DateTime2), @p14='?' (Size = 4000), @p15='?' (Size = 4000)], CommandType='"Text"', CommandTimeout='30']
SET IMPLICIT_TRANSACTIONS OFF;
SET NOCOUNT ON;
INSERT INTO [sec].[Users] ([ConcurrencyStamp], [CreatedAt], [CreatedBy], [Email], [IsActive], [IsDeleted], [IsEmailConfirmed], [NormalizedEmail], [NormalizedUsername], [PasswordHash], [PhoneNumber], [RoleId], [SecurityStamp], [UpdatedAt], [UpdatedBy], [Username])
OUTPUT INSERTED.[Id], INSERTED.[RowVersion]
VALUES (@p0, @p1, @p2, @p3, @p4, @p5, @p6, @p7, @p8, @p9, @p10, @p11, @p12, @p13, @p14, @p15);
2026-08-04 12:37:51.764 +05:30 [INF] Executed DbCommand (24ms) [Parameters=[@p0='?' (DbType = DateTime2), @p1='?' (Size = 4000), @p2='?' (Size = 4000), @p3='?' (DbType = Int32), @p4='?' (Size = 4000), @p5='?' (DbType = Int32), @p6='?' (Size = 4000), @p7='?' (Size = 4000), @p8='?' (Size = 4000), @p9='?' (DbType = Boolean), @p10='?' (DbType = Boolean), @p11='?' (DbType = DateTime2), @p12='?' (Size = 4000), @p13='?' (Size = 4000), @p14='?' (Size = 4000), @p15='?' (DbType = Int32), @p16='?' (Size = 4000), @p17='?' (DbType = DateTime2), @p18='?' (Size = 4000), @p19='?' (DbType = Int32)], CommandType='"Text"', CommandTimeout='30']
SET IMPLICIT_TRANSACTIONS OFF;
SET NOCOUNT ON;
INSERT INTO [emp].[Employees] ([CreatedAt], [CreatedBy], [DepartmentCode], [DepartmentId], [DesignationCode], [DesignationId], [EmployeeCode], [EmploymentStatus], [FirstName], [IsDeleted], [IsMasterTester], [JoiningDate], [LastName], [MiddleName], [OfficeCode], [OfficeId], [OfficialEmail], [UpdatedAt], [UpdatedBy], [UserId])
OUTPUT INSERTED.[Id], INSERTED.[RowVersion]
VALUES (@p0, @p1, @p2, @p3, @p4, @p5, @p6, @p7, @p8, @p9, @p10, @p11, @p12, @p13, @p14, @p15, @p16, @p17, @p18, @p19);
2026-08-04 12:37:51.766 +05:30 [INF] Executing OkObjectResult, writing value of type '<>f__AnonymousType8`3[[System.Boolean, System.Private.CoreLib, Version=10.0.0.0, Culture=neutral, PublicKeyToken=7cec85d7bea7798e],[<>f__AnonymousType34`11[[System.Int32, System.Private.CoreLib, Version=10.0.0.0, Culture=neutral, PublicKeyToken=7cec85d7bea7798e],[System.String, System.Private.CoreLib, Version=10.0.0.0, Culture=neutral, PublicKeyToken=7cec85d7bea7798e],[System.String, System.Private.CoreLib, Version=10.0.0.0, Culture=neutral, PublicKeyToken=7cec85d7bea7798e],[System.String, System.Private.CoreLib, Version=10.0.0.0, Culture=neutral, PublicKeyToken=7cec85d7bea7798e],[System.String, System.Private.CoreLib, Version=10.0.0.0, Culture=neutral, PublicKeyToken=7cec85d7bea7798e],[System.Int32, System.Private.CoreLib, Version=10.0.0.0, Culture=neutral, PublicKeyToken=7cec85d7bea7798e],[System.Int32, System.Private.CoreLib, Version=10.0.0.0, Culture=neutral, PublicKeyToken=7cec85d7bea7798e],[System.Int32, System.Private.CoreLib, Version=10.0.0.0, Culture=neutral, PublicKeyToken=7cec85d7bea7798e],[System.DateTime, System.Private.CoreLib, Version=10.0.0.0, Culture=neutral, PublicKeyToken=7cec85d7bea7798e],[System.String, System.Private.CoreLib, Version=10.0.0.0, Culture=neutral, PublicKeyToken=7cec85d7bea7798e],[System.Boolean, System.Private.CoreLib, Version=10.0.0.0, Culture=neutral, PublicKeyToken=7cec85d7bea7798e]], LmsPortal.API, Version=1.0.0.0, Culture=neutral, PublicKeyToken=null],[System.String, System.Private.CoreLib, Version=10.0.0.0, Culture=neutral, PublicKeyToken=7cec85d7bea7798e]]'.
2026-08-04 12:37:51.766 +05:30 [INF] Executed action LmsPortal.API.Controllers.EmployeesController.UpsertEmployee (LmsPortal.API) in 87.9651ms
2026-08-04 12:37:51.766 +05:30 [INF] Executed endpoint 'LmsPortal.API.Controllers.EmployeesController.UpsertEmployee (LmsPortal.API)'
2026-08-04 12:37:51.766 +05:30 [INF] HTTP POST /api/employees responded 200 in 90.4799 ms
2026-08-04 12:37:51.767 +05:30 [INF] Request finished HTTP/1.1 POST http://localhost:5000/api/employees - 200 null application/json; charset=utf-8 91.0999ms
2026-08-04 12:37:52.083 +05:30 [INF] Request starting HTTP/1.1 GET http://localhost:5000/api/employees?page=1&pageSize=10 - application/json null
2026-08-04 12:37:52.083 +05:30 [INF] Executing endpoint 'LmsPortal.API.Controllers.EmployeesController.GetEmployees (LmsPortal.API)'
2026-08-04 12:37:52.083 +05:30 [INF] Route matched with {action = "GetEmployees", controller = "Employees"}. Executing controller action with signature System.Threading.Tasks.Task`1[Microsoft.AspNetCore.Mvc.IActionResult] GetEmployees(System.String, System.Nullable`1[System.Int32], System.String, Int32, Int32) on controller LmsPortal.API.Controllers.EmployeesController (LmsPortal.API).
2026-08-04 12:37:52.088 +05:30 [INF] Executed DbCommand (2ms) [Parameters=[], CommandType='"Text"', CommandTimeout='30']
SELECT COUNT(*)
FROM [emp].[Employees] AS [e]
WHERE [e].[IsDeleted] = CAST(0 AS bit)
2026-08-04 12:37:52.142 +05:30 [INF] Executed DbCommand (53ms) [Parameters=[@__p_0='?' (DbType = Int32), @__p_1='?' (DbType = Int32)], CommandType='"Text"', CommandTimeout='30']
SELECT [e0].[Id], [e0].[CreatedAt], [e0].[CreatedBy], [e0].[DepartmentCode], [e0].[DepartmentId], [e0].[DesignationCode], [e0].[DesignationId], [e0].[EmployeeCode], [e0].[EmploymentStatus], [e0].[FirstName], [e0].[IsDeleted], [e0].[IsMasterTester], [e0].[JoiningDate], [e0].[LastName], [e0].[MiddleName], [e0].[OfficeCode], [e0].[OfficeId], [e0].[OfficialEmail], [e0].[RowVersion], [e0].[UpdatedAt], [e0].[UpdatedBy], [e0].[UserId], [d0].[Id], [d0].[CreatedAt], [d0].[CreatedBy], [d0].[DepartmentCode], [d0].[DepartmentName], [d0].[Description], [d0].[IsActive], [d0].[IsDeleted], [d0].[RowVersion], [d0].[UpdatedAt], [d0].[UpdatedBy], [d2].[Id], [d2].[CreatedAt], [d2].[CreatedBy], [d2].[DesignationCode], [d2].[GradeLevel], [d2].[IsActive], [d2].[IsDeleted], [d2].[RowVersion], [d2].[Title], [d2].[UpdatedAt], [d2].[UpdatedBy], [o0].[Id], [o0].[City], [o0].[Country], [o0].[CreatedAt], [o0].[CreatedBy], [o0].[IsActive], [o0].[IsDeleted], [o0].[OfficeCode], [o0].[OfficeName], [o0].[RowVersion], [o0].[State], [o0].[UpdatedAt], [o0].[UpdatedBy]
FROM (
    SELECT [e].[Id], [e].[CreatedAt], [e].[CreatedBy], [e].[DepartmentCode], [e].[DepartmentId], [e].[DesignationCode], [e].[DesignationId], [e].[EmployeeCode], [e].[EmploymentStatus], [e].[FirstName], [e].[IsDeleted], [e].[IsMasterTester], [e].[JoiningDate], [e].[LastName], [e].[MiddleName], [e].[OfficeCode], [e].[OfficeId], [e].[OfficialEmail], [e].[RowVersion], [e].[UpdatedAt], [e].[UpdatedBy], [e].[UserId]
    FROM [emp].[Employees] AS [e]
    WHERE [e].[IsDeleted] = CAST(0 AS bit)
    ORDER BY [e].[CreatedAt] DESC
    OFFSET @__p_0 ROWS FETCH NEXT @__p_1 ROWS ONLY
) AS [e0]
INNER JOIN (
    SELECT [d].[Id], [d].[CreatedAt], [d].[CreatedBy], [d].[DepartmentCode], [d].[DepartmentName], [d].[Description], [d].[IsActive], [d].[IsDeleted], [d].[RowVersion], [d].[UpdatedAt], [d].[UpdatedBy]
    FROM [org].[Departments] AS [d]
    WHERE [d].[IsDeleted] = CAST(0 AS bit)
) AS [d0] ON [e0].[DepartmentId] = [d0].[Id]
INNER JOIN (
    SELECT [d1].[Id], [d1].[CreatedAt], [d1].[CreatedBy], [d1].[DesignationCode], [d1].[GradeLevel], [d1].[IsActive], [d1].[IsDeleted], [d1].[RowVersion], [d1].[Title], [d1].[UpdatedAt], [d1].[UpdatedBy]
    FROM [org].[Designations] AS [d1]
    WHERE [d1].[IsDeleted] = CAST(0 AS bit)
) AS [d2] ON [e0].[DesignationId] = [d2].[Id]
INNER JOIN (
    SELECT [o].[Id], [o].[City], [o].[Country], [o].[CreatedAt], [o].[CreatedBy], [o].[IsActive], [o].[IsDeleted], [o].[OfficeCode], [o].[OfficeName], [o].[RowVersion], [o].[State], [o].[UpdatedAt], [o].[UpdatedBy]
    FROM [org].[Offices] AS [o]
    WHERE [o].[IsDeleted] = CAST(0 AS bit)
) AS [o0] ON [e0].[OfficeId] = [o0].[Id]
ORDER BY [e0].[CreatedAt] DESC
2026-08-04 12:37:52.143 +05:30 [INF] Executing OkObjectResult, writing value of type '<>f__AnonymousType33`6[[System.Boolean, System.Private.CoreLib, Version=10.0.0.0, Culture=neutral, PublicKeyToken=7cec85d7bea7798e],[System.Collections.Generic.List`1[[LmsPortal.Core.Entities.Employee, LmsPortal.Core, Version=1.0.0.0, Culture=neutral, PublicKeyToken=null]], System.Private.CoreLib, Version=10.0.0.0, Culture=neutral, PublicKeyToken=7cec85d7bea7798e],[System.Int32, System.Private.CoreLib, Version=10.0.0.0, Culture=neutral, PublicKeyToken=7cec85d7bea7798e],[System.Int32, System.Private.CoreLib, Version=10.0.0.0, Culture=neutral, PublicKeyToken=7cec85d7bea7798e],[System.Int32, System.Private.CoreLib, Version=10.0.0.0, Culture=neutral, PublicKeyToken=7cec85d7bea7798e],[System.Int32, System.Private.CoreLib, Version=10.0.0.0, Culture=neutral, PublicKeyToken=7cec85d7bea7798e]]'.
2026-08-04 12:37:52.161 +05:30 [INF] Executed action LmsPortal.API.Controllers.EmployeesController.GetEmployees (LmsPortal.API) in 77.534ms
2026-08-04 12:37:52.161 +05:30 [INF] Executed endpoint 'LmsPortal.API.Controllers.EmployeesController.GetEmployees (LmsPortal.API)'
2026-08-04 12:37:52.161 +05:30 [INF] HTTP GET /api/employees responded 200 in 78.4280 ms
2026-08-04 12:37:52.162 +05:30 [INF] Request finished HTTP/1.1 GET http://localhost:5000/api/employees?page=1&pageSize=10 - 200 null application/json; charset=utf-8 78.9959ms
2026-08-04 12:37:52.176 +05:30 [INF] Request starting HTTP/1.1 GET http://localhost:5000/api/departments - application/json null
2026-08-04 12:37:52.177 +05:30 [INF] Executing endpoint 'LmsPortal.API.Controllers.DepartmentsController.GetDepartments (LmsPortal.API)'
2026-08-04 12:37:52.177 +05:30 [INF] Route matched with {action = "GetDepartments", controller = "Departments"}. Executing controller action with signature System.Threading.Tasks.Task`1[Microsoft.AspNetCore.Mvc.IActionResult] GetDepartments() on controller LmsPortal.API.Controllers.DepartmentsController (LmsPortal.API).
2026-08-04 12:37:52.182 +05:30 [INF] Executed DbCommand (4ms) [Parameters=[], CommandType='"Text"', CommandTimeout='30']
SELECT [d].[Id], [d].[DepartmentName], [d].[DepartmentCode], [d].[Description], [d].[CreatedAt], [d].[UpdatedAt], (
    SELECT COUNT(*)
    FROM [emp].[Employees] AS [e]
    WHERE [e].[IsDeleted] = CAST(0 AS bit) AND [e].[DepartmentId] = [d].[Id] AND [e].[IsDeleted] = CAST(0 AS bit)) AS [EmployeeCount], (
    SELECT COUNT(*)
    FROM [lms].[Modules] AS [m]
    WHERE [m].[IsDeleted] = CAST(0 AS bit) AND [m].[TargetDepartmentId] = [d].[Id] AND [m].[IsDeleted] = CAST(0 AS bit)) AS [ModuleCount]
FROM [org].[Departments] AS [d]
WHERE [d].[IsDeleted] = CAST(0 AS bit)
ORDER BY [d].[DepartmentName]
2026-08-04 12:37:52.183 +05:30 [INF] Executing OkObjectResult, writing value of type '<>f__AnonymousType20`2[[System.Boolean, System.Private.CoreLib, Version=10.0.0.0, Culture=neutral, PublicKeyToken=7cec85d7bea7798e],[System.Collections.Generic.List`1[[<>f__AnonymousType31`8[[System.Int32, System.Private.CoreLib, Version=10.0.0.0, Culture=neutral, PublicKeyToken=7cec85d7bea7798e],[System.String, System.Private.CoreLib, Version=10.0.0.0, Culture=neutral, PublicKeyToken=7cec85d7bea7798e],[System.String, System.Private.CoreLib, Version=10.0.0.0, Culture=neutral, PublicKeyToken=7cec85d7bea7798e],[System.String, System.Private.CoreLib, Version=10.0.0.0, Culture=neutral, PublicKeyToken=7cec85d7bea7798e],[System.DateTime, System.Private.CoreLib, Version=10.0.0.0, Culture=neutral, PublicKeyToken=7cec85d7bea7798e],[System.DateTime, System.Private.CoreLib, Version=10.0.0.0, Culture=neutral, PublicKeyToken=7cec85d7bea7798e],[System.Int32, System.Private.CoreLib, Version=10.0.0.0, Culture=neutral, PublicKeyToken=7cec85d7bea7798e],[System.Int32, System.Private.CoreLib, Version=10.0.0.0, Culture=neutral, PublicKeyToken=7cec85d7bea7798e]], LmsPortal.API, Version=1.0.0.0, Culture=neutral, PublicKeyToken=null]], System.Private.CoreLib, Version=10.0.0.0, Culture=neutral, PublicKeyToken=7cec85d7bea7798e]]'.
2026-08-04 12:37:52.184 +05:30 [INF] Executed action LmsPortal.API.Controllers.DepartmentsController.GetDepartments (LmsPortal.API) in 6.7475ms
2026-08-04 12:37:52.184 +05:30 [INF] Executed endpoint 'LmsPortal.API.Controllers.DepartmentsController.GetDepartments (LmsPortal.API)'
2026-08-04 12:37:52.184 +05:30 [INF] HTTP GET /api/departments responded 200 in 7.1233 ms
2026-08-04 12:37:52.184 +05:30 [INF] Request finished HTTP/1.1 GET http://localhost:5000/api/departments - 200 null application/json; charset=utf-8 7.4261ms
2026-08-04 12:37:57.844 +05:30 [INF] Request starting HTTP/1.1 POST http://localhost:5000/api/employees - application/json 265
2026-08-04 12:37:57.844 +05:30 [INF] Executing endpoint 'LmsPortal.API.Controllers.EmployeesController.UpsertEmployee (LmsPortal.API)'
2026-08-04 12:37:57.844 +05:30 [INF] Route matched with {action = "UpsertEmployee", controller = "Employees"}. Executing controller action with signature System.Threading.Tasks.Task`1[Microsoft.AspNetCore.Mvc.IActionResult] UpsertEmployee(UpsertEmployeeDto) on controller LmsPortal.API.Controllers.EmployeesController (LmsPortal.API).
2026-08-04 12:37:57.872 +05:30 [INF] Executed DbCommand (7ms) [Parameters=[@__cleanEmpCode_0='?' (Size = 4000), @__dto_Id_Value_1='?' (DbType = Int32)], CommandType='"Text"', CommandTimeout='30']
SELECT CASE
    WHEN EXISTS (
        SELECT 1
        FROM [emp].[Employees] AS [e]
        WHERE [e].[IsDeleted] = CAST(0 AS bit) AND [e].[IsDeleted] = CAST(0 AS bit) AND UPPER([e].[EmployeeCode]) = @__cleanEmpCode_0 AND [e].[Id] <> @__dto_Id_Value_1) THEN CAST(1 AS bit)
    ELSE CAST(0 AS bit)
END
2026-08-04 12:37:57.899 +05:30 [INF] Executed DbCommand (6ms) [Parameters=[@__cleanEmail_0='?' (Size = 4000), @__dto_Id_Value_1='?' (DbType = Int32)], CommandType='"Text"', CommandTimeout='30']
SELECT CASE
    WHEN EXISTS (
        SELECT 1
        FROM [emp].[Employees] AS [e]
        WHERE [e].[IsDeleted] = CAST(0 AS bit) AND [e].[IsDeleted] = CAST(0 AS bit) AND LOWER([e].[OfficialEmail]) = @__cleanEmail_0 AND [e].[Id] <> @__dto_Id_Value_1) THEN CAST(1 AS bit)
    ELSE CAST(0 AS bit)
END
2026-08-04 12:37:57.916 +05:30 [INF] Executed DbCommand (11ms) [Parameters=[@__dto_DepartmentId_0='?' (DbType = Int32)], CommandType='"Text"', CommandTimeout='30']
SELECT TOP(1) [d].[Id], [d].[CreatedAt], [d].[CreatedBy], [d].[DepartmentCode], [d].[DepartmentName], [d].[Description], [d].[IsActive], [d].[IsDeleted], [d].[RowVersion], [d].[UpdatedAt], [d].[UpdatedBy]
FROM [org].[Departments] AS [d]
WHERE [d].[IsDeleted] = CAST(0 AS bit) AND [d].[Id] = @__dto_DepartmentId_0 AND [d].[IsDeleted] = CAST(0 AS bit)
2026-08-04 12:37:57.923 +05:30 [INF] Executed DbCommand (3ms) [Parameters=[@__dto_DesignationId_0='?' (DbType = Int32)], CommandType='"Text"', CommandTimeout='30']
SELECT TOP(1) [d].[Id], [d].[CreatedAt], [d].[CreatedBy], [d].[DesignationCode], [d].[GradeLevel], [d].[IsActive], [d].[IsDeleted], [d].[RowVersion], [d].[Title], [d].[UpdatedAt], [d].[UpdatedBy]
FROM [org].[Designations] AS [d]
WHERE [d].[IsDeleted] = CAST(0 AS bit) AND [d].[Id] = @__dto_DesignationId_0 AND [d].[IsDeleted] = CAST(0 AS bit)
2026-08-04 12:37:57.934 +05:30 [INF] Executed DbCommand (7ms) [Parameters=[@__dto_OfficeId_0='?' (DbType = Int32)], CommandType='"Text"', CommandTimeout='30']
SELECT TOP(1) [o].[Id], [o].[City], [o].[Country], [o].[CreatedAt], [o].[CreatedBy], [o].[IsActive], [o].[IsDeleted], [o].[OfficeCode], [o].[OfficeName], [o].[RowVersion], [o].[State], [o].[UpdatedAt], [o].[UpdatedBy]
FROM [org].[Offices] AS [o]
WHERE [o].[IsDeleted] = CAST(0 AS bit) AND [o].[Id] = @__dto_OfficeId_0 AND [o].[IsDeleted] = CAST(0 AS bit)
2026-08-04 12:37:57.945 +05:30 [INF] Executed DbCommand (10ms) [Parameters=[], CommandType='"Text"', CommandTimeout='30']
SELECT TOP(1) [r].[Id], [r].[CreatedAt], [r].[CreatedBy], [r].[Description], [r].[IsDeleted], [r].[NormalizedRoleName], [r].[RoleName], [r].[RowVersion], [r].[UpdatedAt], [r].[UpdatedBy]
FROM [sec].[Roles] AS [r]
WHERE [r].[IsDeleted] = CAST(0 AS bit) AND [r].[NormalizedRoleName] = N'EMPLOYEE'
2026-08-04 12:37:58.002 +05:30 [INF] Executed DbCommand (6ms) [Parameters=[@__dto_Id_Value_0='?' (DbType = Int32)], CommandType='"Text"', CommandTimeout='30']
SELECT TOP(1) [e].[Id], [e].[CreatedAt], [e].[CreatedBy], [e].[DepartmentCode], [e].[DepartmentId], [e].[DesignationCode], [e].[DesignationId], [e].[EmployeeCode], [e].[EmploymentStatus], [e].[FirstName], [e].[IsDeleted], [e].[IsMasterTester], [e].[JoiningDate], [e].[LastName], [e].[MiddleName], [e].[OfficeCode], [e].[OfficeId], [e].[OfficialEmail], [e].[RowVersion], [e].[UpdatedAt], [e].[UpdatedBy], [e].[UserId]
FROM [emp].[Employees] AS [e]
WHERE [e].[IsDeleted] = CAST(0 AS bit) AND [e].[Id] = @__dto_Id_Value_0 AND [e].[IsDeleted] = CAST(0 AS bit)
2026-08-04 12:37:58.015 +05:30 [INF] Executed DbCommand (9ms) [Parameters=[@p3='?' (DbType = Int32), @p0='?' (DbType = DateTime2), @p1='?' (Size = 4000), @p4='?' (Size = 8) (DbType = Binary), @p2='?' (DbType = DateTime2)], CommandType='"Text"', CommandTimeout='30']
SET IMPLICIT_TRANSACTIONS OFF;
SET NOCOUNT ON;
UPDATE [emp].[Employees] SET [JoiningDate] = @p0, [MiddleName] = @p1, [UpdatedAt] = @p2
OUTPUT INSERTED.[RowVersion]
WHERE [Id] = @p3 AND [RowVersion] = @p4;
2026-08-04 12:37:58.016 +05:30 [INF] Executing OkObjectResult, writing value of type '<>f__AnonymousType8`3[[System.Boolean, System.Private.CoreLib, Version=10.0.0.0, Culture=neutral, PublicKeyToken=7cec85d7bea7798e],[<>f__AnonymousType34`11[[System.Int32, System.Private.CoreLib, Version=10.0.0.0, Culture=neutral, PublicKeyToken=7cec85d7bea7798e],[System.String, System.Private.CoreLib, Version=10.0.0.0, Culture=neutral, PublicKeyToken=7cec85d7bea7798e],[System.String, System.Private.CoreLib, Version=10.0.0.0, Culture=neutral, PublicKeyToken=7cec85d7bea7798e],[System.String, System.Private.CoreLib, Version=10.0.0.0, Culture=neutral, PublicKeyToken=7cec85d7bea7798e],[System.String, System.Private.CoreLib, Version=10.0.0.0, Culture=neutral, PublicKeyToken=7cec85d7bea7798e],[System.Int32, System.Private.CoreLib, Version=10.0.0.0, Culture=neutral, PublicKeyToken=7cec85d7bea7798e],[System.Int32, System.Private.CoreLib, Version=10.0.0.0, Culture=neutral, PublicKeyToken=7cec85d7bea7798e],[System.Int32, System.Private.CoreLib, Version=10.0.0.0, Culture=neutral, PublicKeyToken=7cec85d7bea7798e],[System.DateTime, System.Private.CoreLib, Version=10.0.0.0, Culture=neutral, PublicKeyToken=7cec85d7bea7798e],[System.String, System.Private.CoreLib, Version=10.0.0.0, Culture=neutral, PublicKeyToken=7cec85d7bea7798e],[System.Boolean, System.Private.CoreLib, Version=10.0.0.0, Culture=neutral, PublicKeyToken=7cec85d7bea7798e]], LmsPortal.API, Version=1.0.0.0, Culture=neutral, PublicKeyToken=null],[System.String, System.Private.CoreLib, Version=10.0.0.0, Culture=neutral, PublicKeyToken=7cec85d7bea7798e]]'.
2026-08-04 12:37:58.017 +05:30 [INF] Executed action LmsPortal.API.Controllers.EmployeesController.UpsertEmployee (LmsPortal.API) in 172.3212ms
2026-08-04 12:37:58.017 +05:30 [INF] Executed endpoint 'LmsPortal.API.Controllers.EmployeesController.UpsertEmployee (LmsPortal.API)'
2026-08-04 12:37:58.017 +05:30 [INF] HTTP POST /api/employees responded 200 in 173.0442 ms
2026-08-04 12:37:58.018 +05:30 [INF] Request finished HTTP/1.1 POST http://localhost:5000/api/employees - 200 null application/json; charset=utf-8 173.9511ms
2026-08-04 12:37:58.990 +05:30 [INF] Request starting HTTP/1.1 GET http://localhost:5000/api/employees?page=1&pageSize=10 - application/json null
2026-08-04 12:37:58.991 +05:30 [INF] Executing endpoint 'LmsPortal.API.Controllers.EmployeesController.GetEmployees (LmsPortal.API)'
2026-08-04 12:37:58.991 +05:30 [INF] Route matched with {action = "GetEmployees", controller = "Employees"}. Executing controller action with signature System.Threading.Tasks.Task`1[Microsoft.AspNetCore.Mvc.IActionResult] GetEmployees(System.String, System.Nullable`1[System.Int32], System.String, Int32, Int32) on controller LmsPortal.API.Controllers.EmployeesController (LmsPortal.API).
2026-08-04 12:37:58.999 +05:30 [INF] Executed DbCommand (6ms) [Parameters=[], CommandType='"Text"', CommandTimeout='30']
SELECT COUNT(*)
FROM [emp].[Employees] AS [e]
WHERE [e].[IsDeleted] = CAST(0 AS bit)
2026-08-04 12:37:59.008 +05:30 [INF] Executed DbCommand (9ms) [Parameters=[@__p_0='?' (DbType = Int32), @__p_1='?' (DbType = Int32)], CommandType='"Text"', CommandTimeout='30']
SELECT [e0].[Id], [e0].[CreatedAt], [e0].[CreatedBy], [e0].[DepartmentCode], [e0].[DepartmentId], [e0].[DesignationCode], [e0].[DesignationId], [e0].[EmployeeCode], [e0].[EmploymentStatus], [e0].[FirstName], [e0].[IsDeleted], [e0].[IsMasterTester], [e0].[JoiningDate], [e0].[LastName], [e0].[MiddleName], [e0].[OfficeCode], [e0].[OfficeId], [e0].[OfficialEmail], [e0].[RowVersion], [e0].[UpdatedAt], [e0].[UpdatedBy], [e0].[UserId], [d0].[Id], [d0].[CreatedAt], [d0].[CreatedBy], [d0].[DepartmentCode], [d0].[DepartmentName], [d0].[Description], [d0].[IsActive], [d0].[IsDeleted], [d0].[RowVersion], [d0].[UpdatedAt], [d0].[UpdatedBy], [d2].[Id], [d2].[CreatedAt], [d2].[CreatedBy], [d2].[DesignationCode], [d2].[GradeLevel], [d2].[IsActive], [d2].[IsDeleted], [d2].[RowVersion], [d2].[Title], [d2].[UpdatedAt], [d2].[UpdatedBy], [o0].[Id], [o0].[City], [o0].[Country], [o0].[CreatedAt], [o0].[CreatedBy], [o0].[IsActive], [o0].[IsDeleted], [o0].[OfficeCode], [o0].[OfficeName], [o0].[RowVersion], [o0].[State], [o0].[UpdatedAt], [o0].[UpdatedBy]
FROM (
    SELECT [e].[Id], [e].[CreatedAt], [e].[CreatedBy], [e].[DepartmentCode], [e].[DepartmentId], [e].[DesignationCode], [e].[DesignationId], [e].[EmployeeCode], [e].[EmploymentStatus], [e].[FirstName], [e].[IsDeleted], [e].[IsMasterTester], [e].[JoiningDate], [e].[LastName], [e].[MiddleName], [e].[OfficeCode], [e].[OfficeId], [e].[OfficialEmail], [e].[RowVersion], [e].[UpdatedAt], [e].[UpdatedBy], [e].[UserId]
    FROM [emp].[Employees] AS [e]
    WHERE [e].[IsDeleted] = CAST(0 AS bit)
    ORDER BY [e].[CreatedAt] DESC
    OFFSET @__p_0 ROWS FETCH NEXT @__p_1 ROWS ONLY
) AS [e0]
INNER JOIN (
    SELECT [d].[Id], [d].[CreatedAt], [d].[CreatedBy], [d].[DepartmentCode], [d].[DepartmentName], [d].[Description], [d].[IsActive], [d].[IsDeleted], [d].[RowVersion], [d].[UpdatedAt], [d].[UpdatedBy]
    FROM [org].[Departments] AS [d]
    WHERE [d].[IsDeleted] = CAST(0 AS bit)
) AS [d0] ON [e0].[DepartmentId] = [d0].[Id]
INNER JOIN (
    SELECT [d1].[Id], [d1].[CreatedAt], [d1].[CreatedBy], [d1].[DesignationCode], [d1].[GradeLevel], [d1].[IsActive], [d1].[IsDeleted], [d1].[RowVersion], [d1].[Title], [d1].[UpdatedAt], [d1].[UpdatedBy]
    FROM [org].[Designations] AS [d1]
    WHERE [d1].[IsDeleted] = CAST(0 AS bit)
) AS [d2] ON [e0].[DesignationId] = [d2].[Id]
INNER JOIN (
    SELECT [o].[Id], [o].[City], [o].[Country], [o].[CreatedAt], [o].[CreatedBy], [o].[IsActive], [o].[IsDeleted], [o].[OfficeCode], [o].[OfficeName], [o].[RowVersion], [o].[State], [o].[UpdatedAt], [o].[UpdatedBy]
    FROM [org].[Offices] AS [o]
    WHERE [o].[IsDeleted] = CAST(0 AS bit)
) AS [o0] ON [e0].[OfficeId] = [o0].[Id]
ORDER BY [e0].[CreatedAt] DESC
2026-08-04 12:37:59.011 +05:30 [INF] Executing OkObjectResult, writing value of type '<>f__AnonymousType33`6[[System.Boolean, System.Private.CoreLib, Version=10.0.0.0, Culture=neutral, PublicKeyToken=7cec85d7bea7798e],[System.Collections.Generic.List`1[[LmsPortal.Core.Entities.Employee, LmsPortal.Core, Version=1.0.0.0, Culture=neutral, PublicKeyToken=null]], System.Private.CoreLib, Version=10.0.0.0, Culture=neutral, PublicKeyToken=7cec85d7bea7798e],[System.Int32, System.Private.CoreLib, Version=10.0.0.0, Culture=neutral, PublicKeyToken=7cec85d7bea7798e],[System.Int32, System.Private.CoreLib, Version=10.0.0.0, Culture=neutral, PublicKeyToken=7cec85d7bea7798e],[System.Int32, System.Private.CoreLib, Version=10.0.0.0, Culture=neutral, PublicKeyToken=7cec85d7bea7798e],[System.Int32, System.Private.CoreLib, Version=10.0.0.0, Culture=neutral, PublicKeyToken=7cec85d7bea7798e]]'.
2026-08-04 12:37:59.016 +05:30 [INF] Executed action LmsPortal.API.Controllers.EmployeesController.GetEmployees (LmsPortal.API) in 25.3181ms
2026-08-04 12:37:59.017 +05:30 [INF] Executed endpoint 'LmsPortal.API.Controllers.EmployeesController.GetEmployees (LmsPortal.API)'
2026-08-04 12:37:59.017 +05:30 [INF] HTTP GET /api/employees responded 200 in 26.3260 ms
2026-08-04 12:37:59.017 +05:30 [INF] Request finished HTTP/1.1 GET http://localhost:5000/api/employees?page=1&pageSize=10 - 200 null application/json; charset=utf-8 26.7163ms
2026-08-04 12:37:59.042 +05:30 [INF] Request starting HTTP/1.1 GET http://localhost:5000/api/departments - application/json null
2026-08-04 12:37:59.043 +05:30 [INF] Executing endpoint 'LmsPortal.API.Controllers.DepartmentsController.GetDepartments (LmsPortal.API)'
2026-08-04 12:37:59.043 +05:30 [INF] Route matched with {action = "GetDepartments", controller = "Departments"}. Executing controller action with signature System.Threading.Tasks.Task`1[Microsoft.AspNetCore.Mvc.IActionResult] GetDepartments() on controller LmsPortal.API.Controllers.DepartmentsController (LmsPortal.API).
2026-08-04 12:37:59.048 +05:30 [INF] Executed DbCommand (2ms) [Parameters=[], CommandType='"Text"', CommandTimeout='30']
SELECT [d].[Id], [d].[DepartmentName], [d].[DepartmentCode], [d].[Description], [d].[CreatedAt], [d].[UpdatedAt], (
    SELECT COUNT(*)
    FROM [emp].[Employees] AS [e]
    WHERE [e].[IsDeleted] = CAST(0 AS bit) AND [e].[DepartmentId] = [d].[Id] AND [e].[IsDeleted] = CAST(0 AS bit)) AS [EmployeeCount], (
    SELECT COUNT(*)
    FROM [lms].[Modules] AS [m]
    WHERE [m].[IsDeleted] = CAST(0 AS bit) AND [m].[TargetDepartmentId] = [d].[Id] AND [m].[IsDeleted] = CAST(0 AS bit)) AS [ModuleCount]
FROM [org].[Departments] AS [d]
WHERE [d].[IsDeleted] = CAST(0 AS bit)
ORDER BY [d].[DepartmentName]
2026-08-04 12:37:59.049 +05:30 [INF] Executing OkObjectResult, writing value of type '<>f__AnonymousType20`2[[System.Boolean, System.Private.CoreLib, Version=10.0.0.0, Culture=neutral, PublicKeyToken=7cec85d7bea7798e],[System.Collections.Generic.List`1[[<>f__AnonymousType31`8[[System.Int32, System.Private.CoreLib, Version=10.0.0.0, Culture=neutral, PublicKeyToken=7cec85d7bea7798e],[System.String, System.Private.CoreLib, Version=10.0.0.0, Culture=neutral, PublicKeyToken=7cec85d7bea7798e],[System.String, System.Private.CoreLib, Version=10.0.0.0, Culture=neutral, PublicKeyToken=7cec85d7bea7798e],[System.String, System.Private.CoreLib, Version=10.0.0.0, Culture=neutral, PublicKeyToken=7cec85d7bea7798e],[System.DateTime, System.Private.CoreLib, Version=10.0.0.0, Culture=neutral, PublicKeyToken=7cec85d7bea7798e],[System.DateTime, System.Private.CoreLib, Version=10.0.0.0, Culture=neutral, PublicKeyToken=7cec85d7bea7798e],[System.Int32, System.Private.CoreLib, Version=10.0.0.0, Culture=neutral, PublicKeyToken=7cec85d7bea7798e],[System.Int32, System.Private.CoreLib, Version=10.0.0.0, Culture=neutral, PublicKeyToken=7cec85d7bea7798e]], LmsPortal.API, Version=1.0.0.0, Culture=neutral, PublicKeyToken=null]], System.Private.CoreLib, Version=10.0.0.0, Culture=neutral, PublicKeyToken=7cec85d7bea7798e]]'.
2026-08-04 12:37:59.049 +05:30 [INF] Executed action LmsPortal.API.Controllers.DepartmentsController.GetDepartments (LmsPortal.API) in 5.6404ms
2026-08-04 12:37:59.049 +05:30 [INF] Executed endpoint 'LmsPortal.API.Controllers.DepartmentsController.GetDepartments (LmsPortal.API)'
2026-08-04 12:37:59.049 +05:30 [INF] HTTP GET /api/departments responded 200 in 6.5576 ms
2026-08-04 12:37:59.049 +05:30 [INF] Request finished HTTP/1.1 GET http://localhost:5000/api/departments - 200 null application/json; charset=utf-8 7.3307ms
2026-08-04 12:45:30.225 +05:30 [INF] Request starting HTTP/1.1 POST http://localhost:5000/api/employees - application/json 277
2026-08-04 12:45:30.227 +05:30 [INF] Executing endpoint 'LmsPortal.API.Controllers.EmployeesController.UpsertEmployee (LmsPortal.API)'
2026-08-04 12:45:30.227 +05:30 [INF] Route matched with {action = "UpsertEmployee", controller = "Employees"}. Executing controller action with signature System.Threading.Tasks.Task`1[Microsoft.AspNetCore.Mvc.IActionResult] UpsertEmployee(UpsertEmployeeDto) on controller LmsPortal.API.Controllers.EmployeesController (LmsPortal.API).
2026-08-04 12:45:30.353 +05:30 [INF] Executed DbCommand (11ms) [Parameters=[@__cleanEmpCode_0='?' (Size = 4000)], CommandType='"Text"', CommandTimeout='30']
SELECT CASE
    WHEN EXISTS (
        SELECT 1
        FROM [emp].[Employees] AS [e]
        WHERE [e].[IsDeleted] = CAST(0 AS bit) AND [e].[IsDeleted] = CAST(0 AS bit) AND UPPER([e].[EmployeeCode]) = @__cleanEmpCode_0) THEN CAST(1 AS bit)
    ELSE CAST(0 AS bit)
END
2026-08-04 12:45:30.358 +05:30 [INF] Executed DbCommand (5ms) [Parameters=[@__cleanEmail_0='?' (Size = 4000)], CommandType='"Text"', CommandTimeout='30']
SELECT CASE
    WHEN EXISTS (
        SELECT 1
        FROM [emp].[Employees] AS [e]
        WHERE [e].[IsDeleted] = CAST(0 AS bit) AND [e].[IsDeleted] = CAST(0 AS bit) AND LOWER([e].[OfficialEmail]) = @__cleanEmail_0) THEN CAST(1 AS bit)
    ELSE CAST(0 AS bit)
END
2026-08-04 12:45:30.364 +05:30 [INF] Executed DbCommand (4ms) [Parameters=[@__dto_DepartmentId_0='?' (DbType = Int32)], CommandType='"Text"', CommandTimeout='30']
SELECT TOP(1) [d].[Id], [d].[CreatedAt], [d].[CreatedBy], [d].[DepartmentCode], [d].[DepartmentName], [d].[Description], [d].[IsActive], [d].[IsDeleted], [d].[RowVersion], [d].[UpdatedAt], [d].[UpdatedBy]
FROM [org].[Departments] AS [d]
WHERE [d].[IsDeleted] = CAST(0 AS bit) AND [d].[Id] = @__dto_DepartmentId_0 AND [d].[IsDeleted] = CAST(0 AS bit)
2026-08-04 12:45:30.371 +05:30 [INF] Executed DbCommand (5ms) [Parameters=[@__dto_DesignationId_0='?' (DbType = Int32)], CommandType='"Text"', CommandTimeout='30']
SELECT TOP(1) [d].[Id], [d].[CreatedAt], [d].[CreatedBy], [d].[DesignationCode], [d].[GradeLevel], [d].[IsActive], [d].[IsDeleted], [d].[RowVersion], [d].[Title], [d].[UpdatedAt], [d].[UpdatedBy]
FROM [org].[Designations] AS [d]
WHERE [d].[IsDeleted] = CAST(0 AS bit) AND [d].[Id] = @__dto_DesignationId_0 AND [d].[IsDeleted] = CAST(0 AS bit)
2026-08-04 12:45:30.390 +05:30 [INF] Executed DbCommand (17ms) [Parameters=[@__dto_OfficeId_0='?' (DbType = Int32)], CommandType='"Text"', CommandTimeout='30']
SELECT TOP(1) [o].[Id], [o].[City], [o].[Country], [o].[CreatedAt], [o].[CreatedBy], [o].[IsActive], [o].[IsDeleted], [o].[OfficeCode], [o].[OfficeName], [o].[RowVersion], [o].[State], [o].[UpdatedAt], [o].[UpdatedBy]
FROM [org].[Offices] AS [o]
WHERE [o].[IsDeleted] = CAST(0 AS bit) AND [o].[Id] = @__dto_OfficeId_0 AND [o].[IsDeleted] = CAST(0 AS bit)
2026-08-04 12:45:30.401 +05:30 [INF] Executed DbCommand (10ms) [Parameters=[], CommandType='"Text"', CommandTimeout='30']
SELECT TOP(1) [r].[Id], [r].[CreatedAt], [r].[CreatedBy], [r].[Description], [r].[IsDeleted], [r].[NormalizedRoleName], [r].[RoleName], [r].[RowVersion], [r].[UpdatedAt], [r].[UpdatedBy]
FROM [sec].[Roles] AS [r]
WHERE [r].[IsDeleted] = CAST(0 AS bit) AND [r].[NormalizedRoleName] = N'EMPLOYEE'
2026-08-04 12:45:30.420 +05:30 [INF] Executed DbCommand (16ms) [Parameters=[@p0='?' (Size = 4000), @p1='?' (DbType = DateTime2), @p2='?' (Size = 4000), @p3='?' (Size = 4000), @p4='?' (DbType = Boolean), @p5='?' (DbType = Boolean), @p6='?' (DbType = Boolean), @p7='?' (Size = 4000), @p8='?' (Size = 4000), @p9='?' (Size = 4000), @p10='?' (Size = 4000), @p11='?' (DbType = Int32), @p12='?' (Size = 4000), @p13='?' (DbType = DateTime2), @p14='?' (Size = 4000), @p15='?' (Size = 4000)], CommandType='"Text"', CommandTimeout='30']
SET IMPLICIT_TRANSACTIONS OFF;
SET NOCOUNT ON;
INSERT INTO [sec].[Users] ([ConcurrencyStamp], [CreatedAt], [CreatedBy], [Email], [IsActive], [IsDeleted], [IsEmailConfirmed], [NormalizedEmail], [NormalizedUsername], [PasswordHash], [PhoneNumber], [RoleId], [SecurityStamp], [UpdatedAt], [UpdatedBy], [Username])
OUTPUT INSERTED.[Id], INSERTED.[RowVersion]
VALUES (@p0, @p1, @p2, @p3, @p4, @p5, @p6, @p7, @p8, @p9, @p10, @p11, @p12, @p13, @p14, @p15);
2026-08-04 12:45:30.438 +05:30 [INF] Executed DbCommand (16ms) [Parameters=[@p0='?' (DbType = DateTime2), @p1='?' (Size = 4000), @p2='?' (Size = 4000), @p3='?' (DbType = Int32), @p4='?' (Size = 4000), @p5='?' (DbType = Int32), @p6='?' (Size = 4000), @p7='?' (Size = 4000), @p8='?' (Size = 4000), @p9='?' (DbType = Boolean), @p10='?' (DbType = Boolean), @p11='?' (DbType = DateTime2), @p12='?' (Size = 4000), @p13='?' (Size = 4000), @p14='?' (Size = 4000), @p15='?' (DbType = Int32), @p16='?' (Size = 4000), @p17='?' (DbType = DateTime2), @p18='?' (Size = 4000), @p19='?' (DbType = Int32)], CommandType='"Text"', CommandTimeout='30']
SET IMPLICIT_TRANSACTIONS OFF;
SET NOCOUNT ON;
INSERT INTO [emp].[Employees] ([CreatedAt], [CreatedBy], [DepartmentCode], [DepartmentId], [DesignationCode], [DesignationId], [EmployeeCode], [EmploymentStatus], [FirstName], [IsDeleted], [IsMasterTester], [JoiningDate], [LastName], [MiddleName], [OfficeCode], [OfficeId], [OfficialEmail], [UpdatedAt], [UpdatedBy], [UserId])
OUTPUT INSERTED.[Id], INSERTED.[RowVersion]
VALUES (@p0, @p1, @p2, @p3, @p4, @p5, @p6, @p7, @p8, @p9, @p10, @p11, @p12, @p13, @p14, @p15, @p16, @p17, @p18, @p19);
2026-08-04 12:45:30.440 +05:30 [INF] Executing OkObjectResult, writing value of type '<>f__AnonymousType8`3[[System.Boolean, System.Private.CoreLib, Version=10.0.0.0, Culture=neutral, PublicKeyToken=7cec85d7bea7798e],[<>f__AnonymousType34`11[[System.Int32, System.Private.CoreLib, Version=10.0.0.0, Culture=neutral, PublicKeyToken=7cec85d7bea7798e],[System.String, System.Private.CoreLib, Version=10.0.0.0, Culture=neutral, PublicKeyToken=7cec85d7bea7798e],[System.String, System.Private.CoreLib, Version=10.0.0.0, Culture=neutral, PublicKeyToken=7cec85d7bea7798e],[System.String, System.Private.CoreLib, Version=10.0.0.0, Culture=neutral, PublicKeyToken=7cec85d7bea7798e],[System.String, System.Private.CoreLib, Version=10.0.0.0, Culture=neutral, PublicKeyToken=7cec85d7bea7798e],[System.Int32, System.Private.CoreLib, Version=10.0.0.0, Culture=neutral, PublicKeyToken=7cec85d7bea7798e],[System.Int32, System.Private.CoreLib, Version=10.0.0.0, Culture=neutral, PublicKeyToken=7cec85d7bea7798e],[System.Int32, System.Private.CoreLib, Version=10.0.0.0, Culture=neutral, PublicKeyToken=7cec85d7bea7798e],[System.DateTime, System.Private.CoreLib, Version=10.0.0.0, Culture=neutral, PublicKeyToken=7cec85d7bea7798e],[System.String, System.Private.CoreLib, Version=10.0.0.0, Culture=neutral, PublicKeyToken=7cec85d7bea7798e],[System.Boolean, System.Private.CoreLib, Version=10.0.0.0, Culture=neutral, PublicKeyToken=7cec85d7bea7798e]], LmsPortal.API, Version=1.0.0.0, Culture=neutral, PublicKeyToken=null],[System.String, System.Private.CoreLib, Version=10.0.0.0, Culture=neutral, PublicKeyToken=7cec85d7bea7798e]]'.
2026-08-04 12:45:30.441 +05:30 [INF] Executed action LmsPortal.API.Controllers.EmployeesController.UpsertEmployee (LmsPortal.API) in 213.6894ms
2026-08-04 12:45:30.441 +05:30 [INF] Executed endpoint 'LmsPortal.API.Controllers.EmployeesController.UpsertEmployee (LmsPortal.API)'
2026-08-04 12:45:30.441 +05:30 [INF] HTTP POST /api/employees responded 200 in 215.4547 ms
2026-08-04 12:45:30.441 +05:30 [INF] Request finished HTTP/1.1 POST http://localhost:5000/api/employees - 200 null application/json; charset=utf-8 215.9288ms
2026-08-04 12:45:30.467 +05:30 [INF] Request starting HTTP/1.1 POST http://localhost:5000/api/employees - application/json 277
2026-08-04 12:45:30.469 +05:30 [INF] Executing endpoint 'LmsPortal.API.Controllers.EmployeesController.UpsertEmployee (LmsPortal.API)'
2026-08-04 12:45:30.470 +05:30 [INF] Route matched with {action = "UpsertEmployee", controller = "Employees"}. Executing controller action with signature System.Threading.Tasks.Task`1[Microsoft.AspNetCore.Mvc.IActionResult] UpsertEmployee(UpsertEmployeeDto) on controller LmsPortal.API.Controllers.EmployeesController (LmsPortal.API).
2026-08-04 12:45:30.485 +05:30 [INF] Executed DbCommand (13ms) [Parameters=[@__cleanEmpCode_0='?' (Size = 4000)], CommandType='"Text"', CommandTimeout='30']
SELECT CASE
    WHEN EXISTS (
        SELECT 1
        FROM [emp].[Employees] AS [e]
        WHERE [e].[IsDeleted] = CAST(0 AS bit) AND [e].[IsDeleted] = CAST(0 AS bit) AND UPPER([e].[EmployeeCode]) = @__cleanEmpCode_0) THEN CAST(1 AS bit)
    ELSE CAST(0 AS bit)
END
2026-08-04 12:45:30.496 +05:30 [INF] Executed DbCommand (9ms) [Parameters=[@__cleanEmail_0='?' (Size = 4000)], CommandType='"Text"', CommandTimeout='30']
SELECT CASE
    WHEN EXISTS (
        SELECT 1
        FROM [emp].[Employees] AS [e]
        WHERE [e].[IsDeleted] = CAST(0 AS bit) AND [e].[IsDeleted] = CAST(0 AS bit) AND LOWER([e].[OfficialEmail]) = @__cleanEmail_0) THEN CAST(1 AS bit)
    ELSE CAST(0 AS bit)
END
2026-08-04 12:45:30.515 +05:30 [INF] Executed DbCommand (16ms) [Parameters=[@__dto_DepartmentId_0='?' (DbType = Int32)], CommandType='"Text"', CommandTimeout='30']
SELECT TOP(1) [d].[Id], [d].[CreatedAt], [d].[CreatedBy], [d].[DepartmentCode], [d].[DepartmentName], [d].[Description], [d].[IsActive], [d].[IsDeleted], [d].[RowVersion], [d].[UpdatedAt], [d].[UpdatedBy]
FROM [org].[Departments] AS [d]
WHERE [d].[IsDeleted] = CAST(0 AS bit) AND [d].[Id] = @__dto_DepartmentId_0 AND [d].[IsDeleted] = CAST(0 AS bit)
2026-08-04 12:45:30.528 +05:30 [INF] Executed DbCommand (12ms) [Parameters=[@__dto_DesignationId_0='?' (DbType = Int32)], CommandType='"Text"', CommandTimeout='30']
SELECT TOP(1) [d].[Id], [d].[CreatedAt], [d].[CreatedBy], [d].[DesignationCode], [d].[GradeLevel], [d].[IsActive], [d].[IsDeleted], [d].[RowVersion], [d].[Title], [d].[UpdatedAt], [d].[UpdatedBy]
FROM [org].[Designations] AS [d]
WHERE [d].[IsDeleted] = CAST(0 AS bit) AND [d].[Id] = @__dto_DesignationId_0 AND [d].[IsDeleted] = CAST(0 AS bit)
2026-08-04 12:45:30.554 +05:30 [INF] Executed DbCommand (25ms) [Parameters=[@__dto_OfficeId_0='?' (DbType = Int32)], CommandType='"Text"', CommandTimeout='30']
SELECT TOP(1) [o].[Id], [o].[City], [o].[Country], [o].[CreatedAt], [o].[CreatedBy], [o].[IsActive], [o].[IsDeleted], [o].[OfficeCode], [o].[OfficeName], [o].[RowVersion], [o].[State], [o].[UpdatedAt], [o].[UpdatedBy]
FROM [org].[Offices] AS [o]
WHERE [o].[IsDeleted] = CAST(0 AS bit) AND [o].[Id] = @__dto_OfficeId_0 AND [o].[IsDeleted] = CAST(0 AS bit)
2026-08-04 12:45:30.571 +05:30 [INF] Executed DbCommand (15ms) [Parameters=[], CommandType='"Text"', CommandTimeout='30']
SELECT TOP(1) [r].[Id], [r].[CreatedAt], [r].[CreatedBy], [r].[Description], [r].[IsDeleted], [r].[NormalizedRoleName], [r].[RoleName], [r].[RowVersion], [r].[UpdatedAt], [r].[UpdatedBy]
FROM [sec].[Roles] AS [r]
WHERE [r].[IsDeleted] = CAST(0 AS bit) AND [r].[NormalizedRoleName] = N'EMPLOYEE'
2026-08-04 12:45:30.577 +05:30 [INF] Executed DbCommand (3ms) [Parameters=[@p0='?' (Size = 4000), @p1='?' (DbType = DateTime2), @p2='?' (Size = 4000), @p3='?' (Size = 4000), @p4='?' (DbType = Boolean), @p5='?' (DbType = Boolean), @p6='?' (DbType = Boolean), @p7='?' (Size = 4000), @p8='?' (Size = 4000), @p9='?' (Size = 4000), @p10='?' (Size = 4000), @p11='?' (DbType = Int32), @p12='?' (Size = 4000), @p13='?' (DbType = DateTime2), @p14='?' (Size = 4000), @p15='?' (Size = 4000)], CommandType='"Text"', CommandTimeout='30']
SET IMPLICIT_TRANSACTIONS OFF;
SET NOCOUNT ON;
INSERT INTO [sec].[Users] ([ConcurrencyStamp], [CreatedAt], [CreatedBy], [Email], [IsActive], [IsDeleted], [IsEmailConfirmed], [NormalizedEmail], [NormalizedUsername], [PasswordHash], [PhoneNumber], [RoleId], [SecurityStamp], [UpdatedAt], [UpdatedBy], [Username])
OUTPUT INSERTED.[Id], INSERTED.[RowVersion]
VALUES (@p0, @p1, @p2, @p3, @p4, @p5, @p6, @p7, @p8, @p9, @p10, @p11, @p12, @p13, @p14, @p15);
2026-08-04 12:45:30.588 +05:30 [INF] Executed DbCommand (3ms) [Parameters=[@p0='?' (DbType = DateTime2), @p1='?' (Size = 4000), @p2='?' (Size = 4000), @p3='?' (DbType = Int32), @p4='?' (Size = 4000), @p5='?' (DbType = Int32), @p6='?' (Size = 4000), @p7='?' (Size = 4000), @p8='?' (Size = 4000), @p9='?' (DbType = Boolean), @p10='?' (DbType = Boolean), @p11='?' (DbType = DateTime2), @p12='?' (Size = 4000), @p13='?' (Size = 4000), @p14='?' (Size = 4000), @p15='?' (DbType = Int32), @p16='?' (Size = 4000), @p17='?' (DbType = DateTime2), @p18='?' (Size = 4000), @p19='?' (DbType = Int32)], CommandType='"Text"', CommandTimeout='30']
SET IMPLICIT_TRANSACTIONS OFF;
SET NOCOUNT ON;
INSERT INTO [emp].[Employees] ([CreatedAt], [CreatedBy], [DepartmentCode], [DepartmentId], [DesignationCode], [DesignationId], [EmployeeCode], [EmploymentStatus], [FirstName], [IsDeleted], [IsMasterTester], [JoiningDate], [LastName], [MiddleName], [OfficeCode], [OfficeId], [OfficialEmail], [UpdatedAt], [UpdatedBy], [UserId])
OUTPUT INSERTED.[Id], INSERTED.[RowVersion]
VALUES (@p0, @p1, @p2, @p3, @p4, @p5, @p6, @p7, @p8, @p9, @p10, @p11, @p12, @p13, @p14, @p15, @p16, @p17, @p18, @p19);
2026-08-04 12:45:30.590 +05:30 [INF] Executing OkObjectResult, writing value of type '<>f__AnonymousType8`3[[System.Boolean, System.Private.CoreLib, Version=10.0.0.0, Culture=neutral, PublicKeyToken=7cec85d7bea7798e],[<>f__AnonymousType34`11[[System.Int32, System.Private.CoreLib, Version=10.0.0.0, Culture=neutral, PublicKeyToken=7cec85d7bea7798e],[System.String, System.Private.CoreLib, Version=10.0.0.0, Culture=neutral, PublicKeyToken=7cec85d7bea7798e],[System.String, System.Private.CoreLib, Version=10.0.0.0, Culture=neutral, PublicKeyToken=7cec85d7bea7798e],[System.String, System.Private.CoreLib, Version=10.0.0.0, Culture=neutral, PublicKeyToken=7cec85d7bea7798e],[System.String, System.Private.CoreLib, Version=10.0.0.0, Culture=neutral, PublicKeyToken=7cec85d7bea7798e],[System.Int32, System.Private.CoreLib, Version=10.0.0.0, Culture=neutral, PublicKeyToken=7cec85d7bea7798e],[System.Int32, System.Private.CoreLib, Version=10.0.0.0, Culture=neutral, PublicKeyToken=7cec85d7bea7798e],[System.Int32, System.Private.CoreLib, Version=10.0.0.0, Culture=neutral, PublicKeyToken=7cec85d7bea7798e],[System.DateTime, System.Private.CoreLib, Version=10.0.0.0, Culture=neutral, PublicKeyToken=7cec85d7bea7798e],[System.String, System.Private.CoreLib, Version=10.0.0.0, Culture=neutral, PublicKeyToken=7cec85d7bea7798e],[System.Boolean, System.Private.CoreLib, Version=10.0.0.0, Culture=neutral, PublicKeyToken=7cec85d7bea7798e]], LmsPortal.API, Version=1.0.0.0, Culture=neutral, PublicKeyToken=null],[System.String, System.Private.CoreLib, Version=10.0.0.0, Culture=neutral, PublicKeyToken=7cec85d7bea7798e]]'.
2026-08-04 12:45:30.590 +05:30 [INF] Executed action LmsPortal.API.Controllers.EmployeesController.UpsertEmployee (LmsPortal.API) in 120.6336ms
2026-08-04 12:45:30.590 +05:30 [INF] Executed endpoint 'LmsPortal.API.Controllers.EmployeesController.UpsertEmployee (LmsPortal.API)'
2026-08-04 12:45:30.590 +05:30 [INF] HTTP POST /api/employees responded 200 in 121.4261 ms
2026-08-04 12:45:30.590 +05:30 [INF] Request finished HTTP/1.1 POST http://localhost:5000/api/employees - 200 null application/json; charset=utf-8 123.1807ms
2026-08-04 12:45:30.610 +05:30 [INF] Request starting HTTP/1.1 POST http://localhost:5000/api/employees - application/json 279
2026-08-04 12:45:30.611 +05:30 [INF] Executing endpoint 'LmsPortal.API.Controllers.EmployeesController.UpsertEmployee (LmsPortal.API)'
2026-08-04 12:45:30.612 +05:30 [INF] Route matched with {action = "UpsertEmployee", controller = "Employees"}. Executing controller action with signature System.Threading.Tasks.Task`1[Microsoft.AspNetCore.Mvc.IActionResult] UpsertEmployee(UpsertEmployeeDto) on controller LmsPortal.API.Controllers.EmployeesController (LmsPortal.API).
2026-08-04 12:45:30.657 +05:30 [INF] Executed DbCommand (40ms) [Parameters=[@__cleanEmpCode_0='?' (Size = 4000)], CommandType='"Text"', CommandTimeout='30']
SELECT CASE
    WHEN EXISTS (
        SELECT 1
        FROM [emp].[Employees] AS [e]
        WHERE [e].[IsDeleted] = CAST(0 AS bit) AND [e].[IsDeleted] = CAST(0 AS bit) AND UPPER([e].[EmployeeCode]) = @__cleanEmpCode_0) THEN CAST(1 AS bit)
    ELSE CAST(0 AS bit)
END
2026-08-04 12:45:30.684 +05:30 [INF] Executed DbCommand (26ms) [Parameters=[@__cleanEmail_0='?' (Size = 4000)], CommandType='"Text"', CommandTimeout='30']
SELECT CASE
    WHEN EXISTS (
        SELECT 1
        FROM [emp].[Employees] AS [e]
        WHERE [e].[IsDeleted] = CAST(0 AS bit) AND [e].[IsDeleted] = CAST(0 AS bit) AND LOWER([e].[OfficialEmail]) = @__cleanEmail_0) THEN CAST(1 AS bit)
    ELSE CAST(0 AS bit)
END
2026-08-04 12:45:30.696 +05:30 [INF] Executed DbCommand (10ms) [Parameters=[@__dto_DepartmentId_0='?' (DbType = Int32)], CommandType='"Text"', CommandTimeout='30']
SELECT TOP(1) [d].[Id], [d].[CreatedAt], [d].[CreatedBy], [d].[DepartmentCode], [d].[DepartmentName], [d].[Description], [d].[IsActive], [d].[IsDeleted], [d].[RowVersion], [d].[UpdatedAt], [d].[UpdatedBy]
FROM [org].[Departments] AS [d]
WHERE [d].[IsDeleted] = CAST(0 AS bit) AND [d].[Id] = @__dto_DepartmentId_0 AND [d].[IsDeleted] = CAST(0 AS bit)
2026-08-04 12:45:30.715 +05:30 [INF] Executed DbCommand (18ms) [Parameters=[@__dto_DesignationId_0='?' (DbType = Int32)], CommandType='"Text"', CommandTimeout='30']
SELECT TOP(1) [d].[Id], [d].[CreatedAt], [d].[CreatedBy], [d].[DesignationCode], [d].[GradeLevel], [d].[IsActive], [d].[IsDeleted], [d].[RowVersion], [d].[Title], [d].[UpdatedAt], [d].[UpdatedBy]
FROM [org].[Designations] AS [d]
WHERE [d].[IsDeleted] = CAST(0 AS bit) AND [d].[Id] = @__dto_DesignationId_0 AND [d].[IsDeleted] = CAST(0 AS bit)
2026-08-04 12:45:30.742 +05:30 [INF] Executed DbCommand (24ms) [Parameters=[@__dto_OfficeId_0='?' (DbType = Int32)], CommandType='"Text"', CommandTimeout='30']
SELECT TOP(1) [o].[Id], [o].[City], [o].[Country], [o].[CreatedAt], [o].[CreatedBy], [o].[IsActive], [o].[IsDeleted], [o].[OfficeCode], [o].[OfficeName], [o].[RowVersion], [o].[State], [o].[UpdatedAt], [o].[UpdatedBy]
FROM [org].[Offices] AS [o]
WHERE [o].[IsDeleted] = CAST(0 AS bit) AND [o].[Id] = @__dto_OfficeId_0 AND [o].[IsDeleted] = CAST(0 AS bit)
2026-08-04 12:45:30.756 +05:30 [INF] Executed DbCommand (13ms) [Parameters=[], CommandType='"Text"', CommandTimeout='30']
SELECT TOP(1) [r].[Id], [r].[CreatedAt], [r].[CreatedBy], [r].[Description], [r].[IsDeleted], [r].[NormalizedRoleName], [r].[RoleName], [r].[RowVersion], [r].[UpdatedAt], [r].[UpdatedBy]
FROM [sec].[Roles] AS [r]
WHERE [r].[IsDeleted] = CAST(0 AS bit) AND [r].[NormalizedRoleName] = N'EMPLOYEE'
2026-08-04 12:45:30.763 +05:30 [INF] Executed DbCommand (5ms) [Parameters=[@p0='?' (Size = 4000), @p1='?' (DbType = DateTime2), @p2='?' (Size = 4000), @p3='?' (Size = 4000), @p4='?' (DbType = Boolean), @p5='?' (DbType = Boolean), @p6='?' (DbType = Boolean), @p7='?' (Size = 4000), @p8='?' (Size = 4000), @p9='?' (Size = 4000), @p10='?' (Size = 4000), @p11='?' (DbType = Int32), @p12='?' (Size = 4000), @p13='?' (DbType = DateTime2), @p14='?' (Size = 4000), @p15='?' (Size = 4000)], CommandType='"Text"', CommandTimeout='30']
SET IMPLICIT_TRANSACTIONS OFF;
SET NOCOUNT ON;
INSERT INTO [sec].[Users] ([ConcurrencyStamp], [CreatedAt], [CreatedBy], [Email], [IsActive], [IsDeleted], [IsEmailConfirmed], [NormalizedEmail], [NormalizedUsername], [PasswordHash], [PhoneNumber], [RoleId], [SecurityStamp], [UpdatedAt], [UpdatedBy], [Username])
OUTPUT INSERTED.[Id], INSERTED.[RowVersion]
VALUES (@p0, @p1, @p2, @p3, @p4, @p5, @p6, @p7, @p8, @p9, @p10, @p11, @p12, @p13, @p14, @p15);
2026-08-04 12:45:30.773 +05:30 [INF] Executed DbCommand (6ms) [Parameters=[@p0='?' (DbType = DateTime2), @p1='?' (Size = 4000), @p2='?' (Size = 4000), @p3='?' (DbType = Int32), @p4='?' (Size = 4000), @p5='?' (DbType = Int32), @p6='?' (Size = 4000), @p7='?' (Size = 4000), @p8='?' (Size = 4000), @p9='?' (DbType = Boolean), @p10='?' (DbType = Boolean), @p11='?' (DbType = DateTime2), @p12='?' (Size = 4000), @p13='?' (Size = 4000), @p14='?' (Size = 4000), @p15='?' (DbType = Int32), @p16='?' (Size = 4000), @p17='?' (DbType = DateTime2), @p18='?' (Size = 4000), @p19='?' (DbType = Int32)], CommandType='"Text"', CommandTimeout='30']
SET IMPLICIT_TRANSACTIONS OFF;
SET NOCOUNT ON;
INSERT INTO [emp].[Employees] ([CreatedAt], [CreatedBy], [DepartmentCode], [DepartmentId], [DesignationCode], [DesignationId], [EmployeeCode], [EmploymentStatus], [FirstName], [IsDeleted], [IsMasterTester], [JoiningDate], [LastName], [MiddleName], [OfficeCode], [OfficeId], [OfficialEmail], [UpdatedAt], [UpdatedBy], [UserId])
OUTPUT INSERTED.[Id], INSERTED.[RowVersion]
VALUES (@p0, @p1, @p2, @p3, @p4, @p5, @p6, @p7, @p8, @p9, @p10, @p11, @p12, @p13, @p14, @p15, @p16, @p17, @p18, @p19);
2026-08-04 12:45:30.774 +05:30 [INF] Executing OkObjectResult, writing value of type '<>f__AnonymousType8`3[[System.Boolean, System.Private.CoreLib, Version=10.0.0.0, Culture=neutral, PublicKeyToken=7cec85d7bea7798e],[<>f__AnonymousType34`11[[System.Int32, System.Private.CoreLib, Version=10.0.0.0, Culture=neutral, PublicKeyToken=7cec85d7bea7798e],[System.String, System.Private.CoreLib, Version=10.0.0.0, Culture=neutral, PublicKeyToken=7cec85d7bea7798e],[System.String, System.Private.CoreLib, Version=10.0.0.0, Culture=neutral, PublicKeyToken=7cec85d7bea7798e],[System.String, System.Private.CoreLib, Version=10.0.0.0, Culture=neutral, PublicKeyToken=7cec85d7bea7798e],[System.String, System.Private.CoreLib, Version=10.0.0.0, Culture=neutral, PublicKeyToken=7cec85d7bea7798e],[System.Int32, System.Private.CoreLib, Version=10.0.0.0, Culture=neutral, PublicKeyToken=7cec85d7bea7798e],[System.Int32, System.Private.CoreLib, Version=10.0.0.0, Culture=neutral, PublicKeyToken=7cec85d7bea7798e],[System.Int32, System.Private.CoreLib, Version=10.0.0.0, Culture=neutral, PublicKeyToken=7cec85d7bea7798e],[System.DateTime, System.Private.CoreLib, Version=10.0.0.0, Culture=neutral, PublicKeyToken=7cec85d7bea7798e],[System.String, System.Private.CoreLib, Version=10.0.0.0, Culture=neutral, PublicKeyToken=7cec85d7bea7798e],[System.Boolean, System.Private.CoreLib, Version=10.0.0.0, Culture=neutral, PublicKeyToken=7cec85d7bea7798e]], LmsPortal.API, Version=1.0.0.0, Culture=neutral, PublicKeyToken=null],[System.String, System.Private.CoreLib, Version=10.0.0.0, Culture=neutral, PublicKeyToken=7cec85d7bea7798e]]'.
2026-08-04 12:45:30.774 +05:30 [INF] Executed action LmsPortal.API.Controllers.EmployeesController.UpsertEmployee (LmsPortal.API) in 162.4879ms
2026-08-04 12:45:30.774 +05:30 [INF] Executed endpoint 'LmsPortal.API.Controllers.EmployeesController.UpsertEmployee (LmsPortal.API)'
2026-08-04 12:45:30.774 +05:30 [INF] HTTP POST /api/employees responded 200 in 163.9243 ms
2026-08-04 12:45:30.775 +05:30 [INF] Request finished HTTP/1.1 POST http://localhost:5000/api/employees - 200 null application/json; charset=utf-8 164.7529ms
2026-08-04 12:45:30.792 +05:30 [INF] Request starting HTTP/1.1 POST http://localhost:5000/api/employees - application/json 277
2026-08-04 12:45:30.793 +05:30 [INF] Executing endpoint 'LmsPortal.API.Controllers.EmployeesController.UpsertEmployee (LmsPortal.API)'
2026-08-04 12:45:30.794 +05:30 [INF] Route matched with {action = "UpsertEmployee", controller = "Employees"}. Executing controller action with signature System.Threading.Tasks.Task`1[Microsoft.AspNetCore.Mvc.IActionResult] UpsertEmployee(UpsertEmployeeDto) on controller LmsPortal.API.Controllers.EmployeesController (LmsPortal.API).
2026-08-04 12:45:30.801 +05:30 [INF] Executed DbCommand (4ms) [Parameters=[@__cleanEmpCode_0='?' (Size = 4000)], CommandType='"Text"', CommandTimeout='30']
SELECT CASE
    WHEN EXISTS (
        SELECT 1
        FROM [emp].[Employees] AS [e]
        WHERE [e].[IsDeleted] = CAST(0 AS bit) AND [e].[IsDeleted] = CAST(0 AS bit) AND UPPER([e].[EmployeeCode]) = @__cleanEmpCode_0) THEN CAST(1 AS bit)
    ELSE CAST(0 AS bit)
END
2026-08-04 12:45:30.820 +05:30 [INF] Executed DbCommand (18ms) [Parameters=[@__cleanEmail_0='?' (Size = 4000)], CommandType='"Text"', CommandTimeout='30']
SELECT CASE
    WHEN EXISTS (
        SELECT 1
        FROM [emp].[Employees] AS [e]
        WHERE [e].[IsDeleted] = CAST(0 AS bit) AND [e].[IsDeleted] = CAST(0 AS bit) AND LOWER([e].[OfficialEmail]) = @__cleanEmail_0) THEN CAST(1 AS bit)
    ELSE CAST(0 AS bit)
END
2026-08-04 12:45:30.821 +05:30 [INF] Executed DbCommand (1ms) [Parameters=[@__dto_DepartmentId_0='?' (DbType = Int32)], CommandType='"Text"', CommandTimeout='30']
SELECT TOP(1) [d].[Id], [d].[CreatedAt], [d].[CreatedBy], [d].[DepartmentCode], [d].[DepartmentName], [d].[Description], [d].[IsActive], [d].[IsDeleted], [d].[RowVersion], [d].[UpdatedAt], [d].[UpdatedBy]
FROM [org].[Departments] AS [d]
WHERE [d].[IsDeleted] = CAST(0 AS bit) AND [d].[Id] = @__dto_DepartmentId_0 AND [d].[IsDeleted] = CAST(0 AS bit)
2026-08-04 12:45:30.842 +05:30 [INF] Executed DbCommand (20ms) [Parameters=[@__dto_DesignationId_0='?' (DbType = Int32)], CommandType='"Text"', CommandTimeout='30']
SELECT TOP(1) [d].[Id], [d].[CreatedAt], [d].[CreatedBy], [d].[DesignationCode], [d].[GradeLevel], [d].[IsActive], [d].[IsDeleted], [d].[RowVersion], [d].[Title], [d].[UpdatedAt], [d].[UpdatedBy]
FROM [org].[Designations] AS [d]
WHERE [d].[IsDeleted] = CAST(0 AS bit) AND [d].[Id] = @__dto_DesignationId_0 AND [d].[IsDeleted] = CAST(0 AS bit)
2026-08-04 12:45:30.854 +05:30 [INF] Executed DbCommand (5ms) [Parameters=[@__dto_OfficeId_0='?' (DbType = Int32)], CommandType='"Text"', CommandTimeout='30']
SELECT TOP(1) [o].[Id], [o].[City], [o].[Country], [o].[CreatedAt], [o].[CreatedBy], [o].[IsActive], [o].[IsDeleted], [o].[OfficeCode], [o].[OfficeName], [o].[RowVersion], [o].[State], [o].[UpdatedAt], [o].[UpdatedBy]
FROM [org].[Offices] AS [o]
WHERE [o].[IsDeleted] = CAST(0 AS bit) AND [o].[Id] = @__dto_OfficeId_0 AND [o].[IsDeleted] = CAST(0 AS bit)
2026-08-04 12:45:30.881 +05:30 [INF] Executed DbCommand (26ms) [Parameters=[], CommandType='"Text"', CommandTimeout='30']
SELECT TOP(1) [r].[Id], [r].[CreatedAt], [r].[CreatedBy], [r].[Description], [r].[IsDeleted], [r].[NormalizedRoleName], [r].[RoleName], [r].[RowVersion], [r].[UpdatedAt], [r].[UpdatedBy]
FROM [sec].[Roles] AS [r]
WHERE [r].[IsDeleted] = CAST(0 AS bit) AND [r].[NormalizedRoleName] = N'EMPLOYEE'
2026-08-04 12:45:30.907 +05:30 [INF] Executed DbCommand (18ms) [Parameters=[@p0='?' (Size = 4000), @p1='?' (DbType = DateTime2), @p2='?' (Size = 4000), @p3='?' (Size = 4000), @p4='?' (DbType = Boolean), @p5='?' (DbType = Boolean), @p6='?' (DbType = Boolean), @p7='?' (Size = 4000), @p8='?' (Size = 4000), @p9='?' (Size = 4000), @p10='?' (Size = 4000), @p11='?' (DbType = Int32), @p12='?' (Size = 4000), @p13='?' (DbType = DateTime2), @p14='?' (Size = 4000), @p15='?' (Size = 4000)], CommandType='"Text"', CommandTimeout='30']
SET IMPLICIT_TRANSACTIONS OFF;
SET NOCOUNT ON;
INSERT INTO [sec].[Users] ([ConcurrencyStamp], [CreatedAt], [CreatedBy], [Email], [IsActive], [IsDeleted], [IsEmailConfirmed], [NormalizedEmail], [NormalizedUsername], [PasswordHash], [PhoneNumber], [RoleId], [SecurityStamp], [UpdatedAt], [UpdatedBy], [Username])
OUTPUT INSERTED.[Id], INSERTED.[RowVersion]
VALUES (@p0, @p1, @p2, @p3, @p4, @p5, @p6, @p7, @p8, @p9, @p10, @p11, @p12, @p13, @p14, @p15);
2026-08-04 12:45:30.926 +05:30 [INF] Executed DbCommand (16ms) [Parameters=[@p0='?' (DbType = DateTime2), @p1='?' (Size = 4000), @p2='?' (Size = 4000), @p3='?' (DbType = Int32), @p4='?' (Size = 4000), @p5='?' (DbType = Int32), @p6='?' (Size = 4000), @p7='?' (Size = 4000), @p8='?' (Size = 4000), @p9='?' (DbType = Boolean), @p10='?' (DbType = Boolean), @p11='?' (DbType = DateTime2), @p12='?' (Size = 4000), @p13='?' (Size = 4000), @p14='?' (Size = 4000), @p15='?' (DbType = Int32), @p16='?' (Size = 4000), @p17='?' (DbType = DateTime2), @p18='?' (Size = 4000), @p19='?' (DbType = Int32)], CommandType='"Text"', CommandTimeout='30']
SET IMPLICIT_TRANSACTIONS OFF;
SET NOCOUNT ON;
INSERT INTO [emp].[Employees] ([CreatedAt], [CreatedBy], [DepartmentCode], [DepartmentId], [DesignationCode], [DesignationId], [EmployeeCode], [EmploymentStatus], [FirstName], [IsDeleted], [IsMasterTester], [JoiningDate], [LastName], [MiddleName], [OfficeCode], [OfficeId], [OfficialEmail], [UpdatedAt], [UpdatedBy], [UserId])
OUTPUT INSERTED.[Id], INSERTED.[RowVersion]
VALUES (@p0, @p1, @p2, @p3, @p4, @p5, @p6, @p7, @p8, @p9, @p10, @p11, @p12, @p13, @p14, @p15, @p16, @p17, @p18, @p19);
2026-08-04 12:45:30.928 +05:30 [INF] Executing OkObjectResult, writing value of type '<>f__AnonymousType8`3[[System.Boolean, System.Private.CoreLib, Version=10.0.0.0, Culture=neutral, PublicKeyToken=7cec85d7bea7798e],[<>f__AnonymousType34`11[[System.Int32, System.Private.CoreLib, Version=10.0.0.0, Culture=neutral, PublicKeyToken=7cec85d7bea7798e],[System.String, System.Private.CoreLib, Version=10.0.0.0, Culture=neutral, PublicKeyToken=7cec85d7bea7798e],[System.String, System.Private.CoreLib, Version=10.0.0.0, Culture=neutral, PublicKeyToken=7cec85d7bea7798e],[System.String, System.Private.CoreLib, Version=10.0.0.0, Culture=neutral, PublicKeyToken=7cec85d7bea7798e],[System.String, System.Private.CoreLib, Version=10.0.0.0, Culture=neutral, PublicKeyToken=7cec85d7bea7798e],[System.Int32, System.Private.CoreLib, Version=10.0.0.0, Culture=neutral, PublicKeyToken=7cec85d7bea7798e],[System.Int32, System.Private.CoreLib, Version=10.0.0.0, Culture=neutral, PublicKeyToken=7cec85d7bea7798e],[System.Int32, System.Private.CoreLib, Version=10.0.0.0, Culture=neutral, PublicKeyToken=7cec85d7bea7798e],[System.DateTime, System.Private.CoreLib, Version=10.0.0.0, Culture=neutral, PublicKeyToken=7cec85d7bea7798e],[System.String, System.Private.CoreLib, Version=10.0.0.0, Culture=neutral, PublicKeyToken=7cec85d7bea7798e],[System.Boolean, System.Private.CoreLib, Version=10.0.0.0, Culture=neutral, PublicKeyToken=7cec85d7bea7798e]], LmsPortal.API, Version=1.0.0.0, Culture=neutral, PublicKeyToken=null],[System.String, System.Private.CoreLib, Version=10.0.0.0, Culture=neutral, PublicKeyToken=7cec85d7bea7798e]]'.
2026-08-04 12:45:30.928 +05:30 [INF] Executed action LmsPortal.API.Controllers.EmployeesController.UpsertEmployee (LmsPortal.API) in 134.4826ms
2026-08-04 12:45:30.928 +05:30 [INF] Executed endpoint 'LmsPortal.API.Controllers.EmployeesController.UpsertEmployee (LmsPortal.API)'
2026-08-04 12:45:30.928 +05:30 [INF] HTTP POST /api/employees responded 200 in 135.6282 ms
2026-08-04 12:45:30.929 +05:30 [INF] Request finished HTTP/1.1 POST http://localhost:5000/api/employees - 200 null application/json; charset=utf-8 136.23ms
2026-08-04 12:45:30.948 +05:30 [INF] Request starting HTTP/1.1 POST http://localhost:5000/api/employees - application/json 277
2026-08-04 12:45:30.950 +05:30 [INF] Executing endpoint 'LmsPortal.API.Controllers.EmployeesController.UpsertEmployee (LmsPortal.API)'
2026-08-04 12:45:30.950 +05:30 [INF] Route matched with {action = "UpsertEmployee", controller = "Employees"}. Executing controller action with signature System.Threading.Tasks.Task`1[Microsoft.AspNetCore.Mvc.IActionResult] UpsertEmployee(UpsertEmployeeDto) on controller LmsPortal.API.Controllers.EmployeesController (LmsPortal.API).
2026-08-04 12:45:30.970 +05:30 [INF] Executed DbCommand (17ms) [Parameters=[@__cleanEmpCode_0='?' (Size = 4000)], CommandType='"Text"', CommandTimeout='30']
SELECT CASE
    WHEN EXISTS (
        SELECT 1
        FROM [emp].[Employees] AS [e]
        WHERE [e].[IsDeleted] = CAST(0 AS bit) AND [e].[IsDeleted] = CAST(0 AS bit) AND UPPER([e].[EmployeeCode]) = @__cleanEmpCode_0) THEN CAST(1 AS bit)
    ELSE CAST(0 AS bit)
END
2026-08-04 12:45:30.998 +05:30 [INF] Executed DbCommand (27ms) [Parameters=[@__cleanEmail_0='?' (Size = 4000)], CommandType='"Text"', CommandTimeout='30']
SELECT CASE
    WHEN EXISTS (
        SELECT 1
        FROM [emp].[Employees] AS [e]
        WHERE [e].[IsDeleted] = CAST(0 AS bit) AND [e].[IsDeleted] = CAST(0 AS bit) AND LOWER([e].[OfficialEmail]) = @__cleanEmail_0) THEN CAST(1 AS bit)
    ELSE CAST(0 AS bit)
END
2026-08-04 12:45:31.006 +05:30 [INF] Executed DbCommand (5ms) [Parameters=[@__dto_DepartmentId_0='?' (DbType = Int32)], CommandType='"Text"', CommandTimeout='30']
SELECT TOP(1) [d].[Id], [d].[CreatedAt], [d].[CreatedBy], [d].[DepartmentCode], [d].[DepartmentName], [d].[Description], [d].[IsActive], [d].[IsDeleted], [d].[RowVersion], [d].[UpdatedAt], [d].[UpdatedBy]
FROM [org].[Departments] AS [d]
WHERE [d].[IsDeleted] = CAST(0 AS bit) AND [d].[Id] = @__dto_DepartmentId_0 AND [d].[IsDeleted] = CAST(0 AS bit)
2026-08-04 12:45:31.035 +05:30 [INF] Executed DbCommand (27ms) [Parameters=[@__dto_DesignationId_0='?' (DbType = Int32)], CommandType='"Text"', CommandTimeout='30']
SELECT TOP(1) [d].[Id], [d].[CreatedAt], [d].[CreatedBy], [d].[DesignationCode], [d].[GradeLevel], [d].[IsActive], [d].[IsDeleted], [d].[RowVersion], [d].[Title], [d].[UpdatedAt], [d].[UpdatedBy]
FROM [org].[Designations] AS [d]
WHERE [d].[IsDeleted] = CAST(0 AS bit) AND [d].[Id] = @__dto_DesignationId_0 AND [d].[IsDeleted] = CAST(0 AS bit)
2026-08-04 12:45:31.048 +05:30 [INF] Executed DbCommand (12ms) [Parameters=[@__dto_OfficeId_0='?' (DbType = Int32)], CommandType='"Text"', CommandTimeout='30']
SELECT TOP(1) [o].[Id], [o].[City], [o].[Country], [o].[CreatedAt], [o].[CreatedBy], [o].[IsActive], [o].[IsDeleted], [o].[OfficeCode], [o].[OfficeName], [o].[RowVersion], [o].[State], [o].[UpdatedAt], [o].[UpdatedBy]
FROM [org].[Offices] AS [o]
WHERE [o].[IsDeleted] = CAST(0 AS bit) AND [o].[Id] = @__dto_OfficeId_0 AND [o].[IsDeleted] = CAST(0 AS bit)
2026-08-04 12:45:31.063 +05:30 [INF] Executed DbCommand (9ms) [Parameters=[], CommandType='"Text"', CommandTimeout='30']
SELECT TOP(1) [r].[Id], [r].[CreatedAt], [r].[CreatedBy], [r].[Description], [r].[IsDeleted], [r].[NormalizedRoleName], [r].[RoleName], [r].[RowVersion], [r].[UpdatedAt], [r].[UpdatedBy]
FROM [sec].[Roles] AS [r]
WHERE [r].[IsDeleted] = CAST(0 AS bit) AND [r].[NormalizedRoleName] = N'EMPLOYEE'
2026-08-04 12:45:31.113 +05:30 [INF] Executed DbCommand (45ms) [Parameters=[@p0='?' (Size = 4000), @p1='?' (DbType = DateTime2), @p2='?' (Size = 4000), @p3='?' (Size = 4000), @p4='?' (DbType = Boolean), @p5='?' (DbType = Boolean), @p6='?' (DbType = Boolean), @p7='?' (Size = 4000), @p8='?' (Size = 4000), @p9='?' (Size = 4000), @p10='?' (Size = 4000), @p11='?' (DbType = Int32), @p12='?' (Size = 4000), @p13='?' (DbType = DateTime2), @p14='?' (Size = 4000), @p15='?' (Size = 4000)], CommandType='"Text"', CommandTimeout='30']
SET IMPLICIT_TRANSACTIONS OFF;
SET NOCOUNT ON;
INSERT INTO [sec].[Users] ([ConcurrencyStamp], [CreatedAt], [CreatedBy], [Email], [IsActive], [IsDeleted], [IsEmailConfirmed], [NormalizedEmail], [NormalizedUsername], [PasswordHash], [PhoneNumber], [RoleId], [SecurityStamp], [UpdatedAt], [UpdatedBy], [Username])
OUTPUT INSERTED.[Id], INSERTED.[RowVersion]
VALUES (@p0, @p1, @p2, @p3, @p4, @p5, @p6, @p7, @p8, @p9, @p10, @p11, @p12, @p13, @p14, @p15);
2026-08-04 12:45:31.142 +05:30 [INF] Executed DbCommand (14ms) [Parameters=[@p0='?' (DbType = DateTime2), @p1='?' (Size = 4000), @p2='?' (Size = 4000), @p3='?' (DbType = Int32), @p4='?' (Size = 4000), @p5='?' (DbType = Int32), @p6='?' (Size = 4000), @p7='?' (Size = 4000), @p8='?' (Size = 4000), @p9='?' (DbType = Boolean), @p10='?' (DbType = Boolean), @p11='?' (DbType = DateTime2), @p12='?' (Size = 4000), @p13='?' (Size = 4000), @p14='?' (Size = 4000), @p15='?' (DbType = Int32), @p16='?' (Size = 4000), @p17='?' (DbType = DateTime2), @p18='?' (Size = 4000), @p19='?' (DbType = Int32)], CommandType='"Text"', CommandTimeout='30']
SET IMPLICIT_TRANSACTIONS OFF;
SET NOCOUNT ON;
INSERT INTO [emp].[Employees] ([CreatedAt], [CreatedBy], [DepartmentCode], [DepartmentId], [DesignationCode], [DesignationId], [EmployeeCode], [EmploymentStatus], [FirstName], [IsDeleted], [IsMasterTester], [JoiningDate], [LastName], [MiddleName], [OfficeCode], [OfficeId], [OfficialEmail], [UpdatedAt], [UpdatedBy], [UserId])
OUTPUT INSERTED.[Id], INSERTED.[RowVersion]
VALUES (@p0, @p1, @p2, @p3, @p4, @p5, @p6, @p7, @p8, @p9, @p10, @p11, @p12, @p13, @p14, @p15, @p16, @p17, @p18, @p19);
2026-08-04 12:45:31.143 +05:30 [INF] Executing OkObjectResult, writing value of type '<>f__AnonymousType8`3[[System.Boolean, System.Private.CoreLib, Version=10.0.0.0, Culture=neutral, PublicKeyToken=7cec85d7bea7798e],[<>f__AnonymousType34`11[[System.Int32, System.Private.CoreLib, Version=10.0.0.0, Culture=neutral, PublicKeyToken=7cec85d7bea7798e],[System.String, System.Private.CoreLib, Version=10.0.0.0, Culture=neutral, PublicKeyToken=7cec85d7bea7798e],[System.String, System.Private.CoreLib, Version=10.0.0.0, Culture=neutral, PublicKeyToken=7cec85d7bea7798e],[System.String, System.Private.CoreLib, Version=10.0.0.0, Culture=neutral, PublicKeyToken=7cec85d7bea7798e],[System.String, System.Private.CoreLib, Version=10.0.0.0, Culture=neutral, PublicKeyToken=7cec85d7bea7798e],[System.Int32, System.Private.CoreLib, Version=10.0.0.0, Culture=neutral, PublicKeyToken=7cec85d7bea7798e],[System.Int32, System.Private.CoreLib, Version=10.0.0.0, Culture=neutral, PublicKeyToken=7cec85d7bea7798e],[System.Int32, System.Private.CoreLib, Version=10.0.0.0, Culture=neutral, PublicKeyToken=7cec85d7bea7798e],[System.DateTime, System.Private.CoreLib, Version=10.0.0.0, Culture=neutral, PublicKeyToken=7cec85d7bea7798e],[System.String, System.Private.CoreLib, Version=10.0.0.0, Culture=neutral, PublicKeyToken=7cec85d7bea7798e],[System.Boolean, System.Private.CoreLib, Version=10.0.0.0, Culture=neutral, PublicKeyToken=7cec85d7bea7798e]], LmsPortal.API, Version=1.0.0.0, Culture=neutral, PublicKeyToken=null],[System.String, System.Private.CoreLib, Version=10.0.0.0, Culture=neutral, PublicKeyToken=7cec85d7bea7798e]]'.
2026-08-04 12:45:31.143 +05:30 [INF] Executed action LmsPortal.API.Controllers.EmployeesController.UpsertEmployee (LmsPortal.API) in 193.09ms
2026-08-04 12:45:31.143 +05:30 [INF] Executed endpoint 'LmsPortal.API.Controllers.EmployeesController.UpsertEmployee (LmsPortal.API)'
2026-08-04 12:45:31.144 +05:30 [INF] HTTP POST /api/employees responded 200 in 195.0132 ms
2026-08-04 12:45:31.144 +05:30 [INF] Request finished HTTP/1.1 POST http://localhost:5000/api/employees - 200 null application/json; charset=utf-8 195.9889ms
2026-08-04 12:45:31.170 +05:30 [INF] Request starting HTTP/1.1 POST http://localhost:5000/api/employees - application/json 279
2026-08-04 12:45:31.170 +05:30 [INF] Executing endpoint 'LmsPortal.API.Controllers.EmployeesController.UpsertEmployee (LmsPortal.API)'
2026-08-04 12:45:31.170 +05:30 [INF] Route matched with {action = "UpsertEmployee", controller = "Employees"}. Executing controller action with signature System.Threading.Tasks.Task`1[Microsoft.AspNetCore.Mvc.IActionResult] UpsertEmployee(UpsertEmployeeDto) on controller LmsPortal.API.Controllers.EmployeesController (LmsPortal.API).
2026-08-04 12:45:31.180 +05:30 [INF] Executed DbCommand (9ms) [Parameters=[@__cleanEmpCode_0='?' (Size = 4000)], CommandType='"Text"', CommandTimeout='30']
SELECT CASE
    WHEN EXISTS (
        SELECT 1
        FROM [emp].[Employees] AS [e]
        WHERE [e].[IsDeleted] = CAST(0 AS bit) AND [e].[IsDeleted] = CAST(0 AS bit) AND UPPER([e].[EmployeeCode]) = @__cleanEmpCode_0) THEN CAST(1 AS bit)
    ELSE CAST(0 AS bit)
END
2026-08-04 12:45:31.208 +05:30 [INF] Executed DbCommand (26ms) [Parameters=[@__cleanEmail_0='?' (Size = 4000)], CommandType='"Text"', CommandTimeout='30']
SELECT CASE
    WHEN EXISTS (
        SELECT 1
        FROM [emp].[Employees] AS [e]
        WHERE [e].[IsDeleted] = CAST(0 AS bit) AND [e].[IsDeleted] = CAST(0 AS bit) AND LOWER([e].[OfficialEmail]) = @__cleanEmail_0) THEN CAST(1 AS bit)
    ELSE CAST(0 AS bit)
END
2026-08-04 12:45:31.211 +05:30 [INF] Executed DbCommand (2ms) [Parameters=[@__dto_DepartmentId_0='?' (DbType = Int32)], CommandType='"Text"', CommandTimeout='30']
SELECT TOP(1) [d].[Id], [d].[CreatedAt], [d].[CreatedBy], [d].[DepartmentCode], [d].[DepartmentName], [d].[Description], [d].[IsActive], [d].[IsDeleted], [d].[RowVersion], [d].[UpdatedAt], [d].[UpdatedBy]
FROM [org].[Departments] AS [d]
WHERE [d].[IsDeleted] = CAST(0 AS bit) AND [d].[Id] = @__dto_DepartmentId_0 AND [d].[IsDeleted] = CAST(0 AS bit)
2026-08-04 12:45:31.218 +05:30 [INF] Executed DbCommand (5ms) [Parameters=[@__dto_DesignationId_0='?' (DbType = Int32)], CommandType='"Text"', CommandTimeout='30']
SELECT TOP(1) [d].[Id], [d].[CreatedAt], [d].[CreatedBy], [d].[DesignationCode], [d].[GradeLevel], [d].[IsActive], [d].[IsDeleted], [d].[RowVersion], [d].[Title], [d].[UpdatedAt], [d].[UpdatedBy]
FROM [org].[Designations] AS [d]
WHERE [d].[IsDeleted] = CAST(0 AS bit) AND [d].[Id] = @__dto_DesignationId_0 AND [d].[IsDeleted] = CAST(0 AS bit)
2026-08-04 12:45:31.237 +05:30 [INF] Executed DbCommand (18ms) [Parameters=[@__dto_OfficeId_0='?' (DbType = Int32)], CommandType='"Text"', CommandTimeout='30']
SELECT TOP(1) [o].[Id], [o].[City], [o].[Country], [o].[CreatedAt], [o].[CreatedBy], [o].[IsActive], [o].[IsDeleted], [o].[OfficeCode], [o].[OfficeName], [o].[RowVersion], [o].[State], [o].[UpdatedAt], [o].[UpdatedBy]
FROM [org].[Offices] AS [o]
WHERE [o].[IsDeleted] = CAST(0 AS bit) AND [o].[Id] = @__dto_OfficeId_0 AND [o].[IsDeleted] = CAST(0 AS bit)
2026-08-04 12:45:31.250 +05:30 [INF] Executed DbCommand (13ms) [Parameters=[], CommandType='"Text"', CommandTimeout='30']
SELECT TOP(1) [r].[Id], [r].[CreatedAt], [r].[CreatedBy], [r].[Description], [r].[IsDeleted], [r].[NormalizedRoleName], [r].[RoleName], [r].[RowVersion], [r].[UpdatedAt], [r].[UpdatedBy]
FROM [sec].[Roles] AS [r]
WHERE [r].[IsDeleted] = CAST(0 AS bit) AND [r].[NormalizedRoleName] = N'EMPLOYEE'
2026-08-04 12:45:31.265 +05:30 [INF] Executed DbCommand (12ms) [Parameters=[@p0='?' (Size = 4000), @p1='?' (DbType = DateTime2), @p2='?' (Size = 4000), @p3='?' (Size = 4000), @p4='?' (DbType = Boolean), @p5='?' (DbType = Boolean), @p6='?' (DbType = Boolean), @p7='?' (Size = 4000), @p8='?' (Size = 4000), @p9='?' (Size = 4000), @p10='?' (Size = 4000), @p11='?' (DbType = Int32), @p12='?' (Size = 4000), @p13='?' (DbType = DateTime2), @p14='?' (Size = 4000), @p15='?' (Size = 4000)], CommandType='"Text"', CommandTimeout='30']
SET IMPLICIT_TRANSACTIONS OFF;
SET NOCOUNT ON;
INSERT INTO [sec].[Users] ([ConcurrencyStamp], [CreatedAt], [CreatedBy], [Email], [IsActive], [IsDeleted], [IsEmailConfirmed], [NormalizedEmail], [NormalizedUsername], [PasswordHash], [PhoneNumber], [RoleId], [SecurityStamp], [UpdatedAt], [UpdatedBy], [Username])
OUTPUT INSERTED.[Id], INSERTED.[RowVersion]
VALUES (@p0, @p1, @p2, @p3, @p4, @p5, @p6, @p7, @p8, @p9, @p10, @p11, @p12, @p13, @p14, @p15);
2026-08-04 12:45:31.297 +05:30 [INF] Executed DbCommand (29ms) [Parameters=[@p0='?' (DbType = DateTime2), @p1='?' (Size = 4000), @p2='?' (Size = 4000), @p3='?' (DbType = Int32), @p4='?' (Size = 4000), @p5='?' (DbType = Int32), @p6='?' (Size = 4000), @p7='?' (Size = 4000), @p8='?' (Size = 4000), @p9='?' (DbType = Boolean), @p10='?' (DbType = Boolean), @p11='?' (DbType = DateTime2), @p12='?' (Size = 4000), @p13='?' (Size = 4000), @p14='?' (Size = 4000), @p15='?' (DbType = Int32), @p16='?' (Size = 4000), @p17='?' (DbType = DateTime2), @p18='?' (Size = 4000), @p19='?' (DbType = Int32)], CommandType='"Text"', CommandTimeout='30']
SET IMPLICIT_TRANSACTIONS OFF;
SET NOCOUNT ON;
INSERT INTO [emp].[Employees] ([CreatedAt], [CreatedBy], [DepartmentCode], [DepartmentId], [DesignationCode], [DesignationId], [EmployeeCode], [EmploymentStatus], [FirstName], [IsDeleted], [IsMasterTester], [JoiningDate], [LastName], [MiddleName], [OfficeCode], [OfficeId], [OfficialEmail], [UpdatedAt], [UpdatedBy], [UserId])
OUTPUT INSERTED.[Id], INSERTED.[RowVersion]
VALUES (@p0, @p1, @p2, @p3, @p4, @p5, @p6, @p7, @p8, @p9, @p10, @p11, @p12, @p13, @p14, @p15, @p16, @p17, @p18, @p19);
2026-08-04 12:45:31.303 +05:30 [INF] Executing OkObjectResult, writing value of type '<>f__AnonymousType8`3[[System.Boolean, System.Private.CoreLib, Version=10.0.0.0, Culture=neutral, PublicKeyToken=7cec85d7bea7798e],[<>f__AnonymousType34`11[[System.Int32, System.Private.CoreLib, Version=10.0.0.0, Culture=neutral, PublicKeyToken=7cec85d7bea7798e],[System.String, System.Private.CoreLib, Version=10.0.0.0, Culture=neutral, PublicKeyToken=7cec85d7bea7798e],[System.String, System.Private.CoreLib, Version=10.0.0.0, Culture=neutral, PublicKeyToken=7cec85d7bea7798e],[System.String, System.Private.CoreLib, Version=10.0.0.0, Culture=neutral, PublicKeyToken=7cec85d7bea7798e],[System.String, System.Private.CoreLib, Version=10.0.0.0, Culture=neutral, PublicKeyToken=7cec85d7bea7798e],[System.Int32, System.Private.CoreLib, Version=10.0.0.0, Culture=neutral, PublicKeyToken=7cec85d7bea7798e],[System.Int32, System.Private.CoreLib, Version=10.0.0.0, Culture=neutral, PublicKeyToken=7cec85d7bea7798e],[System.Int32, System.Private.CoreLib, Version=10.0.0.0, Culture=neutral, PublicKeyToken=7cec85d7bea7798e],[System.DateTime, System.Private.CoreLib, Version=10.0.0.0, Culture=neutral, PublicKeyToken=7cec85d7bea7798e],[System.String, System.Private.CoreLib, Version=10.0.0.0, Culture=neutral, PublicKeyToken=7cec85d7bea7798e],[System.Boolean, System.Private.CoreLib, Version=10.0.0.0, Culture=neutral, PublicKeyToken=7cec85d7bea7798e]], LmsPortal.API, Version=1.0.0.0, Culture=neutral, PublicKeyToken=null],[System.String, System.Private.CoreLib, Version=10.0.0.0, Culture=neutral, PublicKeyToken=7cec85d7bea7798e]]'.
2026-08-04 12:45:31.304 +05:30 [INF] Executed action LmsPortal.API.Controllers.EmployeesController.UpsertEmployee (LmsPortal.API) in 133.2354ms
2026-08-04 12:45:31.304 +05:30 [INF] Executed endpoint 'LmsPortal.API.Controllers.EmployeesController.UpsertEmployee (LmsPortal.API)'
2026-08-04 12:45:31.304 +05:30 [INF] HTTP POST /api/employees responded 200 in 133.9521 ms
2026-08-04 12:45:31.304 +05:30 [INF] Request finished HTTP/1.1 POST http://localhost:5000/api/employees - 200 null application/json; charset=utf-8 134.2499ms
2026-08-04 12:45:31.328 +05:30 [INF] Request starting HTTP/1.1 POST http://localhost:5000/api/employees - application/json 285
2026-08-04 12:45:31.335 +05:30 [INF] Executing endpoint 'LmsPortal.API.Controllers.EmployeesController.UpsertEmployee (LmsPortal.API)'
2026-08-04 12:45:31.336 +05:30 [INF] Route matched with {action = "UpsertEmployee", controller = "Employees"}. Executing controller action with signature System.Threading.Tasks.Task`1[Microsoft.AspNetCore.Mvc.IActionResult] UpsertEmployee(UpsertEmployeeDto) on controller LmsPortal.API.Controllers.EmployeesController (LmsPortal.API).
2026-08-04 12:45:31.358 +05:30 [INF] Executed DbCommand (20ms) [Parameters=[@__cleanEmpCode_0='?' (Size = 4000)], CommandType='"Text"', CommandTimeout='30']
SELECT CASE
    WHEN EXISTS (
        SELECT 1
        FROM [emp].[Employees] AS [e]
        WHERE [e].[IsDeleted] = CAST(0 AS bit) AND [e].[IsDeleted] = CAST(0 AS bit) AND UPPER([e].[EmployeeCode]) = @__cleanEmpCode_0) THEN CAST(1 AS bit)
    ELSE CAST(0 AS bit)
END
2026-08-04 12:45:31.368 +05:30 [INF] Executed DbCommand (9ms) [Parameters=[@__cleanEmail_0='?' (Size = 4000)], CommandType='"Text"', CommandTimeout='30']
SELECT CASE
    WHEN EXISTS (
        SELECT 1
        FROM [emp].[Employees] AS [e]
        WHERE [e].[IsDeleted] = CAST(0 AS bit) AND [e].[IsDeleted] = CAST(0 AS bit) AND LOWER([e].[OfficialEmail]) = @__cleanEmail_0) THEN CAST(1 AS bit)
    ELSE CAST(0 AS bit)
END
2026-08-04 12:45:31.386 +05:30 [INF] Executed DbCommand (15ms) [Parameters=[@__dto_DepartmentId_0='?' (DbType = Int32)], CommandType='"Text"', CommandTimeout='30']
SELECT TOP(1) [d].[Id], [d].[CreatedAt], [d].[CreatedBy], [d].[DepartmentCode], [d].[DepartmentName], [d].[Description], [d].[IsActive], [d].[IsDeleted], [d].[RowVersion], [d].[UpdatedAt], [d].[UpdatedBy]
FROM [org].[Departments] AS [d]
WHERE [d].[IsDeleted] = CAST(0 AS bit) AND [d].[Id] = @__dto_DepartmentId_0 AND [d].[IsDeleted] = CAST(0 AS bit)
2026-08-04 12:45:31.400 +05:30 [INF] Executed DbCommand (13ms) [Parameters=[@__dto_DesignationId_0='?' (DbType = Int32)], CommandType='"Text"', CommandTimeout='30']
SELECT TOP(1) [d].[Id], [d].[CreatedAt], [d].[CreatedBy], [d].[DesignationCode], [d].[GradeLevel], [d].[IsActive], [d].[IsDeleted], [d].[RowVersion], [d].[Title], [d].[UpdatedAt], [d].[UpdatedBy]
FROM [org].[Designations] AS [d]
WHERE [d].[IsDeleted] = CAST(0 AS bit) AND [d].[Id] = @__dto_DesignationId_0 AND [d].[IsDeleted] = CAST(0 AS bit)
2026-08-04 12:45:31.416 +05:30 [INF] Executed DbCommand (14ms) [Parameters=[@__dto_OfficeId_0='?' (DbType = Int32)], CommandType='"Text"', CommandTimeout='30']
SELECT TOP(1) [o].[Id], [o].[City], [o].[Country], [o].[CreatedAt], [o].[CreatedBy], [o].[IsActive], [o].[IsDeleted], [o].[OfficeCode], [o].[OfficeName], [o].[RowVersion], [o].[State], [o].[UpdatedAt], [o].[UpdatedBy]
FROM [org].[Offices] AS [o]
WHERE [o].[IsDeleted] = CAST(0 AS bit) AND [o].[Id] = @__dto_OfficeId_0 AND [o].[IsDeleted] = CAST(0 AS bit)
2026-08-04 12:45:31.437 +05:30 [INF] Executed DbCommand (20ms) [Parameters=[], CommandType='"Text"', CommandTimeout='30']
SELECT TOP(1) [r].[Id], [r].[CreatedAt], [r].[CreatedBy], [r].[Description], [r].[IsDeleted], [r].[NormalizedRoleName], [r].[RoleName], [r].[RowVersion], [r].[UpdatedAt], [r].[UpdatedBy]
FROM [sec].[Roles] AS [r]
WHERE [r].[IsDeleted] = CAST(0 AS bit) AND [r].[NormalizedRoleName] = N'EMPLOYEE'
2026-08-04 12:45:31.463 +05:30 [INF] Executed DbCommand (24ms) [Parameters=[@p0='?' (Size = 4000), @p1='?' (DbType = DateTime2), @p2='?' (Size = 4000), @p3='?' (Size = 4000), @p4='?' (DbType = Boolean), @p5='?' (DbType = Boolean), @p6='?' (DbType = Boolean), @p7='?' (Size = 4000), @p8='?' (Size = 4000), @p9='?' (Size = 4000), @p10='?' (Size = 4000), @p11='?' (DbType = Int32), @p12='?' (Size = 4000), @p13='?' (DbType = DateTime2), @p14='?' (Size = 4000), @p15='?' (Size = 4000)], CommandType='"Text"', CommandTimeout='30']
SET IMPLICIT_TRANSACTIONS OFF;
SET NOCOUNT ON;
INSERT INTO [sec].[Users] ([ConcurrencyStamp], [CreatedAt], [CreatedBy], [Email], [IsActive], [IsDeleted], [IsEmailConfirmed], [NormalizedEmail], [NormalizedUsername], [PasswordHash], [PhoneNumber], [RoleId], [SecurityStamp], [UpdatedAt], [UpdatedBy], [Username])
OUTPUT INSERTED.[Id], INSERTED.[RowVersion]
VALUES (@p0, @p1, @p2, @p3, @p4, @p5, @p6, @p7, @p8, @p9, @p10, @p11, @p12, @p13, @p14, @p15);
2026-08-04 12:45:31.476 +05:30 [INF] Executed DbCommand (9ms) [Parameters=[@p0='?' (DbType = DateTime2), @p1='?' (Size = 4000), @p2='?' (Size = 4000), @p3='?' (DbType = Int32), @p4='?' (Size = 4000), @p5='?' (DbType = Int32), @p6='?' (Size = 4000), @p7='?' (Size = 4000), @p8='?' (Size = 4000), @p9='?' (DbType = Boolean), @p10='?' (DbType = Boolean), @p11='?' (DbType = DateTime2), @p12='?' (Size = 4000), @p13='?' (Size = 4000), @p14='?' (Size = 4000), @p15='?' (DbType = Int32), @p16='?' (Size = 4000), @p17='?' (DbType = DateTime2), @p18='?' (Size = 4000), @p19='?' (DbType = Int32)], CommandType='"Text"', CommandTimeout='30']
SET IMPLICIT_TRANSACTIONS OFF;
SET NOCOUNT ON;
INSERT INTO [emp].[Employees] ([CreatedAt], [CreatedBy], [DepartmentCode], [DepartmentId], [DesignationCode], [DesignationId], [EmployeeCode], [EmploymentStatus], [FirstName], [IsDeleted], [IsMasterTester], [JoiningDate], [LastName], [MiddleName], [OfficeCode], [OfficeId], [OfficialEmail], [UpdatedAt], [UpdatedBy], [UserId])
OUTPUT INSERTED.[Id], INSERTED.[RowVersion]
VALUES (@p0, @p1, @p2, @p3, @p4, @p5, @p6, @p7, @p8, @p9, @p10, @p11, @p12, @p13, @p14, @p15, @p16, @p17, @p18, @p19);
2026-08-04 12:45:31.477 +05:30 [INF] Executing OkObjectResult, writing value of type '<>f__AnonymousType8`3[[System.Boolean, System.Private.CoreLib, Version=10.0.0.0, Culture=neutral, PublicKeyToken=7cec85d7bea7798e],[<>f__AnonymousType34`11[[System.Int32, System.Private.CoreLib, Version=10.0.0.0, Culture=neutral, PublicKeyToken=7cec85d7bea7798e],[System.String, System.Private.CoreLib, Version=10.0.0.0, Culture=neutral, PublicKeyToken=7cec85d7bea7798e],[System.String, System.Private.CoreLib, Version=10.0.0.0, Culture=neutral, PublicKeyToken=7cec85d7bea7798e],[System.String, System.Private.CoreLib, Version=10.0.0.0, Culture=neutral, PublicKeyToken=7cec85d7bea7798e],[System.String, System.Private.CoreLib, Version=10.0.0.0, Culture=neutral, PublicKeyToken=7cec85d7bea7798e],[System.Int32, System.Private.CoreLib, Version=10.0.0.0, Culture=neutral, PublicKeyToken=7cec85d7bea7798e],[System.Int32, System.Private.CoreLib, Version=10.0.0.0, Culture=neutral, PublicKeyToken=7cec85d7bea7798e],[System.Int32, System.Private.CoreLib, Version=10.0.0.0, Culture=neutral, PublicKeyToken=7cec85d7bea7798e],[System.DateTime, System.Private.CoreLib, Version=10.0.0.0, Culture=neutral, PublicKeyToken=7cec85d7bea7798e],[System.String, System.Private.CoreLib, Version=10.0.0.0, Culture=neutral, PublicKeyToken=7cec85d7bea7798e],[System.Boolean, System.Private.CoreLib, Version=10.0.0.0, Culture=neutral, PublicKeyToken=7cec85d7bea7798e]], LmsPortal.API, Version=1.0.0.0, Culture=neutral, PublicKeyToken=null],[System.String, System.Private.CoreLib, Version=10.0.0.0, Culture=neutral, PublicKeyToken=7cec85d7bea7798e]]'.
2026-08-04 12:45:31.477 +05:30 [INF] Executed action LmsPortal.API.Controllers.EmployeesController.UpsertEmployee (LmsPortal.API) in 141.5271ms
2026-08-04 12:45:31.477 +05:30 [INF] Executed endpoint 'LmsPortal.API.Controllers.EmployeesController.UpsertEmployee (LmsPortal.API)'
2026-08-04 12:45:31.477 +05:30 [INF] HTTP POST /api/employees responded 200 in 148.9206 ms
2026-08-04 12:45:31.478 +05:30 [INF] Request finished HTTP/1.1 POST http://localhost:5000/api/employees - 200 null application/json; charset=utf-8 149.5422ms
2026-08-04 12:45:31.493 +05:30 [INF] Request starting HTTP/1.1 POST http://localhost:5000/api/employees - application/json 277
2026-08-04 12:45:31.494 +05:30 [INF] Executing endpoint 'LmsPortal.API.Controllers.EmployeesController.UpsertEmployee (LmsPortal.API)'
2026-08-04 12:45:31.494 +05:30 [INF] Route matched with {action = "UpsertEmployee", controller = "Employees"}. Executing controller action with signature System.Threading.Tasks.Task`1[Microsoft.AspNetCore.Mvc.IActionResult] UpsertEmployee(UpsertEmployeeDto) on controller LmsPortal.API.Controllers.EmployeesController (LmsPortal.API).
2026-08-04 12:45:31.509 +05:30 [INF] Executed DbCommand (11ms) [Parameters=[@__cleanEmpCode_0='?' (Size = 4000)], CommandType='"Text"', CommandTimeout='30']
SELECT CASE
    WHEN EXISTS (
        SELECT 1
        FROM [emp].[Employees] AS [e]
        WHERE [e].[IsDeleted] = CAST(0 AS bit) AND [e].[IsDeleted] = CAST(0 AS bit) AND UPPER([e].[EmployeeCode]) = @__cleanEmpCode_0) THEN CAST(1 AS bit)
    ELSE CAST(0 AS bit)
END
2026-08-04 12:45:31.519 +05:30 [INF] Executed DbCommand (9ms) [Parameters=[@__cleanEmail_0='?' (Size = 4000)], CommandType='"Text"', CommandTimeout='30']
SELECT CASE
    WHEN EXISTS (
        SELECT 1
        FROM [emp].[Employees] AS [e]
        WHERE [e].[IsDeleted] = CAST(0 AS bit) AND [e].[IsDeleted] = CAST(0 AS bit) AND LOWER([e].[OfficialEmail]) = @__cleanEmail_0) THEN CAST(1 AS bit)
    ELSE CAST(0 AS bit)
END
2026-08-04 12:45:31.545 +05:30 [INF] Executed DbCommand (26ms) [Parameters=[@__dto_DepartmentId_0='?' (DbType = Int32)], CommandType='"Text"', CommandTimeout='30']
SELECT TOP(1) [d].[Id], [d].[CreatedAt], [d].[CreatedBy], [d].[DepartmentCode], [d].[DepartmentName], [d].[Description], [d].[IsActive], [d].[IsDeleted], [d].[RowVersion], [d].[UpdatedAt], [d].[UpdatedBy]
FROM [org].[Departments] AS [d]
WHERE [d].[IsDeleted] = CAST(0 AS bit) AND [d].[Id] = @__dto_DepartmentId_0 AND [d].[IsDeleted] = CAST(0 AS bit)
2026-08-04 12:45:31.566 +05:30 [INF] Executed DbCommand (10ms) [Parameters=[@__dto_DesignationId_0='?' (DbType = Int32)], CommandType='"Text"', CommandTimeout='30']
SELECT TOP(1) [d].[Id], [d].[CreatedAt], [d].[CreatedBy], [d].[DesignationCode], [d].[GradeLevel], [d].[IsActive], [d].[IsDeleted], [d].[RowVersion], [d].[Title], [d].[UpdatedAt], [d].[UpdatedBy]
FROM [org].[Designations] AS [d]
WHERE [d].[IsDeleted] = CAST(0 AS bit) AND [d].[Id] = @__dto_DesignationId_0 AND [d].[IsDeleted] = CAST(0 AS bit)
2026-08-04 12:45:31.587 +05:30 [INF] Executed DbCommand (19ms) [Parameters=[@__dto_OfficeId_0='?' (DbType = Int32)], CommandType='"Text"', CommandTimeout='30']
SELECT TOP(1) [o].[Id], [o].[City], [o].[Country], [o].[CreatedAt], [o].[CreatedBy], [o].[IsActive], [o].[IsDeleted], [o].[OfficeCode], [o].[OfficeName], [o].[RowVersion], [o].[State], [o].[UpdatedAt], [o].[UpdatedBy]
FROM [org].[Offices] AS [o]
WHERE [o].[IsDeleted] = CAST(0 AS bit) AND [o].[Id] = @__dto_OfficeId_0 AND [o].[IsDeleted] = CAST(0 AS bit)
2026-08-04 12:45:31.607 +05:30 [INF] Executed DbCommand (20ms) [Parameters=[], CommandType='"Text"', CommandTimeout='30']
SELECT TOP(1) [r].[Id], [r].[CreatedAt], [r].[CreatedBy], [r].[Description], [r].[IsDeleted], [r].[NormalizedRoleName], [r].[RoleName], [r].[RowVersion], [r].[UpdatedAt], [r].[UpdatedBy]
FROM [sec].[Roles] AS [r]
WHERE [r].[IsDeleted] = CAST(0 AS bit) AND [r].[NormalizedRoleName] = N'EMPLOYEE'
2026-08-04 12:45:31.621 +05:30 [INF] Executed DbCommand (12ms) [Parameters=[@p0='?' (Size = 4000), @p1='?' (DbType = DateTime2), @p2='?' (Size = 4000), @p3='?' (Size = 4000), @p4='?' (DbType = Boolean), @p5='?' (DbType = Boolean), @p6='?' (DbType = Boolean), @p7='?' (Size = 4000), @p8='?' (Size = 4000), @p9='?' (Size = 4000), @p10='?' (Size = 4000), @p11='?' (DbType = Int32), @p12='?' (Size = 4000), @p13='?' (DbType = DateTime2), @p14='?' (Size = 4000), @p15='?' (Size = 4000)], CommandType='"Text"', CommandTimeout='30']
SET IMPLICIT_TRANSACTIONS OFF;
SET NOCOUNT ON;
INSERT INTO [sec].[Users] ([ConcurrencyStamp], [CreatedAt], [CreatedBy], [Email], [IsActive], [IsDeleted], [IsEmailConfirmed], [NormalizedEmail], [NormalizedUsername], [PasswordHash], [PhoneNumber], [RoleId], [SecurityStamp], [UpdatedAt], [UpdatedBy], [Username])
OUTPUT INSERTED.[Id], INSERTED.[RowVersion]
VALUES (@p0, @p1, @p2, @p3, @p4, @p5, @p6, @p7, @p8, @p9, @p10, @p11, @p12, @p13, @p14, @p15);
2026-08-04 12:45:31.634 +05:30 [INF] Executed DbCommand (11ms) [Parameters=[@p0='?' (DbType = DateTime2), @p1='?' (Size = 4000), @p2='?' (Size = 4000), @p3='?' (DbType = Int32), @p4='?' (Size = 4000), @p5='?' (DbType = Int32), @p6='?' (Size = 4000), @p7='?' (Size = 4000), @p8='?' (Size = 4000), @p9='?' (DbType = Boolean), @p10='?' (DbType = Boolean), @p11='?' (DbType = DateTime2), @p12='?' (Size = 4000), @p13='?' (Size = 4000), @p14='?' (Size = 4000), @p15='?' (DbType = Int32), @p16='?' (Size = 4000), @p17='?' (DbType = DateTime2), @p18='?' (Size = 4000), @p19='?' (DbType = Int32)], CommandType='"Text"', CommandTimeout='30']
SET IMPLICIT_TRANSACTIONS OFF;
SET NOCOUNT ON;
INSERT INTO [emp].[Employees] ([CreatedAt], [CreatedBy], [DepartmentCode], [DepartmentId], [DesignationCode], [DesignationId], [EmployeeCode], [EmploymentStatus], [FirstName], [IsDeleted], [IsMasterTester], [JoiningDate], [LastName], [MiddleName], [OfficeCode], [OfficeId], [OfficialEmail], [UpdatedAt], [UpdatedBy], [UserId])
OUTPUT INSERTED.[Id], INSERTED.[RowVersion]
VALUES (@p0, @p1, @p2, @p3, @p4, @p5, @p6, @p7, @p8, @p9, @p10, @p11, @p12, @p13, @p14, @p15, @p16, @p17, @p18, @p19);
2026-08-04 12:45:31.635 +05:30 [INF] Executing OkObjectResult, writing value of type '<>f__AnonymousType8`3[[System.Boolean, System.Private.CoreLib, Version=10.0.0.0, Culture=neutral, PublicKeyToken=7cec85d7bea7798e],[<>f__AnonymousType34`11[[System.Int32, System.Private.CoreLib, Version=10.0.0.0, Culture=neutral, PublicKeyToken=7cec85d7bea7798e],[System.String, System.Private.CoreLib, Version=10.0.0.0, Culture=neutral, PublicKeyToken=7cec85d7bea7798e],[System.String, System.Private.CoreLib, Version=10.0.0.0, Culture=neutral, PublicKeyToken=7cec85d7bea7798e],[System.String, System.Private.CoreLib, Version=10.0.0.0, Culture=neutral, PublicKeyToken=7cec85d7bea7798e],[System.String, System.Private.CoreLib, Version=10.0.0.0, Culture=neutral, PublicKeyToken=7cec85d7bea7798e],[System.Int32, System.Private.CoreLib, Version=10.0.0.0, Culture=neutral, PublicKeyToken=7cec85d7bea7798e],[System.Int32, System.Private.CoreLib, Version=10.0.0.0, Culture=neutral, PublicKeyToken=7cec85d7bea7798e],[System.Int32, System.Private.CoreLib, Version=10.0.0.0, Culture=neutral, PublicKeyToken=7cec85d7bea7798e],[System.DateTime, System.Private.CoreLib, Version=10.0.0.0, Culture=neutral, PublicKeyToken=7cec85d7bea7798e],[System.String, System.Private.CoreLib, Version=10.0.0.0, Culture=neutral, PublicKeyToken=7cec85d7bea7798e],[System.Boolean, System.Private.CoreLib, Version=10.0.0.0, Culture=neutral, PublicKeyToken=7cec85d7bea7798e]], LmsPortal.API, Version=1.0.0.0, Culture=neutral, PublicKeyToken=null],[System.String, System.Private.CoreLib, Version=10.0.0.0, Culture=neutral, PublicKeyToken=7cec85d7bea7798e]]'.
2026-08-04 12:45:31.636 +05:30 [INF] Executed action LmsPortal.API.Controllers.EmployeesController.UpsertEmployee (LmsPortal.API) in 141.7557ms
2026-08-04 12:45:31.636 +05:30 [INF] Executed endpoint 'LmsPortal.API.Controllers.EmployeesController.UpsertEmployee (LmsPortal.API)'
2026-08-04 12:45:31.636 +05:30 [INF] HTTP POST /api/employees responded 200 in 142.4567 ms
2026-08-04 12:45:31.636 +05:30 [INF] Request finished HTTP/1.1 POST http://localhost:5000/api/employees - 200 null application/json; charset=utf-8 142.8071ms
2026-08-04 12:45:31.662 +05:30 [INF] Request starting HTTP/1.1 POST http://localhost:5000/api/employees - application/json 283
2026-08-04 12:45:31.665 +05:30 [INF] Executing endpoint 'LmsPortal.API.Controllers.EmployeesController.UpsertEmployee (LmsPortal.API)'
2026-08-04 12:45:31.665 +05:30 [INF] Route matched with {action = "UpsertEmployee", controller = "Employees"}. Executing controller action with signature System.Threading.Tasks.Task`1[Microsoft.AspNetCore.Mvc.IActionResult] UpsertEmployee(UpsertEmployeeDto) on controller LmsPortal.API.Controllers.EmployeesController (LmsPortal.API).
2026-08-04 12:45:31.676 +05:30 [INF] Executed DbCommand (6ms) [Parameters=[@__cleanEmpCode_0='?' (Size = 4000)], CommandType='"Text"', CommandTimeout='30']
SELECT CASE
    WHEN EXISTS (
        SELECT 1
        FROM [emp].[Employees] AS [e]
        WHERE [e].[IsDeleted] = CAST(0 AS bit) AND [e].[IsDeleted] = CAST(0 AS bit) AND UPPER([e].[EmployeeCode]) = @__cleanEmpCode_0) THEN CAST(1 AS bit)
    ELSE CAST(0 AS bit)
END
2026-08-04 12:45:31.685 +05:30 [INF] Executed DbCommand (8ms) [Parameters=[@__cleanEmail_0='?' (Size = 4000)], CommandType='"Text"', CommandTimeout='30']
SELECT CASE
    WHEN EXISTS (
        SELECT 1
        FROM [emp].[Employees] AS [e]
        WHERE [e].[IsDeleted] = CAST(0 AS bit) AND [e].[IsDeleted] = CAST(0 AS bit) AND LOWER([e].[OfficialEmail]) = @__cleanEmail_0) THEN CAST(1 AS bit)
    ELSE CAST(0 AS bit)
END
2026-08-04 12:45:31.691 +05:30 [INF] Executed DbCommand (6ms) [Parameters=[@__dto_DepartmentId_0='?' (DbType = Int32)], CommandType='"Text"', CommandTimeout='30']
SELECT TOP(1) [d].[Id], [d].[CreatedAt], [d].[CreatedBy], [d].[DepartmentCode], [d].[DepartmentName], [d].[Description], [d].[IsActive], [d].[IsDeleted], [d].[RowVersion], [d].[UpdatedAt], [d].[UpdatedBy]
FROM [org].[Departments] AS [d]
WHERE [d].[IsDeleted] = CAST(0 AS bit) AND [d].[Id] = @__dto_DepartmentId_0 AND [d].[IsDeleted] = CAST(0 AS bit)
2026-08-04 12:45:31.703 +05:30 [INF] Executed DbCommand (11ms) [Parameters=[@__dto_DesignationId_0='?' (DbType = Int32)], CommandType='"Text"', CommandTimeout='30']
SELECT TOP(1) [d].[Id], [d].[CreatedAt], [d].[CreatedBy], [d].[DesignationCode], [d].[GradeLevel], [d].[IsActive], [d].[IsDeleted], [d].[RowVersion], [d].[Title], [d].[UpdatedAt], [d].[UpdatedBy]
FROM [org].[Designations] AS [d]
WHERE [d].[IsDeleted] = CAST(0 AS bit) AND [d].[Id] = @__dto_DesignationId_0 AND [d].[IsDeleted] = CAST(0 AS bit)
2026-08-04 12:45:31.721 +05:30 [INF] Executed DbCommand (17ms) [Parameters=[@__dto_OfficeId_0='?' (DbType = Int32)], CommandType='"Text"', CommandTimeout='30']
SELECT TOP(1) [o].[Id], [o].[City], [o].[Country], [o].[CreatedAt], [o].[CreatedBy], [o].[IsActive], [o].[IsDeleted], [o].[OfficeCode], [o].[OfficeName], [o].[RowVersion], [o].[State], [o].[UpdatedAt], [o].[UpdatedBy]
FROM [org].[Offices] AS [o]
WHERE [o].[IsDeleted] = CAST(0 AS bit) AND [o].[Id] = @__dto_OfficeId_0 AND [o].[IsDeleted] = CAST(0 AS bit)
2026-08-04 12:45:31.742 +05:30 [INF] Executed DbCommand (20ms) [Parameters=[], CommandType='"Text"', CommandTimeout='30']
SELECT TOP(1) [r].[Id], [r].[CreatedAt], [r].[CreatedBy], [r].[Description], [r].[IsDeleted], [r].[NormalizedRoleName], [r].[RoleName], [r].[RowVersion], [r].[UpdatedAt], [r].[UpdatedBy]
FROM [sec].[Roles] AS [r]
WHERE [r].[IsDeleted] = CAST(0 AS bit) AND [r].[NormalizedRoleName] = N'EMPLOYEE'
2026-08-04 12:45:31.754 +05:30 [INF] Executed DbCommand (10ms) [Parameters=[@p0='?' (Size = 4000), @p1='?' (DbType = DateTime2), @p2='?' (Size = 4000), @p3='?' (Size = 4000), @p4='?' (DbType = Boolean), @p5='?' (DbType = Boolean), @p6='?' (DbType = Boolean), @p7='?' (Size = 4000), @p8='?' (Size = 4000), @p9='?' (Size = 4000), @p10='?' (Size = 4000), @p11='?' (DbType = Int32), @p12='?' (Size = 4000), @p13='?' (DbType = DateTime2), @p14='?' (Size = 4000), @p15='?' (Size = 4000)], CommandType='"Text"', CommandTimeout='30']
SET IMPLICIT_TRANSACTIONS OFF;
SET NOCOUNT ON;
INSERT INTO [sec].[Users] ([ConcurrencyStamp], [CreatedAt], [CreatedBy], [Email], [IsActive], [IsDeleted], [IsEmailConfirmed], [NormalizedEmail], [NormalizedUsername], [PasswordHash], [PhoneNumber], [RoleId], [SecurityStamp], [UpdatedAt], [UpdatedBy], [Username])
OUTPUT INSERTED.[Id], INSERTED.[RowVersion]
VALUES (@p0, @p1, @p2, @p3, @p4, @p5, @p6, @p7, @p8, @p9, @p10, @p11, @p12, @p13, @p14, @p15);
2026-08-04 12:45:31.766 +05:30 [INF] Executed DbCommand (9ms) [Parameters=[@p0='?' (DbType = DateTime2), @p1='?' (Size = 4000), @p2='?' (Size = 4000), @p3='?' (DbType = Int32), @p4='?' (Size = 4000), @p5='?' (DbType = Int32), @p6='?' (Size = 4000), @p7='?' (Size = 4000), @p8='?' (Size = 4000), @p9='?' (DbType = Boolean), @p10='?' (DbType = Boolean), @p11='?' (DbType = DateTime2), @p12='?' (Size = 4000), @p13='?' (Size = 4000), @p14='?' (Size = 4000), @p15='?' (DbType = Int32), @p16='?' (Size = 4000), @p17='?' (DbType = DateTime2), @p18='?' (Size = 4000), @p19='?' (DbType = Int32)], CommandType='"Text"', CommandTimeout='30']
SET IMPLICIT_TRANSACTIONS OFF;
SET NOCOUNT ON;
INSERT INTO [emp].[Employees] ([CreatedAt], [CreatedBy], [DepartmentCode], [DepartmentId], [DesignationCode], [DesignationId], [EmployeeCode], [EmploymentStatus], [FirstName], [IsDeleted], [IsMasterTester], [JoiningDate], [LastName], [MiddleName], [OfficeCode], [OfficeId], [OfficialEmail], [UpdatedAt], [UpdatedBy], [UserId])
OUTPUT INSERTED.[Id], INSERTED.[RowVersion]
VALUES (@p0, @p1, @p2, @p3, @p4, @p5, @p6, @p7, @p8, @p9, @p10, @p11, @p12, @p13, @p14, @p15, @p16, @p17, @p18, @p19);
2026-08-04 12:45:31.767 +05:30 [INF] Executing OkObjectResult, writing value of type '<>f__AnonymousType8`3[[System.Boolean, System.Private.CoreLib, Version=10.0.0.0, Culture=neutral, PublicKeyToken=7cec85d7bea7798e],[<>f__AnonymousType34`11[[System.Int32, System.Private.CoreLib, Version=10.0.0.0, Culture=neutral, PublicKeyToken=7cec85d7bea7798e],[System.String, System.Private.CoreLib, Version=10.0.0.0, Culture=neutral, PublicKeyToken=7cec85d7bea7798e],[System.String, System.Private.CoreLib, Version=10.0.0.0, Culture=neutral, PublicKeyToken=7cec85d7bea7798e],[System.String, System.Private.CoreLib, Version=10.0.0.0, Culture=neutral, PublicKeyToken=7cec85d7bea7798e],[System.String, System.Private.CoreLib, Version=10.0.0.0, Culture=neutral, PublicKeyToken=7cec85d7bea7798e],[System.Int32, System.Private.CoreLib, Version=10.0.0.0, Culture=neutral, PublicKeyToken=7cec85d7bea7798e],[System.Int32, System.Private.CoreLib, Version=10.0.0.0, Culture=neutral, PublicKeyToken=7cec85d7bea7798e],[System.Int32, System.Private.CoreLib, Version=10.0.0.0, Culture=neutral, PublicKeyToken=7cec85d7bea7798e],[System.DateTime, System.Private.CoreLib, Version=10.0.0.0, Culture=neutral, PublicKeyToken=7cec85d7bea7798e],[System.String, System.Private.CoreLib, Version=10.0.0.0, Culture=neutral, PublicKeyToken=7cec85d7bea7798e],[System.Boolean, System.Private.CoreLib, Version=10.0.0.0, Culture=neutral, PublicKeyToken=7cec85d7bea7798e]], LmsPortal.API, Version=1.0.0.0, Culture=neutral, PublicKeyToken=null],[System.String, System.Private.CoreLib, Version=10.0.0.0, Culture=neutral, PublicKeyToken=7cec85d7bea7798e]]'.
2026-08-04 12:45:31.767 +05:30 [INF] Executed action LmsPortal.API.Controllers.EmployeesController.UpsertEmployee (LmsPortal.API) in 102.0882ms
2026-08-04 12:45:31.767 +05:30 [INF] Executed endpoint 'LmsPortal.API.Controllers.EmployeesController.UpsertEmployee (LmsPortal.API)'
2026-08-04 12:45:31.767 +05:30 [INF] HTTP POST /api/employees responded 200 in 105.2035 ms
2026-08-04 12:45:31.767 +05:30 [INF] Request finished HTTP/1.1 POST http://localhost:5000/api/employees - 200 null application/json; charset=utf-8 105.6142ms
2026-08-04 12:45:31.776 +05:30 [INF] Request starting HTTP/1.1 POST http://localhost:5000/api/employees - application/json 275
2026-08-04 12:45:31.777 +05:30 [INF] Executing endpoint 'LmsPortal.API.Controllers.EmployeesController.UpsertEmployee (LmsPortal.API)'
2026-08-04 12:45:31.777 +05:30 [INF] Route matched with {action = "UpsertEmployee", controller = "Employees"}. Executing controller action with signature System.Threading.Tasks.Task`1[Microsoft.AspNetCore.Mvc.IActionResult] UpsertEmployee(UpsertEmployeeDto) on controller LmsPortal.API.Controllers.EmployeesController (LmsPortal.API).
2026-08-04 12:45:31.802 +05:30 [INF] Executed DbCommand (16ms) [Parameters=[@__cleanEmpCode_0='?' (Size = 4000)], CommandType='"Text"', CommandTimeout='30']
SELECT CASE
    WHEN EXISTS (
        SELECT 1
        FROM [emp].[Employees] AS [e]
        WHERE [e].[IsDeleted] = CAST(0 AS bit) AND [e].[IsDeleted] = CAST(0 AS bit) AND UPPER([e].[EmployeeCode]) = @__cleanEmpCode_0) THEN CAST(1 AS bit)
    ELSE CAST(0 AS bit)
END
2026-08-04 12:45:31.821 +05:30 [INF] Executed DbCommand (18ms) [Parameters=[@__cleanEmail_0='?' (Size = 4000)], CommandType='"Text"', CommandTimeout='30']
SELECT CASE
    WHEN EXISTS (
        SELECT 1
        FROM [emp].[Employees] AS [e]
        WHERE [e].[IsDeleted] = CAST(0 AS bit) AND [e].[IsDeleted] = CAST(0 AS bit) AND LOWER([e].[OfficialEmail]) = @__cleanEmail_0) THEN CAST(1 AS bit)
    ELSE CAST(0 AS bit)
END
2026-08-04 12:45:31.829 +05:30 [INF] Executed DbCommand (7ms) [Parameters=[@__dto_DepartmentId_0='?' (DbType = Int32)], CommandType='"Text"', CommandTimeout='30']
SELECT TOP(1) [d].[Id], [d].[CreatedAt], [d].[CreatedBy], [d].[DepartmentCode], [d].[DepartmentName], [d].[Description], [d].[IsActive], [d].[IsDeleted], [d].[RowVersion], [d].[UpdatedAt], [d].[UpdatedBy]
FROM [org].[Departments] AS [d]
WHERE [d].[IsDeleted] = CAST(0 AS bit) AND [d].[Id] = @__dto_DepartmentId_0 AND [d].[IsDeleted] = CAST(0 AS bit)
2026-08-04 12:45:31.838 +05:30 [INF] Executed DbCommand (7ms) [Parameters=[@__dto_DesignationId_0='?' (DbType = Int32)], CommandType='"Text"', CommandTimeout='30']
SELECT TOP(1) [d].[Id], [d].[CreatedAt], [d].[CreatedBy], [d].[DesignationCode], [d].[GradeLevel], [d].[IsActive], [d].[IsDeleted], [d].[RowVersion], [d].[Title], [d].[UpdatedAt], [d].[UpdatedBy]
FROM [org].[Designations] AS [d]
WHERE [d].[IsDeleted] = CAST(0 AS bit) AND [d].[Id] = @__dto_DesignationId_0 AND [d].[IsDeleted] = CAST(0 AS bit)
2026-08-04 12:45:31.843 +05:30 [INF] Executed DbCommand (4ms) [Parameters=[@__dto_OfficeId_0='?' (DbType = Int32)], CommandType='"Text"', CommandTimeout='30']
SELECT TOP(1) [o].[Id], [o].[City], [o].[Country], [o].[CreatedAt], [o].[CreatedBy], [o].[IsActive], [o].[IsDeleted], [o].[OfficeCode], [o].[OfficeName], [o].[RowVersion], [o].[State], [o].[UpdatedAt], [o].[UpdatedBy]
FROM [org].[Offices] AS [o]
WHERE [o].[IsDeleted] = CAST(0 AS bit) AND [o].[Id] = @__dto_OfficeId_0 AND [o].[IsDeleted] = CAST(0 AS bit)
2026-08-04 12:45:31.845 +05:30 [INF] Executed DbCommand (1ms) [Parameters=[], CommandType='"Text"', CommandTimeout='30']
SELECT TOP(1) [r].[Id], [r].[CreatedAt], [r].[CreatedBy], [r].[Description], [r].[IsDeleted], [r].[NormalizedRoleName], [r].[RoleName], [r].[RowVersion], [r].[UpdatedAt], [r].[UpdatedBy]
FROM [sec].[Roles] AS [r]
WHERE [r].[IsDeleted] = CAST(0 AS bit) AND [r].[NormalizedRoleName] = N'EMPLOYEE'
2026-08-04 12:45:31.850 +05:30 [INF] Executed DbCommand (3ms) [Parameters=[@p0='?' (Size = 4000), @p1='?' (DbType = DateTime2), @p2='?' (Size = 4000), @p3='?' (Size = 4000), @p4='?' (DbType = Boolean), @p5='?' (DbType = Boolean), @p6='?' (DbType = Boolean), @p7='?' (Size = 4000), @p8='?' (Size = 4000), @p9='?' (Size = 4000), @p10='?' (Size = 4000), @p11='?' (DbType = Int32), @p12='?' (Size = 4000), @p13='?' (DbType = DateTime2), @p14='?' (Size = 4000), @p15='?' (Size = 4000)], CommandType='"Text"', CommandTimeout='30']
SET IMPLICIT_TRANSACTIONS OFF;
SET NOCOUNT ON;
INSERT INTO [sec].[Users] ([ConcurrencyStamp], [CreatedAt], [CreatedBy], [Email], [IsActive], [IsDeleted], [IsEmailConfirmed], [NormalizedEmail], [NormalizedUsername], [PasswordHash], [PhoneNumber], [RoleId], [SecurityStamp], [UpdatedAt], [UpdatedBy], [Username])
OUTPUT INSERTED.[Id], INSERTED.[RowVersion]
VALUES (@p0, @p1, @p2, @p3, @p4, @p5, @p6, @p7, @p8, @p9, @p10, @p11, @p12, @p13, @p14, @p15);
2026-08-04 12:45:31.856 +05:30 [INF] Executed DbCommand (3ms) [Parameters=[@p0='?' (DbType = DateTime2), @p1='?' (Size = 4000), @p2='?' (Size = 4000), @p3='?' (DbType = Int32), @p4='?' (Size = 4000), @p5='?' (DbType = Int32), @p6='?' (Size = 4000), @p7='?' (Size = 4000), @p8='?' (Size = 4000), @p9='?' (DbType = Boolean), @p10='?' (DbType = Boolean), @p11='?' (DbType = DateTime2), @p12='?' (Size = 4000), @p13='?' (Size = 4000), @p14='?' (Size = 4000), @p15='?' (DbType = Int32), @p16='?' (Size = 4000), @p17='?' (DbType = DateTime2), @p18='?' (Size = 4000), @p19='?' (DbType = Int32)], CommandType='"Text"', CommandTimeout='30']
SET IMPLICIT_TRANSACTIONS OFF;
SET NOCOUNT ON;
INSERT INTO [emp].[Employees] ([CreatedAt], [CreatedBy], [DepartmentCode], [DepartmentId], [DesignationCode], [DesignationId], [EmployeeCode], [EmploymentStatus], [FirstName], [IsDeleted], [IsMasterTester], [JoiningDate], [LastName], [MiddleName], [OfficeCode], [OfficeId], [OfficialEmail], [UpdatedAt], [UpdatedBy], [UserId])
OUTPUT INSERTED.[Id], INSERTED.[RowVersion]
VALUES (@p0, @p1, @p2, @p3, @p4, @p5, @p6, @p7, @p8, @p9, @p10, @p11, @p12, @p13, @p14, @p15, @p16, @p17, @p18, @p19);
2026-08-04 12:45:31.858 +05:30 [INF] Executing OkObjectResult, writing value of type '<>f__AnonymousType8`3[[System.Boolean, System.Private.CoreLib, Version=10.0.0.0, Culture=neutral, PublicKeyToken=7cec85d7bea7798e],[<>f__AnonymousType34`11[[System.Int32, System.Private.CoreLib, Version=10.0.0.0, Culture=neutral, PublicKeyToken=7cec85d7bea7798e],[System.String, System.Private.CoreLib, Version=10.0.0.0, Culture=neutral, PublicKeyToken=7cec85d7bea7798e],[System.String, System.Private.CoreLib, Version=10.0.0.0, Culture=neutral, PublicKeyToken=7cec85d7bea7798e],[System.String, System.Private.CoreLib, Version=10.0.0.0, Culture=neutral, PublicKeyToken=7cec85d7bea7798e],[System.String, System.Private.CoreLib, Version=10.0.0.0, Culture=neutral, PublicKeyToken=7cec85d7bea7798e],[System.Int32, System.Private.CoreLib, Version=10.0.0.0, Culture=neutral, PublicKeyToken=7cec85d7bea7798e],[System.Int32, System.Private.CoreLib, Version=10.0.0.0, Culture=neutral, PublicKeyToken=7cec85d7bea7798e],[System.Int32, System.Private.CoreLib, Version=10.0.0.0, Culture=neutral, PublicKeyToken=7cec85d7bea7798e],[System.DateTime, System.Private.CoreLib, Version=10.0.0.0, Culture=neutral, PublicKeyToken=7cec85d7bea7798e],[System.String, System.Private.CoreLib, Version=10.0.0.0, Culture=neutral, PublicKeyToken=7cec85d7bea7798e],[System.Boolean, System.Private.CoreLib, Version=10.0.0.0, Culture=neutral, PublicKeyToken=7cec85d7bea7798e]], LmsPortal.API, Version=1.0.0.0, Culture=neutral, PublicKeyToken=null],[System.String, System.Private.CoreLib, Version=10.0.0.0, Culture=neutral, PublicKeyToken=7cec85d7bea7798e]]'.
2026-08-04 12:45:32.326 +05:30 [INF] Executed action LmsPortal.API.Controllers.EmployeesController.UpsertEmployee (LmsPortal.API) in 549.1331ms
2026-08-04 12:45:32.326 +05:30 [INF] Executed endpoint 'LmsPortal.API.Controllers.EmployeesController.UpsertEmployee (LmsPortal.API)'
2026-08-04 12:45:32.326 +05:30 [INF] HTTP POST /api/employees responded 200 in 549.7519 ms
2026-08-04 12:45:32.326 +05:30 [INF] Request finished HTTP/1.1 POST http://localhost:5000/api/employees - 200 null application/json; charset=utf-8 550.0824ms
2026-08-04 12:45:32.686 +05:30 [INF] Request starting HTTP/1.1 GET http://localhost:5000/api/employees?page=1&pageSize=10 - application/json null
2026-08-04 12:45:32.687 +05:30 [INF] Executing endpoint 'LmsPortal.API.Controllers.EmployeesController.GetEmployees (LmsPortal.API)'
2026-08-04 12:45:32.688 +05:30 [INF] Route matched with {action = "GetEmployees", controller = "Employees"}. Executing controller action with signature System.Threading.Tasks.Task`1[Microsoft.AspNetCore.Mvc.IActionResult] GetEmployees(System.String, System.Nullable`1[System.Int32], System.String, Int32, Int32) on controller LmsPortal.API.Controllers.EmployeesController (LmsPortal.API).
2026-08-04 12:45:32.693 +05:30 [INF] Executed DbCommand (4ms) [Parameters=[], CommandType='"Text"', CommandTimeout='30']
SELECT COUNT(*)
FROM [emp].[Employees] AS [e]
WHERE [e].[IsDeleted] = CAST(0 AS bit)
2026-08-04 12:45:32.705 +05:30 [INF] Executed DbCommand (11ms) [Parameters=[@__p_0='?' (DbType = Int32), @__p_1='?' (DbType = Int32)], CommandType='"Text"', CommandTimeout='30']
SELECT [e0].[Id], [e0].[CreatedAt], [e0].[CreatedBy], [e0].[DepartmentCode], [e0].[DepartmentId], [e0].[DesignationCode], [e0].[DesignationId], [e0].[EmployeeCode], [e0].[EmploymentStatus], [e0].[FirstName], [e0].[IsDeleted], [e0].[IsMasterTester], [e0].[JoiningDate], [e0].[LastName], [e0].[MiddleName], [e0].[OfficeCode], [e0].[OfficeId], [e0].[OfficialEmail], [e0].[RowVersion], [e0].[UpdatedAt], [e0].[UpdatedBy], [e0].[UserId], [d0].[Id], [d0].[CreatedAt], [d0].[CreatedBy], [d0].[DepartmentCode], [d0].[DepartmentName], [d0].[Description], [d0].[IsActive], [d0].[IsDeleted], [d0].[RowVersion], [d0].[UpdatedAt], [d0].[UpdatedBy], [d2].[Id], [d2].[CreatedAt], [d2].[CreatedBy], [d2].[DesignationCode], [d2].[GradeLevel], [d2].[IsActive], [d2].[IsDeleted], [d2].[RowVersion], [d2].[Title], [d2].[UpdatedAt], [d2].[UpdatedBy], [o0].[Id], [o0].[City], [o0].[Country], [o0].[CreatedAt], [o0].[CreatedBy], [o0].[IsActive], [o0].[IsDeleted], [o0].[OfficeCode], [o0].[OfficeName], [o0].[RowVersion], [o0].[State], [o0].[UpdatedAt], [o0].[UpdatedBy]
FROM (
    SELECT [e].[Id], [e].[CreatedAt], [e].[CreatedBy], [e].[DepartmentCode], [e].[DepartmentId], [e].[DesignationCode], [e].[DesignationId], [e].[EmployeeCode], [e].[EmploymentStatus], [e].[FirstName], [e].[IsDeleted], [e].[IsMasterTester], [e].[JoiningDate], [e].[LastName], [e].[MiddleName], [e].[OfficeCode], [e].[OfficeId], [e].[OfficialEmail], [e].[RowVersion], [e].[UpdatedAt], [e].[UpdatedBy], [e].[UserId]
    FROM [emp].[Employees] AS [e]
    WHERE [e].[IsDeleted] = CAST(0 AS bit)
    ORDER BY [e].[CreatedAt] DESC
    OFFSET @__p_0 ROWS FETCH NEXT @__p_1 ROWS ONLY
) AS [e0]
INNER JOIN (
    SELECT [d].[Id], [d].[CreatedAt], [d].[CreatedBy], [d].[DepartmentCode], [d].[DepartmentName], [d].[Description], [d].[IsActive], [d].[IsDeleted], [d].[RowVersion], [d].[UpdatedAt], [d].[UpdatedBy]
    FROM [org].[Departments] AS [d]
    WHERE [d].[IsDeleted] = CAST(0 AS bit)
) AS [d0] ON [e0].[DepartmentId] = [d0].[Id]
INNER JOIN (
    SELECT [d1].[Id], [d1].[CreatedAt], [d1].[CreatedBy], [d1].[DesignationCode], [d1].[GradeLevel], [d1].[IsActive], [d1].[IsDeleted], [d1].[RowVersion], [d1].[Title], [d1].[UpdatedAt], [d1].[UpdatedBy]
    FROM [org].[Designations] AS [d1]
    WHERE [d1].[IsDeleted] = CAST(0 AS bit)
) AS [d2] ON [e0].[DesignationId] = [d2].[Id]
INNER JOIN (
    SELECT [o].[Id], [o].[City], [o].[Country], [o].[CreatedAt], [o].[CreatedBy], [o].[IsActive], [o].[IsDeleted], [o].[OfficeCode], [o].[OfficeName], [o].[RowVersion], [o].[State], [o].[UpdatedAt], [o].[UpdatedBy]
    FROM [org].[Offices] AS [o]
    WHERE [o].[IsDeleted] = CAST(0 AS bit)
) AS [o0] ON [e0].[OfficeId] = [o0].[Id]
ORDER BY [e0].[CreatedAt] DESC
2026-08-04 12:45:32.706 +05:30 [INF] Executing OkObjectResult, writing value of type '<>f__AnonymousType33`6[[System.Boolean, System.Private.CoreLib, Version=10.0.0.0, Culture=neutral, PublicKeyToken=7cec85d7bea7798e],[System.Collections.Generic.List`1[[LmsPortal.Core.Entities.Employee, LmsPortal.Core, Version=1.0.0.0, Culture=neutral, PublicKeyToken=null]], System.Private.CoreLib, Version=10.0.0.0, Culture=neutral, PublicKeyToken=7cec85d7bea7798e],[System.Int32, System.Private.CoreLib, Version=10.0.0.0, Culture=neutral, PublicKeyToken=7cec85d7bea7798e],[System.Int32, System.Private.CoreLib, Version=10.0.0.0, Culture=neutral, PublicKeyToken=7cec85d7bea7798e],[System.Int32, System.Private.CoreLib, Version=10.0.0.0, Culture=neutral, PublicKeyToken=7cec85d7bea7798e],[System.Int32, System.Private.CoreLib, Version=10.0.0.0, Culture=neutral, PublicKeyToken=7cec85d7bea7798e]]'.
2026-08-04 12:45:32.889 +05:30 [INF] Executed action LmsPortal.API.Controllers.EmployeesController.GetEmployees (LmsPortal.API) in 201.4406ms
2026-08-04 12:45:32.889 +05:30 [INF] Executed endpoint 'LmsPortal.API.Controllers.EmployeesController.GetEmployees (LmsPortal.API)'
2026-08-04 12:45:32.889 +05:30 [INF] HTTP GET /api/employees responded 200 in 202.8212 ms
2026-08-04 12:45:32.890 +05:30 [INF] Request finished HTTP/1.1 GET http://localhost:5000/api/employees?page=1&pageSize=10 - 200 null application/json; charset=utf-8 203.387ms
2026-08-04 12:45:33.588 +05:30 [INF] Request starting HTTP/1.1 GET http://localhost:5000/api/departments - application/json null
2026-08-04 12:45:33.589 +05:30 [INF] Executing endpoint 'LmsPortal.API.Controllers.DepartmentsController.GetDepartments (LmsPortal.API)'
2026-08-04 12:45:33.590 +05:30 [INF] Route matched with {action = "GetDepartments", controller = "Departments"}. Executing controller action with signature System.Threading.Tasks.Task`1[Microsoft.AspNetCore.Mvc.IActionResult] GetDepartments() on controller LmsPortal.API.Controllers.DepartmentsController (LmsPortal.API).
2026-08-04 12:45:33.594 +05:30 [INF] Executed DbCommand (3ms) [Parameters=[], CommandType='"Text"', CommandTimeout='30']
SELECT [d].[Id], [d].[DepartmentName], [d].[DepartmentCode], [d].[Description], [d].[CreatedAt], [d].[UpdatedAt], (
    SELECT COUNT(*)
    FROM [emp].[Employees] AS [e]
    WHERE [e].[IsDeleted] = CAST(0 AS bit) AND [e].[DepartmentId] = [d].[Id] AND [e].[IsDeleted] = CAST(0 AS bit)) AS [EmployeeCount], (
    SELECT COUNT(*)
    FROM [lms].[Modules] AS [m]
    WHERE [m].[IsDeleted] = CAST(0 AS bit) AND [m].[TargetDepartmentId] = [d].[Id] AND [m].[IsDeleted] = CAST(0 AS bit)) AS [ModuleCount]
FROM [org].[Departments] AS [d]
WHERE [d].[IsDeleted] = CAST(0 AS bit)
ORDER BY [d].[DepartmentName]
2026-08-04 12:45:33.594 +05:30 [INF] Executing OkObjectResult, writing value of type '<>f__AnonymousType20`2[[System.Boolean, System.Private.CoreLib, Version=10.0.0.0, Culture=neutral, PublicKeyToken=7cec85d7bea7798e],[System.Collections.Generic.List`1[[<>f__AnonymousType31`8[[System.Int32, System.Private.CoreLib, Version=10.0.0.0, Culture=neutral, PublicKeyToken=7cec85d7bea7798e],[System.String, System.Private.CoreLib, Version=10.0.0.0, Culture=neutral, PublicKeyToken=7cec85d7bea7798e],[System.String, System.Private.CoreLib, Version=10.0.0.0, Culture=neutral, PublicKeyToken=7cec85d7bea7798e],[System.String, System.Private.CoreLib, Version=10.0.0.0, Culture=neutral, PublicKeyToken=7cec85d7bea7798e],[System.DateTime, System.Private.CoreLib, Version=10.0.0.0, Culture=neutral, PublicKeyToken=7cec85d7bea7798e],[System.DateTime, System.Private.CoreLib, Version=10.0.0.0, Culture=neutral, PublicKeyToken=7cec85d7bea7798e],[System.Int32, System.Private.CoreLib, Version=10.0.0.0, Culture=neutral, PublicKeyToken=7cec85d7bea7798e],[System.Int32, System.Private.CoreLib, Version=10.0.0.0, Culture=neutral, PublicKeyToken=7cec85d7bea7798e]], LmsPortal.API, Version=1.0.0.0, Culture=neutral, PublicKeyToken=null]], System.Private.CoreLib, Version=10.0.0.0, Culture=neutral, PublicKeyToken=7cec85d7bea7798e]]'.
2026-08-04 12:45:33.595 +05:30 [INF] Executed action LmsPortal.API.Controllers.DepartmentsController.GetDepartments (LmsPortal.API) in 5.0032ms
2026-08-04 12:45:33.595 +05:30 [INF] Executed endpoint 'LmsPortal.API.Controllers.DepartmentsController.GetDepartments (LmsPortal.API)'
2026-08-04 12:45:33.595 +05:30 [INF] HTTP GET /api/departments responded 200 in 5.9959 ms
2026-08-04 12:45:33.595 +05:30 [INF] Request finished HTTP/1.1 GET http://localhost:5000/api/departments - 200 null application/json; charset=utf-8 6.3421ms
2026-08-04 14:34:57.434 +05:30 [INF] Request starting HTTP/1.1 POST http://localhost:5000/api/auth/login/hr - application/json 42
2026-08-04 14:34:57.435 +05:30 [INF] Executing endpoint 'LmsPortal.API.Controllers.AuthController.LoginHR (LmsPortal.API)'
2026-08-04 14:34:57.435 +05:30 [INF] Route matched with {action = "LoginHR", controller = "Auth"}. Executing controller action with signature System.Threading.Tasks.Task`1[Microsoft.AspNetCore.Mvc.IActionResult] LoginHR(LoginDto) on controller LmsPortal.API.Controllers.AuthController (LmsPortal.API).
2026-08-04 14:34:57.449 +05:30 [INF] Executed DbCommand (4ms) [Parameters=[@__ToUpper_0='?' (Size = 4000)], CommandType='"Text"', CommandTimeout='30']
SELECT TOP(1) [u].[Id], [u].[ConcurrencyStamp], [u].[CreatedAt], [u].[CreatedBy], [u].[Email], [u].[IsActive], [u].[IsDeleted], [u].[IsEmailConfirmed], [u].[NormalizedEmail], [u].[NormalizedUsername], [u].[PasswordHash], [u].[PhoneNumber], [u].[RoleId], [u].[RowVersion], [u].[SecurityStamp], [u].[UpdatedAt], [u].[UpdatedBy], [u].[Username], [r0].[Id], [r0].[CreatedAt], [r0].[CreatedBy], [r0].[Description], [r0].[IsDeleted], [r0].[NormalizedRoleName], [r0].[RoleName], [r0].[RowVersion], [r0].[UpdatedAt], [r0].[UpdatedBy]
FROM [sec].[Users] AS [u]
INNER JOIN (
    SELECT [r].[Id], [r].[CreatedAt], [r].[CreatedBy], [r].[Description], [r].[IsDeleted], [r].[NormalizedRoleName], [r].[RoleName], [r].[RowVersion], [r].[UpdatedAt], [r].[UpdatedBy]
    FROM [sec].[Roles] AS [r]
    WHERE [r].[IsDeleted] = CAST(0 AS bit)
) AS [r0] ON [u].[RoleId] = [r0].[Id]
WHERE [u].[IsDeleted] = CAST(0 AS bit) AND [u].[NormalizedUsername] = @__ToUpper_0 AND [u].[IsDeleted] = CAST(0 AS bit)
2026-08-04 14:34:57.663 +05:30 [INF] Executed DbCommand (2ms) [Parameters=[@p0='?' (Size = 4000), @p1='?' (DbType = DateTime2), @p2='?' (Size = 4000), @p3='?' (Size = 4000), @p4='?' (Size = 4000), @p5='?' (Size = 4000), @p6='?' (DbType = Int32)], CommandType='"Text"', CommandTimeout='30']
SET IMPLICIT_TRANSACTIONS OFF;
SET NOCOUNT ON;
INSERT INTO [adm].[ActivityLogs] ([Action], [CreatedAt], [Details], [IpAddress], [Role], [UserAgent], [UserId])
OUTPUT INSERTED.[Id]
VALUES (@p0, @p1, @p2, @p3, @p4, @p5, @p6);
2026-08-04 14:34:57.664 +05:30 [INF] Executing OkObjectResult, writing value of type '<>f__AnonymousType12`4[[System.Boolean, System.Private.CoreLib, Version=10.0.0.0, Culture=neutral, PublicKeyToken=7cec85d7bea7798e],[System.String, System.Private.CoreLib, Version=10.0.0.0, Culture=neutral, PublicKeyToken=7cec85d7bea7798e],[<>f__AnonymousType13`5[[System.Int32, System.Private.CoreLib, Version=10.0.0.0, Culture=neutral, PublicKeyToken=7cec85d7bea7798e],[System.String, System.Private.CoreLib, Version=10.0.0.0, Culture=neutral, PublicKeyToken=7cec85d7bea7798e],[System.String, System.Private.CoreLib, Version=10.0.0.0, Culture=neutral, PublicKeyToken=7cec85d7bea7798e],[System.String, System.Private.CoreLib, Version=10.0.0.0, Culture=neutral, PublicKeyToken=7cec85d7bea7798e],[System.String, System.Private.CoreLib, Version=10.0.0.0, Culture=neutral, PublicKeyToken=7cec85d7bea7798e]], LmsPortal.API, Version=1.0.0.0, Culture=neutral, PublicKeyToken=null],[System.String, System.Private.CoreLib, Version=10.0.0.0, Culture=neutral, PublicKeyToken=7cec85d7bea7798e]]'.
2026-08-04 14:34:57.664 +05:30 [INF] Executed action LmsPortal.API.Controllers.AuthController.LoginHR (LmsPortal.API) in 228.8919ms
2026-08-04 14:34:57.664 +05:30 [INF] Executed endpoint 'LmsPortal.API.Controllers.AuthController.LoginHR (LmsPortal.API)'
2026-08-04 14:34:57.664 +05:30 [INF] HTTP POST /api/auth/login/hr responded 200 in 229.2499 ms
2026-08-04 14:34:57.664 +05:30 [INF] Request finished HTTP/1.1 POST http://localhost:5000/api/auth/login/hr - 200 null application/json; charset=utf-8 229.6529ms
2026-08-04 14:34:57.895 +05:30 [INF] Request starting HTTP/1.1 GET http://localhost:5000/api/reports/dashboard - application/json null
2026-08-04 14:34:57.900 +05:30 [INF] Executing endpoint 'LmsPortal.API.Controllers.ReportsController.GetDashboardStats (LmsPortal.API)'
2026-08-04 14:34:57.900 +05:30 [INF] Route matched with {action = "GetDashboardStats", controller = "Reports"}. Executing controller action with signature System.Threading.Tasks.Task`1[Microsoft.AspNetCore.Mvc.IActionResult] GetDashboardStats() on controller LmsPortal.API.Controllers.ReportsController (LmsPortal.API).
2026-08-04 14:34:57.903 +05:30 [INF] Executed DbCommand (2ms) [Parameters=[], CommandType='"Text"', CommandTimeout='30']
SELECT COUNT(*)
FROM [emp].[Employees] AS [e]
WHERE [e].[IsDeleted] = CAST(0 AS bit)
2026-08-04 14:34:57.905 +05:30 [INF] Executed DbCommand (1ms) [Parameters=[], CommandType='"Text"', CommandTimeout='30']
SELECT COUNT(*)
FROM [emp].[Employees] AS [e]
WHERE [e].[IsDeleted] = CAST(0 AS bit) AND [e].[IsDeleted] = CAST(0 AS bit) AND [e].[EmploymentStatus] = N'ACTIVE'
2026-08-04 14:34:57.912 +05:30 [INF] Executed DbCommand (7ms) [Parameters=[], CommandType='"Text"', CommandTimeout='30']
SELECT COUNT(*)
FROM [cert].[Certificates] AS [c]
WHERE [c].[IsDeleted] = CAST(0 AS bit)
2026-08-04 14:34:57.918 +05:30 [INF] Executed DbCommand (5ms) [Parameters=[], CommandType='"Text"', CommandTimeout='30']
SELECT COUNT(*)
FROM [lms].[Lessons] AS [l]
WHERE [l].[IsDeleted] = CAST(0 AS bit)
2026-08-04 14:34:57.920 +05:30 [INF] Executed DbCommand (2ms) [Parameters=[], CommandType='"Text"', CommandTimeout='30']
SELECT [a].[ScorePercentage], [a].[Passed]
FROM [eval].[AssessmentAttempts] AS [a]
WHERE [a].[IsDeleted] = CAST(0 AS bit)
2026-08-04 14:34:57.923 +05:30 [INF] Executed DbCommand (2ms) [Parameters=[@__p_0='?' (DbType = Int32)], CommandType='"Text"', CommandTimeout='30']
SELECT TOP(@__p_0) [a].[Id], [a].[Action], [a].[Details], [a].[Role], [a].[CreatedAt]
FROM [adm].[ActivityLogs] AS [a]
ORDER BY [a].[CreatedAt] DESC
2026-08-04 14:34:57.926 +05:30 [INF] Executed DbCommand (3ms) [Parameters=[], CommandType='"Text"', CommandTimeout='30']
SELECT [d].[Id], [d].[DepartmentCode], [d].[DepartmentName], [d].[Description], (
    SELECT COUNT(*)
    FROM [emp].[Employees] AS [e]
    WHERE [e].[IsDeleted] = CAST(0 AS bit) AND [d].[Id] = [e].[DepartmentId] AND [e].[IsDeleted] = CAST(0 AS bit)) AS [employeeCount], (
    SELECT COUNT(*)
    FROM [lms].[Modules] AS [m]
    WHERE [m].[IsDeleted] = CAST(0 AS bit) AND [d].[Id] = [m].[TargetDepartmentId] AND [m].[IsDeleted] = CAST(0 AS bit)) AS [moduleCount]
FROM [org].[Departments] AS [d]
WHERE [d].[IsDeleted] = CAST(0 AS bit)
2026-08-04 14:34:57.927 +05:30 [INF] Executing OkObjectResult, writing value of type '<>f__AnonymousType48`10[[System.Boolean, System.Private.CoreLib, Version=10.0.0.0, Culture=neutral, PublicKeyToken=7cec85d7bea7798e],[System.Int32, System.Private.CoreLib, Version=10.0.0.0, Culture=neutral, PublicKeyToken=7cec85d7bea7798e],[System.Int32, System.Private.CoreLib, Version=10.0.0.0, Culture=neutral, PublicKeyToken=7cec85d7bea7798e],[System.Int32, System.Private.CoreLib, Version=10.0.0.0, Culture=neutral, PublicKeyToken=7cec85d7bea7798e],[System.Int32, System.Private.CoreLib, Version=10.0.0.0, Culture=neutral, PublicKeyToken=7cec85d7bea7798e],[System.Int32, System.Private.CoreLib, Version=10.0.0.0, Culture=neutral, PublicKeyToken=7cec85d7bea7798e],[System.Double, System.Private.CoreLib, Version=10.0.0.0, Culture=neutral, PublicKeyToken=7cec85d7bea7798e],[System.Collections.Generic.List`1[[<>f__AnonymousType46`7[[System.Int32, System.Private.CoreLib, Version=10.0.0.0, Culture=neutral, PublicKeyToken=7cec85d7bea7798e],[System.String, System.Private.CoreLib, Version=10.0.0.0, Culture=neutral, PublicKeyToken=7cec85d7bea7798e],[System.String, System.Private.CoreLib, Version=10.0.0.0, Culture=neutral, PublicKeyToken=7cec85d7bea7798e],[System.String, System.Private.CoreLib, Version=10.0.0.0, Culture=neutral, PublicKeyToken=7cec85d7bea7798e],[System.DateTime, System.Private.CoreLib, Version=10.0.0.0, Culture=neutral, PublicKeyToken=7cec85d7bea7798e],[System.Object, System.Private.CoreLib, Version=10.0.0.0, Culture=neutral, PublicKeyToken=7cec85d7bea7798e],[System.Object, System.Private.CoreLib, Version=10.0.0.0, Culture=neutral, PublicKeyToken=7cec85d7bea7798e]], LmsPortal.API, Version=1.0.0.0, Culture=neutral, PublicKeyToken=null]], System.Private.CoreLib, Version=10.0.0.0, Culture=neutral, PublicKeyToken=7cec85d7bea7798e],[System.Int32, System.Private.CoreLib, Version=10.0.0.0, Culture=neutral, PublicKeyToken=7cec85d7bea7798e],[System.Collections.Generic.List`1[[<>f__AnonymousType47`6[[System.Int32, System.Private.CoreLib, Version=10.0.0.0, Culture=neutral, PublicKeyToken=7cec85d7bea7798e],[System.String, System.Private.CoreLib, Version=10.0.0.0, Culture=neutral, PublicKeyToken=7cec85d7bea7798e],[System.String, System.Private.CoreLib, Version=10.0.0.0, Culture=neutral, PublicKeyToken=7cec85d7bea7798e],[System.String, System.Private.CoreLib, Version=10.0.0.0, Culture=neutral, PublicKeyToken=7cec85d7bea7798e],[System.Int32, System.Private.CoreLib, Version=10.0.0.0, Culture=neutral, PublicKeyToken=7cec85d7bea7798e],[System.Int32, System.Private.CoreLib, Version=10.0.0.0, Culture=neutral, PublicKeyToken=7cec85d7bea7798e]], LmsPortal.API, Version=1.0.0.0, Culture=neutral, PublicKeyToken=null]], System.Private.CoreLib, Version=10.0.0.0, Culture=neutral, PublicKeyToken=7cec85d7bea7798e]]'.
2026-08-04 14:34:57.927 +05:30 [INF] Executed action LmsPortal.API.Controllers.ReportsController.GetDashboardStats (LmsPortal.API) in 27.4272ms
2026-08-04 14:34:57.927 +05:30 [INF] Executed endpoint 'LmsPortal.API.Controllers.ReportsController.GetDashboardStats (LmsPortal.API)'
2026-08-04 14:34:57.927 +05:30 [INF] HTTP GET /api/reports/dashboard responded 200 in 29.0519 ms
2026-08-04 14:34:57.928 +05:30 [INF] Request finished HTTP/1.1 GET http://localhost:5000/api/reports/dashboard - 200 null application/json; charset=utf-8 32.6021ms
2026-08-04 14:55:43.687 +05:30 [INF] Request starting HTTP/1.1 POST http://localhost:5000/api/auth/login/employee - application/json 24
2026-08-04 14:55:43.687 +05:30 [INF] Executing endpoint 'LmsPortal.API.Controllers.AuthController.LoginEmployee (LmsPortal.API)'
2026-08-04 14:55:43.687 +05:30 [INF] Route matched with {action = "LoginEmployee", controller = "Auth"}. Executing controller action with signature System.Threading.Tasks.Task`1[Microsoft.AspNetCore.Mvc.IActionResult] LoginEmployee(EmployeeLoginDto) on controller LmsPortal.API.Controllers.AuthController (LmsPortal.API).
2026-08-04 14:55:43.699 +05:30 [INF] Executed DbCommand (3ms) [Parameters=[@__ToUpper_0='?' (Size = 4000)], CommandType='"Text"', CommandTimeout='30']
SELECT TOP(1) [e].[Id], [e].[CreatedAt], [e].[CreatedBy], [e].[DepartmentCode], [e].[DepartmentId], [e].[DesignationCode], [e].[DesignationId], [e].[EmployeeCode], [e].[EmploymentStatus], [e].[FirstName], [e].[IsDeleted], [e].[IsMasterTester], [e].[JoiningDate], [e].[LastName], [e].[MiddleName], [e].[OfficeCode], [e].[OfficeId], [e].[OfficialEmail], [e].[RowVersion], [e].[UpdatedAt], [e].[UpdatedBy], [e].[UserId], [d0].[Id], [d0].[CreatedAt], [d0].[CreatedBy], [d0].[DepartmentCode], [d0].[DepartmentName], [d0].[Description], [d0].[IsActive], [d0].[IsDeleted], [d0].[RowVersion], [d0].[UpdatedAt], [d0].[UpdatedBy], [d2].[Id], [d2].[CreatedAt], [d2].[CreatedBy], [d2].[DesignationCode], [d2].[GradeLevel], [d2].[IsActive], [d2].[IsDeleted], [d2].[RowVersion], [d2].[Title], [d2].[UpdatedAt], [d2].[UpdatedBy], [o0].[Id], [o0].[City], [o0].[Country], [o0].[CreatedAt], [o0].[CreatedBy], [o0].[IsActive], [o0].[IsDeleted], [o0].[OfficeCode], [o0].[OfficeName], [o0].[RowVersion], [o0].[State], [o0].[UpdatedAt], [o0].[UpdatedBy], [u0].[Id], [u0].[ConcurrencyStamp], [u0].[CreatedAt], [u0].[CreatedBy], [u0].[Email], [u0].[IsActive], [u0].[IsDeleted], [u0].[IsEmailConfirmed], [u0].[NormalizedEmail], [u0].[NormalizedUsername], [u0].[PasswordHash], [u0].[PhoneNumber], [u0].[RoleId], [u0].[RowVersion], [u0].[SecurityStamp], [u0].[UpdatedAt], [u0].[UpdatedBy], [u0].[Username]
FROM [emp].[Employees] AS [e]
INNER JOIN (
    SELECT [d].[Id], [d].[CreatedAt], [d].[CreatedBy], [d].[DepartmentCode], [d].[DepartmentName], [d].[Description], [d].[IsActive], [d].[IsDeleted], [d].[RowVersion], [d].[UpdatedAt], [d].[UpdatedBy]
    FROM [org].[Departments] AS [d]
    WHERE [d].[IsDeleted] = CAST(0 AS bit)
) AS [d0] ON [e].[DepartmentId] = [d0].[Id]
INNER JOIN (
    SELECT [d1].[Id], [d1].[CreatedAt], [d1].[CreatedBy], [d1].[DesignationCode], [d1].[GradeLevel], [d1].[IsActive], [d1].[IsDeleted], [d1].[RowVersion], [d1].[Title], [d1].[UpdatedAt], [d1].[UpdatedBy]
    FROM [org].[Designations] AS [d1]
    WHERE [d1].[IsDeleted] = CAST(0 AS bit)
) AS [d2] ON [e].[DesignationId] = [d2].[Id]
INNER JOIN (
    SELECT [o].[Id], [o].[City], [o].[Country], [o].[CreatedAt], [o].[CreatedBy], [o].[IsActive], [o].[IsDeleted], [o].[OfficeCode], [o].[OfficeName], [o].[RowVersion], [o].[State], [o].[UpdatedAt], [o].[UpdatedBy]
    FROM [org].[Offices] AS [o]
    WHERE [o].[IsDeleted] = CAST(0 AS bit)
) AS [o0] ON [e].[OfficeId] = [o0].[Id]
INNER JOIN (
    SELECT [u].[Id], [u].[ConcurrencyStamp], [u].[CreatedAt], [u].[CreatedBy], [u].[Email], [u].[IsActive], [u].[IsDeleted], [u].[IsEmailConfirmed], [u].[NormalizedEmail], [u].[NormalizedUsername], [u].[PasswordHash], [u].[PhoneNumber], [u].[RoleId], [u].[RowVersion], [u].[SecurityStamp], [u].[UpdatedAt], [u].[UpdatedBy], [u].[Username]
    FROM [sec].[Users] AS [u]
    WHERE [u].[IsDeleted] = CAST(0 AS bit)
) AS [u0] ON [e].[UserId] = [u0].[Id]
WHERE [e].[IsDeleted] = CAST(0 AS bit) AND UPPER([e].[EmployeeCode]) = @__ToUpper_0 AND [e].[IsDeleted] = CAST(0 AS bit)
2026-08-04 14:55:43.702 +05:30 [INF] Executed DbCommand (2ms) [Parameters=[@p0='?' (Size = 4000), @p1='?' (DbType = DateTime2), @p2='?' (Size = 4000), @p3='?' (Size = 4000), @p4='?' (Size = 4000), @p5='?' (Size = 4000), @p6='?' (DbType = Int32)], CommandType='"Text"', CommandTimeout='30']
SET IMPLICIT_TRANSACTIONS OFF;
SET NOCOUNT ON;
INSERT INTO [adm].[ActivityLogs] ([Action], [CreatedAt], [Details], [IpAddress], [Role], [UserAgent], [UserId])
OUTPUT INSERTED.[Id]
VALUES (@p0, @p1, @p2, @p3, @p4, @p5, @p6);
2026-08-04 14:55:43.703 +05:30 [INF] Executing OkObjectResult, writing value of type '<>f__AnonymousType14`4[[System.Boolean, System.Private.CoreLib, Version=10.0.0.0, Culture=neutral, PublicKeyToken=7cec85d7bea7798e],[System.String, System.Private.CoreLib, Version=10.0.0.0, Culture=neutral, PublicKeyToken=7cec85d7bea7798e],[<>f__AnonymousType15`7[[System.Int32, System.Private.CoreLib, Version=10.0.0.0, Culture=neutral, PublicKeyToken=7cec85d7bea7798e],[System.String, System.Private.CoreLib, Version=10.0.0.0, Culture=neutral, PublicKeyToken=7cec85d7bea7798e],[System.String, System.Private.CoreLib, Version=10.0.0.0, Culture=neutral, PublicKeyToken=7cec85d7bea7798e],[System.String, System.Private.CoreLib, Version=10.0.0.0, Culture=neutral, PublicKeyToken=7cec85d7bea7798e],[System.String, System.Private.CoreLib, Version=10.0.0.0, Culture=neutral, PublicKeyToken=7cec85d7bea7798e],[System.String, System.Private.CoreLib, Version=10.0.0.0, Culture=neutral, PublicKeyToken=7cec85d7bea7798e],[System.String, System.Private.CoreLib, Version=10.0.0.0, Culture=neutral, PublicKeyToken=7cec85d7bea7798e]], LmsPortal.API, Version=1.0.0.0, Culture=neutral, PublicKeyToken=null],[System.String, System.Private.CoreLib, Version=10.0.0.0, Culture=neutral, PublicKeyToken=7cec85d7bea7798e]]'.
2026-08-04 14:55:43.703 +05:30 [INF] Executed action LmsPortal.API.Controllers.AuthController.LoginEmployee (LmsPortal.API) in 15.5262ms
2026-08-04 14:55:43.703 +05:30 [INF] Executed endpoint 'LmsPortal.API.Controllers.AuthController.LoginEmployee (LmsPortal.API)'
2026-08-04 14:55:43.703 +05:30 [INF] HTTP POST /api/auth/login/employee responded 200 in 15.8111 ms
2026-08-04 14:55:43.703 +05:30 [INF] Request finished HTTP/1.1 POST http://localhost:5000/api/auth/login/employee - 200 null application/json; charset=utf-8 16.1256ms
2026-08-04 14:55:43.896 +05:30 [INF] Request starting HTTP/1.1 GET http://localhost:5000/api/learning/state - application/json null
2026-08-04 14:55:43.896 +05:30 [INF] Executing endpoint 'LmsPortal.API.Controllers.LearningController.GetLearningState (LmsPortal.API)'
2026-08-04 14:55:43.896 +05:30 [INF] Route matched with {action = "GetLearningState", controller = "Learning"}. Executing controller action with signature System.Threading.Tasks.Task`1[Microsoft.AspNetCore.Mvc.IActionResult] GetLearningState() on controller LmsPortal.API.Controllers.LearningController (LmsPortal.API).
2026-08-04 14:55:43.970 +05:30 [INF] Executed DbCommand (73ms) [Parameters=[@__userId_0='?' (DbType = Int32)], CommandType='"Text"', CommandTimeout='30']
SELECT TOP(1) [e].[Id], [e].[CreatedAt], [e].[CreatedBy], [e].[DepartmentCode], [e].[DepartmentId], [e].[DesignationCode], [e].[DesignationId], [e].[EmployeeCode], [e].[EmploymentStatus], [e].[FirstName], [e].[IsDeleted], [e].[IsMasterTester], [e].[JoiningDate], [e].[LastName], [e].[MiddleName], [e].[OfficeCode], [e].[OfficeId], [e].[OfficialEmail], [e].[RowVersion], [e].[UpdatedAt], [e].[UpdatedBy], [e].[UserId], [d0].[Id], [d0].[CreatedAt], [d0].[CreatedBy], [d0].[DepartmentCode], [d0].[DepartmentName], [d0].[Description], [d0].[IsActive], [d0].[IsDeleted], [d0].[RowVersion], [d0].[UpdatedAt], [d0].[UpdatedBy], [d2].[Id], [d2].[CreatedAt], [d2].[CreatedBy], [d2].[DesignationCode], [d2].[GradeLevel], [d2].[IsActive], [d2].[IsDeleted], [d2].[RowVersion], [d2].[Title], [d2].[UpdatedAt], [d2].[UpdatedBy], [o0].[Id], [o0].[City], [o0].[Country], [o0].[CreatedAt], [o0].[CreatedBy], [o0].[IsActive], [o0].[IsDeleted], [o0].[OfficeCode], [o0].[OfficeName], [o0].[RowVersion], [o0].[State], [o0].[UpdatedAt], [o0].[UpdatedBy]
FROM [emp].[Employees] AS [e]
INNER JOIN (
    SELECT [d].[Id], [d].[CreatedAt], [d].[CreatedBy], [d].[DepartmentCode], [d].[DepartmentName], [d].[Description], [d].[IsActive], [d].[IsDeleted], [d].[RowVersion], [d].[UpdatedAt], [d].[UpdatedBy]
    FROM [org].[Departments] AS [d]
    WHERE [d].[IsDeleted] = CAST(0 AS bit)
) AS [d0] ON [e].[DepartmentId] = [d0].[Id]
INNER JOIN (
    SELECT [d1].[Id], [d1].[CreatedAt], [d1].[CreatedBy], [d1].[DesignationCode], [d1].[GradeLevel], [d1].[IsActive], [d1].[IsDeleted], [d1].[RowVersion], [d1].[Title], [d1].[UpdatedAt], [d1].[UpdatedBy]
    FROM [org].[Designations] AS [d1]
    WHERE [d1].[IsDeleted] = CAST(0 AS bit)
) AS [d2] ON [e].[DesignationId] = [d2].[Id]
INNER JOIN (
    SELECT [o].[Id], [o].[City], [o].[Country], [o].[CreatedAt], [o].[CreatedBy], [o].[IsActive], [o].[IsDeleted], [o].[OfficeCode], [o].[OfficeName], [o].[RowVersion], [o].[State], [o].[UpdatedAt], [o].[UpdatedBy]
    FROM [org].[Offices] AS [o]
    WHERE [o].[IsDeleted] = CAST(0 AS bit)
) AS [o0] ON [e].[OfficeId] = [o0].[Id]
WHERE [e].[IsDeleted] = CAST(0 AS bit) AND [e].[UserId] = @__userId_0 AND [e].[IsDeleted] = CAST(0 AS bit)
2026-08-04 14:55:44.010 +05:30 [ERR] Failed executing DbCommand (40ms) [Parameters=[], CommandType='"Text"', CommandTimeout='30']
SELECT [c0].[Id], [c0].[CourseCode], [c0].[CreatedAt], [c0].[CreatedBy], [c0].[Description], [c0].[IsDeleted], [c0].[IsPublished], [c0].[PassingScorePercentage], [c0].[RowVersion], [c0].[Title], [c0].[UpdatedAt], [c0].[UpdatedBy], [s0].[Id], [s0].[CourseId], [s0].[CreatedAt], [s0].[CreatedBy], [s0].[Description], [s0].[IsDeleted], [s0].[ModuleCode], [s0].[ModuleType], [s0].[RowVersion], [s0].[SortOrder], [s0].[TargetDepartmentId], [s0].[Title], [s0].[UpdatedAt], [s0].[UpdatedBy], [s0].[Id0], [s0].[CreatedAt0], [s0].[CreatedBy0], [s0].[DepartmentCode], [s0].[DepartmentName], [s0].[Description0], [s0].[IsActive], [s0].[IsDeleted0], [s0].[RowVersion0], [s0].[UpdatedAt0], [s0].[UpdatedBy0], [s0].[Id1], [s0].[ContentType], [s0].[CreatedAt1], [s0].[CreatedBy1], [s0].[Description1], [s0].[IsDeleted1], [s0].[LessonCode], [s0].[MinDurationSeconds], [s0].[ModuleId], [s0].[RowVersion1], [s0].[SortOrder0], [s0].[Title0], [s0].[UpdatedAt1], [s0].[UpdatedBy1], [s0].[Id00], [s0].[CreatedAt00], [s0].[CreatedBy00], [s0].[DisplayOrder], [s0].[DurationSeconds], [s0].[FileName], [s0].[FileSizeByte], [s0].[FileType], [s0].[IsDeleted00], [s0].[IsPrimary], [s0].[LessonId], [s0].[MimeType], [s0].[RowVersion00], [s0].[SharePointUrl], [s0].[UpdatedAt00], [s0].[UpdatedBy00], [s2].[Id], [s2].[AssessmentCode], [s2].[CourseId], [s2].[CreatedAt], [s2].[CreatedBy], [s2].[Description], [s2].[IsDeleted], [s2].[IsPublished], [s2].[PassingScorePercentage], [s2].[RowVersion], [s2].[TimeLimitMinutes], [s2].[Title], [s2].[UpdatedAt], [s2].[UpdatedBy], [s2].[Id0], [s2].[AssessmentId], [s2].[CreatedAt0], [s2].[CreatedBy0], [s2].[Explanation], [s2].[IsDeleted0], [s2].[ModuleId], [s2].[Points], [s2].[QuestionText], [s2].[RowVersion0], [s2].[SortOrder], [s2].[UpdatedAt0], [s2].[UpdatedBy0], [s2].[Id00], [s2].[CreatedAt00], [s2].[CreatedBy00], [s2].[IsCorrect], [s2].[IsDeleted00], [s2].[OptionText], [s2].[QuestionId], [s2].[RowVersion00], [s2].[SortOrder0], [s2].[UpdatedAt00], [s2].[UpdatedBy00]
FROM (
    SELECT TOP(1) [c].[Id], [c].[CourseCode], [c].[CreatedAt], [c].[CreatedBy], [c].[Description], [c].[IsDeleted], [c].[IsPublished], [c].[PassingScorePercentage], [c].[RowVersion], [c].[Title], [c].[UpdatedAt], [c].[UpdatedBy]
    FROM [lms].[Courses] AS [c]
    WHERE [c].[IsDeleted] = CAST(0 AS bit)
) AS [c0]
LEFT JOIN (
    SELECT [m].[Id], [m].[CourseId], [m].[CreatedAt], [m].[CreatedBy], [m].[Description], [m].[IsDeleted], [m].[ModuleCode], [m].[ModuleType], [m].[RowVersion], [m].[SortOrder], [m].[TargetDepartmentId], [m].[Title], [m].[UpdatedAt], [m].[UpdatedBy], [d0].[Id] AS [Id0], [d0].[CreatedAt] AS [CreatedAt0], [d0].[CreatedBy] AS [CreatedBy0], [d0].[DepartmentCode], [d0].[DepartmentName], [d0].[Description] AS [Description0], [d0].[IsActive], [d0].[IsDeleted] AS [IsDeleted0], [d0].[RowVersion] AS [RowVersion0], [d0].[UpdatedAt] AS [UpdatedAt0], [d0].[UpdatedBy] AS [UpdatedBy0], [s].[Id] AS [Id1], [s].[ContentType], [s].[CreatedAt] AS [CreatedAt1], [s].[CreatedBy] AS [CreatedBy1], [s].[Description] AS [Description1], [s].[IsDeleted] AS [IsDeleted1], [s].[LessonCode], [s].[MinDurationSeconds], [s].[ModuleId], [s].[RowVersion] AS [RowVersion1], [s].[SortOrder] AS [SortOrder0], [s].[Title] AS [Title0], [s].[UpdatedAt] AS [UpdatedAt1], [s].[UpdatedBy] AS [UpdatedBy1], [s].[Id0] AS [Id00], [s].[CreatedAt0] AS [CreatedAt00], [s].[CreatedBy0] AS [CreatedBy00], [s].[DisplayOrder], [s].[DurationSeconds], [s].[FileName], [s].[FileSizeByte], [s].[FileType], [s].[IsDeleted0] AS [IsDeleted00], [s].[IsPrimary], [s].[LessonId], [s].[MimeType], [s].[RowVersion0] AS [RowVersion00], [s].[SharePointUrl], [s].[UpdatedAt0] AS [UpdatedAt00], [s].[UpdatedBy0] AS [UpdatedBy00]
    FROM [lms].[Modules] AS [m]
    LEFT JOIN (
        SELECT [d].[Id], [d].[CreatedAt], [d].[CreatedBy], [d].[DepartmentCode], [d].[DepartmentName], [d].[Description], [d].[IsActive], [d].[IsDeleted], [d].[RowVersion], [d].[UpdatedAt], [d].[UpdatedBy]
        FROM [org].[Departments] AS [d]
        WHERE [d].[IsDeleted] = CAST(0 AS bit)
    ) AS [d0] ON [m].[TargetDepartmentId] = [d0].[Id]
    LEFT JOIN (
        SELECT [l].[Id], [l].[ContentType], [l].[CreatedAt], [l].[CreatedBy], [l].[Description], [l].[IsDeleted], [l].[LessonCode], [l].[MinDurationSeconds], [l].[ModuleId], [l].[RowVersion], [l].[SortOrder], [l].[Title], [l].[UpdatedAt], [l].[UpdatedBy], [l1].[Id] AS [Id0], [l1].[CreatedAt] AS [CreatedAt0], [l1].[CreatedBy] AS [CreatedBy0], [l1].[DisplayOrder], [l1].[DurationSeconds], [l1].[FileName], [l1].[FileSizeByte], [l1].[FileType], [l1].[IsDeleted] AS [IsDeleted0], [l1].[IsPrimary], [l1].[LessonId], [l1].[MimeType], [l1].[RowVersion] AS [RowVersion0], [l1].[SharePointUrl], [l1].[UpdatedAt] AS [UpdatedAt0], [l1].[UpdatedBy] AS [UpdatedBy0]
        FROM [lms].[Lessons] AS [l]
        LEFT JOIN (
            SELECT [l0].[Id], [l0].[CreatedAt], [l0].[CreatedBy], [l0].[DisplayOrder], [l0].[DurationSeconds], [l0].[FileName], [l0].[FileSizeByte], [l0].[FileType], [l0].[IsDeleted], [l0].[IsPrimary], [l0].[LessonId], [l0].[MimeType], [l0].[RowVersion], [l0].[SharePointUrl], [l0].[UpdatedAt], [l0].[UpdatedBy]
            FROM [lms].[LessonFiles] AS [l0]
            WHERE [l0].[IsDeleted] = CAST(0 AS bit)
        ) AS [l1] ON [l].[Id] = [l1].[LessonId]
        WHERE [l].[IsDeleted] = CAST(0 AS bit)
    ) AS [s] ON [m].[Id] = [s].[ModuleId]
    WHERE [m].[IsDeleted] = CAST(0 AS bit)
) AS [s0] ON [c0].[Id] = [s0].[CourseId]
LEFT JOIN (
    SELECT [a].[Id], [a].[AssessmentCode], [a].[CourseId], [a].[CreatedAt], [a].[CreatedBy], [a].[Description], [a].[IsDeleted], [a].[IsPublished], [a].[PassingScorePercentage], [a].[RowVersion], [a].[TimeLimitMinutes], [a].[Title], [a].[UpdatedAt], [a].[UpdatedBy], [s1].[Id] AS [Id0], [s1].[AssessmentId], [s1].[CreatedAt] AS [CreatedAt0], [s1].[CreatedBy] AS [CreatedBy0], [s1].[Explanation], [s1].[IsDeleted] AS [IsDeleted0], [s1].[ModuleId], [s1].[Points], [s1].[QuestionText], [s1].[RowVersion] AS [RowVersion0], [s1].[SortOrder], [s1].[UpdatedAt] AS [UpdatedAt0], [s1].[UpdatedBy] AS [UpdatedBy0], [s1].[Id0] AS [Id00], [s1].[CreatedAt0] AS [CreatedAt00], [s1].[CreatedBy0] AS [CreatedBy00], [s1].[IsCorrect], [s1].[IsDeleted0] AS [IsDeleted00], [s1].[OptionText], [s1].[QuestionId], [s1].[RowVersion0] AS [RowVersion00], [s1].[SortOrder0], [s1].[UpdatedAt0] AS [UpdatedAt00], [s1].[UpdatedBy0] AS [UpdatedBy00]
    FROM [eval].[Assessments] AS [a]
    LEFT JOIN (
        SELECT [a0].[Id], [a0].[AssessmentId], [a0].[CreatedAt], [a0].[CreatedBy], [a0].[Explanation], [a0].[IsDeleted], [a0].[ModuleId], [a0].[Points], [a0].[QuestionText], [a0].[RowVersion], [a0].[SortOrder], [a0].[UpdatedAt], [a0].[UpdatedBy], [q0].[Id] AS [Id0], [q0].[CreatedAt] AS [CreatedAt0], [q0].[CreatedBy] AS [CreatedBy0], [q0].[IsCorrect], [q0].[IsDeleted] AS [IsDeleted0], [q0].[OptionText], [q0].[QuestionId], [q0].[RowVersion] AS [RowVersion0], [q0].[SortOrder] AS [SortOrder0], [q0].[UpdatedAt] AS [UpdatedAt0], [q0].[UpdatedBy] AS [UpdatedBy0]
        FROM [eval].[AssessmentQuestions] AS [a0]
        LEFT JOIN (
            SELECT [q].[Id], [q].[CreatedAt], [q].[CreatedBy], [q].[IsCorrect], [q].[IsDeleted], [q].[OptionText], [q].[QuestionId], [q].[RowVersion], [q].[SortOrder], [q].[UpdatedAt], [q].[UpdatedBy]
            FROM [eval].[QuestionOptions] AS [q]
            WHERE [q].[IsDeleted] = CAST(0 AS bit)
        ) AS [q0] ON [a0].[Id] = [q0].[QuestionId]
        WHERE [a0].[IsDeleted] = CAST(0 AS bit)
    ) AS [s1] ON [a].[Id] = [s1].[AssessmentId]
    WHERE [a].[IsDeleted] = CAST(0 AS bit)
) AS [s2] ON [c0].[Id] = [s2].[CourseId]
ORDER BY [c0].[Id], [s0].[SortOrder], [s0].[Id], [s0].[Id0], [s0].[SortOrder0], [s0].[Id1], [s0].[Id00], [s2].[Id], [s2].[Id0]
2026-08-04 14:55:44.018 +05:30 [ERR] An exception occurred while iterating over the results of a query for context type 'LmsPortal.API.Data.LmsDbContext'.
Microsoft.Data.SqlClient.SqlException (0x80131904): Invalid column name 'Description'.
Invalid column name 'IsPublished'.
   at System.Threading.Tasks.ContinuationResultTaskFromResultTask`2.InnerInvoke()
   at System.Threading.ExecutionContext.RunInternal(ExecutionContext executionContext, ContextCallback callback, Object state)
--- End of stack trace from previous location ---
   at System.Threading.ExecutionContext.RunInternal(ExecutionContext executionContext, ContextCallback callback, Object state)
   at System.Threading.Tasks.Task.ExecuteWithThreadLocal(Task& currentTaskSlot, Thread threadPoolThread)
--- End of stack trace from previous location ---
   at Microsoft.EntityFrameworkCore.Storage.RelationalCommand.ExecuteReaderAsync(RelationalCommandParameterObject parameterObject, CancellationToken cancellationToken)
   at Microsoft.EntityFrameworkCore.Storage.RelationalCommand.ExecuteReaderAsync(RelationalCommandParameterObject parameterObject, CancellationToken cancellationToken)
   at Microsoft.EntityFrameworkCore.Query.Internal.SingleQueryingEnumerable`1.AsyncEnumerator.InitializeReaderAsync(AsyncEnumerator enumerator, CancellationToken cancellationToken)
   at Microsoft.EntityFrameworkCore.Storage.ExecutionStrategy.<>c__DisplayClass30_0`2.<<ExecuteAsync>b__0>d.MoveNext()
--- End of stack trace from previous location ---
   at Microsoft.EntityFrameworkCore.Storage.ExecutionStrategy.ExecuteImplementationAsync[TState,TResult](Func`4 operation, Func`4 verifySucceeded, TState state, CancellationToken cancellationToken)
   at Microsoft.EntityFrameworkCore.Storage.ExecutionStrategy.ExecuteImplementationAsync[TState,TResult](Func`4 operation, Func`4 verifySucceeded, TState state, CancellationToken cancellationToken)
   at Microsoft.EntityFrameworkCore.Storage.ExecutionStrategy.ExecuteAsync[TState,TResult](TState state, Func`4 operation, Func`4 verifySucceeded, CancellationToken cancellationToken)
   at Microsoft.EntityFrameworkCore.Query.Internal.SingleQueryingEnumerable`1.AsyncEnumerator.MoveNextAsync()
ClientConnectionId:225c69fd-2971-437a-acc8-ccbf51b4d902
Error Number:207,State:1,Class:16
Microsoft.Data.SqlClient.SqlException (0x80131904): Invalid column name 'Description'.
Invalid column name 'IsPublished'.
   at System.Threading.Tasks.ContinuationResultTaskFromResultTask`2.InnerInvoke()
   at System.Threading.ExecutionContext.RunInternal(ExecutionContext executionContext, ContextCallback callback, Object state)
--- End of stack trace from previous location ---
   at System.Threading.ExecutionContext.RunInternal(ExecutionContext executionContext, ContextCallback callback, Object state)
   at System.Threading.Tasks.Task.ExecuteWithThreadLocal(Task& currentTaskSlot, Thread threadPoolThread)
--- End of stack trace from previous location ---
   at Microsoft.EntityFrameworkCore.Storage.RelationalCommand.ExecuteReaderAsync(RelationalCommandParameterObject parameterObject, CancellationToken cancellationToken)
   at Microsoft.EntityFrameworkCore.Storage.RelationalCommand.ExecuteReaderAsync(RelationalCommandParameterObject parameterObject, CancellationToken cancellationToken)
   at Microsoft.EntityFrameworkCore.Query.Internal.SingleQueryingEnumerable`1.AsyncEnumerator.InitializeReaderAsync(AsyncEnumerator enumerator, CancellationToken cancellationToken)
   at Microsoft.EntityFrameworkCore.Storage.ExecutionStrategy.<>c__DisplayClass30_0`2.<<ExecuteAsync>b__0>d.MoveNext()
--- End of stack trace from previous location ---
   at Microsoft.EntityFrameworkCore.Storage.ExecutionStrategy.ExecuteImplementationAsync[TState,TResult](Func`4 operation, Func`4 verifySucceeded, TState state, CancellationToken cancellationToken)
   at Microsoft.EntityFrameworkCore.Storage.ExecutionStrategy.ExecuteImplementationAsync[TState,TResult](Func`4 operation, Func`4 verifySucceeded, TState state, CancellationToken cancellationToken)
   at Microsoft.EntityFrameworkCore.Storage.ExecutionStrategy.ExecuteAsync[TState,TResult](TState state, Func`4 operation, Func`4 verifySucceeded, CancellationToken cancellationToken)
   at Microsoft.EntityFrameworkCore.Query.Internal.SingleQueryingEnumerable`1.AsyncEnumerator.MoveNextAsync()
ClientConnectionId:225c69fd-2971-437a-acc8-ccbf51b4d902
Error Number:207,State:1,Class:16
2026-08-04 14:55:44.020 +05:30 [INF] Executed action LmsPortal.API.Controllers.LearningController.GetLearningState (LmsPortal.API) in 123.5678ms
2026-08-04 14:55:44.020 +05:30 [INF] Executed endpoint 'LmsPortal.API.Controllers.LearningController.GetLearningState (LmsPortal.API)'
2026-08-04 14:55:44.020 +05:30 [ERR] HTTP GET /api/learning/state responded 500 in 123.9655 ms
Microsoft.Data.SqlClient.SqlException (0x80131904): Invalid column name 'Description'.
Invalid column name 'IsPublished'.
   at System.Threading.Tasks.ContinuationResultTaskFromResultTask`2.InnerInvoke()
   at System.Threading.ExecutionContext.RunInternal(ExecutionContext executionContext, ContextCallback callback, Object state)
--- End of stack trace from previous location ---
   at System.Threading.ExecutionContext.RunInternal(ExecutionContext executionContext, ContextCallback callback, Object state)
   at System.Threading.Tasks.Task.ExecuteWithThreadLocal(Task& currentTaskSlot, Thread threadPoolThread)
--- End of stack trace from previous location ---
   at Microsoft.EntityFrameworkCore.Storage.RelationalCommand.ExecuteReaderAsync(RelationalCommandParameterObject parameterObject, CancellationToken cancellationToken)
   at Microsoft.EntityFrameworkCore.Storage.RelationalCommand.ExecuteReaderAsync(RelationalCommandParameterObject parameterObject, CancellationToken cancellationToken)
   at Microsoft.EntityFrameworkCore.Query.Internal.SingleQueryingEnumerable`1.AsyncEnumerator.InitializeReaderAsync(AsyncEnumerator enumerator, CancellationToken cancellationToken)
   at Microsoft.EntityFrameworkCore.Storage.ExecutionStrategy.<>c__DisplayClass30_0`2.<<ExecuteAsync>b__0>d.MoveNext()
--- End of stack trace from previous location ---
   at Microsoft.EntityFrameworkCore.Storage.ExecutionStrategy.ExecuteImplementationAsync[TState,TResult](Func`4 operation, Func`4 verifySucceeded, TState state, CancellationToken cancellationToken)
   at Microsoft.EntityFrameworkCore.Storage.ExecutionStrategy.ExecuteImplementationAsync[TState,TResult](Func`4 operation, Func`4 verifySucceeded, TState state, CancellationToken cancellationToken)
   at Microsoft.EntityFrameworkCore.Storage.ExecutionStrategy.ExecuteAsync[TState,TResult](TState state, Func`4 operation, Func`4 verifySucceeded, CancellationToken cancellationToken)
   at Microsoft.EntityFrameworkCore.Query.Internal.SingleQueryingEnumerable`1.AsyncEnumerator.MoveNextAsync()
   at Microsoft.EntityFrameworkCore.Query.ShapedQueryCompilingExpressionVisitor.SingleOrDefaultAsync[TSource](IAsyncEnumerable`1 asyncEnumerable, CancellationToken cancellationToken)
   at Microsoft.EntityFrameworkCore.Query.ShapedQueryCompilingExpressionVisitor.SingleOrDefaultAsync[TSource](IAsyncEnumerable`1 asyncEnumerable, CancellationToken cancellationToken)
   at LmsPortal.API.Controllers.LearningController.GetLearningState() in C:\Users\kaustubh.bhatlawande\Desktop\LMS Portal - Copy\backend\LmsPortal.API\Controllers\LearningController.cs:line 51
   at Microsoft.AspNetCore.Mvc.Infrastructure.ActionMethodExecutor.TaskOfIActionResultExecutor.Execute(ActionContext actionContext, IActionResultTypeMapper mapper, ObjectMethodExecutor executor, Object controller, Object[] arguments)
   at Microsoft.AspNetCore.Mvc.Infrastructure.ControllerActionInvoker.<InvokeActionMethodAsync>g__Awaited|12_0(ControllerActionInvoker invoker, ValueTask`1 actionResultValueTask)
   at Microsoft.AspNetCore.Mvc.Infrastructure.ControllerActionInvoker.<InvokeNextActionFilterAsync>g__Awaited|10_0(ControllerActionInvoker invoker, Task lastTask, State next, Scope scope, Object state, Boolean isCompleted)
   at Microsoft.AspNetCore.Mvc.Infrastructure.ControllerActionInvoker.Rethrow(ActionExecutedContextSealed context)
   at Microsoft.AspNetCore.Mvc.Infrastructure.ControllerActionInvoker.Next(State& next, Scope& scope, Object& state, Boolean& isCompleted)
   at Microsoft.AspNetCore.Mvc.Infrastructure.ControllerActionInvoker.<InvokeInnerFilterAsync>g__Awaited|13_0(ControllerActionInvoker invoker, Task lastTask, State next, Scope scope, Object state, Boolean isCompleted)
   at Microsoft.AspNetCore.Mvc.Infrastructure.ResourceInvoker.<InvokeFilterPipelineAsync>g__Awaited|20_0(ResourceInvoker invoker, Task lastTask, State next, Scope scope, Object state, Boolean isCompleted)
   at Microsoft.AspNetCore.Mvc.Infrastructure.ResourceInvoker.<InvokeAsync>g__Logged|17_1(ResourceInvoker invoker)
   at Microsoft.AspNetCore.Mvc.Infrastructure.ResourceInvoker.<InvokeAsync>g__Logged|17_1(ResourceInvoker invoker)
   at Microsoft.AspNetCore.Routing.EndpointMiddleware.<Invoke>g__AwaitRequestTask|7_0(Endpoint endpoint, Task requestTask, ILogger logger)
   at Microsoft.AspNetCore.Authorization.AuthorizationMiddleware.Invoke(HttpContext context)
   at Microsoft.AspNetCore.Authentication.AuthenticationMiddleware.Invoke(HttpContext context)
   at Serilog.AspNetCore.RequestLoggingMiddleware.Invoke(HttpContext httpContext)
ClientConnectionId:225c69fd-2971-437a-acc8-ccbf51b4d902
Error Number:207,State:1,Class:16
2026-08-04 14:55:44.022 +05:30 [ERR] An unhandled exception has occurred while executing the request.
Microsoft.Data.SqlClient.SqlException (0x80131904): Invalid column name 'Description'.
Invalid column name 'IsPublished'.
   at System.Threading.Tasks.ContinuationResultTaskFromResultTask`2.InnerInvoke()
   at System.Threading.ExecutionContext.RunInternal(ExecutionContext executionContext, ContextCallback callback, Object state)
--- End of stack trace from previous location ---
   at System.Threading.ExecutionContext.RunInternal(ExecutionContext executionContext, ContextCallback callback, Object state)
   at System.Threading.Tasks.Task.ExecuteWithThreadLocal(Task& currentTaskSlot, Thread threadPoolThread)
--- End of stack trace from previous location ---
   at Microsoft.EntityFrameworkCore.Storage.RelationalCommand.ExecuteReaderAsync(RelationalCommandParameterObject parameterObject, CancellationToken cancellationToken)
   at Microsoft.EntityFrameworkCore.Storage.RelationalCommand.ExecuteReaderAsync(RelationalCommandParameterObject parameterObject, CancellationToken cancellationToken)
   at Microsoft.EntityFrameworkCore.Query.Internal.SingleQueryingEnumerable`1.AsyncEnumerator.InitializeReaderAsync(AsyncEnumerator enumerator, CancellationToken cancellationToken)
   at Microsoft.EntityFrameworkCore.Storage.ExecutionStrategy.<>c__DisplayClass30_0`2.<<ExecuteAsync>b__0>d.MoveNext()
--- End of stack trace from previous location ---
   at Microsoft.EntityFrameworkCore.Storage.ExecutionStrategy.ExecuteImplementationAsync[TState,TResult](Func`4 operation, Func`4 verifySucceeded, TState state, CancellationToken cancellationToken)
   at Microsoft.EntityFrameworkCore.Storage.ExecutionStrategy.ExecuteImplementationAsync[TState,TResult](Func`4 operation, Func`4 verifySucceeded, TState state, CancellationToken cancellationToken)
   at Microsoft.EntityFrameworkCore.Storage.ExecutionStrategy.ExecuteAsync[TState,TResult](TState state, Func`4 operation, Func`4 verifySucceeded, CancellationToken cancellationToken)
   at Microsoft.EntityFrameworkCore.Query.Internal.SingleQueryingEnumerable`1.AsyncEnumerator.MoveNextAsync()
   at Microsoft.EntityFrameworkCore.Query.ShapedQueryCompilingExpressionVisitor.SingleOrDefaultAsync[TSource](IAsyncEnumerable`1 asyncEnumerable, CancellationToken cancellationToken)
   at Microsoft.EntityFrameworkCore.Query.ShapedQueryCompilingExpressionVisitor.SingleOrDefaultAsync[TSource](IAsyncEnumerable`1 asyncEnumerable, CancellationToken cancellationToken)
   at LmsPortal.API.Controllers.LearningController.GetLearningState() in C:\Users\kaustubh.bhatlawande\Desktop\LMS Portal - Copy\backend\LmsPortal.API\Controllers\LearningController.cs:line 51
   at Microsoft.AspNetCore.Mvc.Infrastructure.ActionMethodExecutor.TaskOfIActionResultExecutor.Execute(ActionContext actionContext, IActionResultTypeMapper mapper, ObjectMethodExecutor executor, Object controller, Object[] arguments)
   at Microsoft.AspNetCore.Mvc.Infrastructure.ControllerActionInvoker.<InvokeActionMethodAsync>g__Awaited|12_0(ControllerActionInvoker invoker, ValueTask`1 actionResultValueTask)
   at Microsoft.AspNetCore.Mvc.Infrastructure.ControllerActionInvoker.<InvokeNextActionFilterAsync>g__Awaited|10_0(ControllerActionInvoker invoker, Task lastTask, State next, Scope scope, Object state, Boolean isCompleted)
   at Microsoft.AspNetCore.Mvc.Infrastructure.ControllerActionInvoker.Rethrow(ActionExecutedContextSealed context)
   at Microsoft.AspNetCore.Mvc.Infrastructure.ControllerActionInvoker.Next(State& next, Scope& scope, Object& state, Boolean& isCompleted)
   at Microsoft.AspNetCore.Mvc.Infrastructure.ControllerActionInvoker.<InvokeInnerFilterAsync>g__Awaited|13_0(ControllerActionInvoker invoker, Task lastTask, State next, Scope scope, Object state, Boolean isCompleted)
   at Microsoft.AspNetCore.Mvc.Infrastructure.ResourceInvoker.<InvokeFilterPipelineAsync>g__Awaited|20_0(ResourceInvoker invoker, Task lastTask, State next, Scope scope, Object state, Boolean isCompleted)
   at Microsoft.AspNetCore.Mvc.Infrastructure.ResourceInvoker.<InvokeAsync>g__Logged|17_1(ResourceInvoker invoker)
   at Microsoft.AspNetCore.Mvc.Infrastructure.ResourceInvoker.<InvokeAsync>g__Logged|17_1(ResourceInvoker invoker)
   at Microsoft.AspNetCore.Routing.EndpointMiddleware.<Invoke>g__AwaitRequestTask|7_0(Endpoint endpoint, Task requestTask, ILogger logger)
   at Microsoft.AspNetCore.Authorization.AuthorizationMiddleware.Invoke(HttpContext context)
   at Microsoft.AspNetCore.Authentication.AuthenticationMiddleware.Invoke(HttpContext context)
   at Serilog.AspNetCore.RequestLoggingMiddleware.Invoke(HttpContext httpContext)
   at Swashbuckle.AspNetCore.SwaggerUI.SwaggerUIMiddleware.Invoke(HttpContext httpContext)
   at Swashbuckle.AspNetCore.Swagger.SwaggerMiddleware.Invoke(HttpContext httpContext, ISwaggerProvider swaggerProvider)
   at Microsoft.AspNetCore.Diagnostics.DeveloperExceptionPageMiddlewareImpl.Invoke(HttpContext context)
ClientConnectionId:225c69fd-2971-437a-acc8-ccbf51b4d902
Error Number:207,State:1,Class:16
2026-08-04 14:55:44.025 +05:30 [INF] Request finished HTTP/1.1 GET http://localhost:5000/api/learning/state - 500 null text/plain; charset=utf-8 129.1344ms
